HomeID,VisID,Season,Week,Spread_Mirage,Spread_Pinnacle,Spread_Sportsbet,Spread_Westgate,Spread_Station,Spread_SIA,Spread_SBG,Spread_BetUS,target_margin,Conf,Spread_Med,Spread_Mode
2,23,2015,5,,-21.5,-21.0,-21.5,,-21.5,,,14,sec,-21.5,-21.5
2440,23,2015,11,,-1.5,-2.0,-1.0,-2.0,1.5,-2.0,-2.0,3,mwc,-2.0,-2.0
2,55,2015,2,,,-39.5,,-40.0,,,,7,sec,-39.75,-40.0
2,61,2015,11,1.0,0.0,1.0,0.0,-1.0,0.0,1.0,1.0,-7,sec,0.5,1.0
57,61,2015,9,0.0,-1.5,0.0,0.0,-1.5,-1.0,0.0,0.0,24,sec,0.0,0.0
59,61,2015,13,4.0,3.5,4.0,4.0,4.0,3.5,4.0,4.0,-6,acc,4.0,4.0
238,61,2015,2,,17.5,18.0,,19.0,18.0,,,-17,sec,18.0,18.0
2633,61,2015,6,2.5,2.5,2.5,2.5,3.0,2.5,2.5,2.5,7,sec,2.5,2.5
2,70,2015,12,,,-33.0,,,,,,22,sec,-33.0,-33.0
6,70,2015,10,-8.0,-8.0,-8.0,-7.5,-8.0,-8.0,-8.0,-8.0,7,sun-belt,-8.0,-8.0
2032,70,2015,5,,-21.5,-22.0,,-22.0,-22.0,,,14,sun-belt,-22.0,-22.0
2653,70,2015,7,-10.0,-10.0,-10.0,-9.5,,-10.0,-10.0,-10.0,-3,sun-belt,-10.0,-10.0
2,145,2015,9,9.0,8.5,8.5,8.5,8.5,,8.5,8.5,-8,sec,8.5,8.5
57,145,2015,5,7.0,7.0,7.5,7.0,7.0,7.0,7.0,7.0,28,sec,7.0,7.0
235,145,2015,7,10.0,10.0,10.5,10.0,10.5,10.0,10.5,10.5,13,american,10.25,10.0
2,333,2015,13,14.5,14.5,14.5,15.5,15.5,14.5,,,-16,sec,14.5,14.5
61,333,2015,5,-1.0,-1.5,0.0,-1.0,0.0,0.0,0.0,0.0,-28,sec,0.0,0.0
245,333,2015,7,4.5,5.0,5.0,5.0,4.5,5.0,5.0,5.5,-18,sec,5.0,5.0
344,333,2015,11,7.5,7.0,7.5,7.0,7.5,7.0,7.0,7.0,-25,sec,7.0,7.0
2,344,2015,4,,0.0,0.0,-1.0,-1.5,-1.5,0.0,0.0,-8,sec,0.0,0.0
142,344,2015,10,7.5,7.5,8.5,7.5,7.5,7.5,7.0,7.5,-18,sec,7.5,7.5
245,344,2015,5,-4.0,-4.0,-4.0,-4.0,-4.0,-4.0,-4.0,-4.0,13,sec,-4.0,-4.0
2572,344,2015,1,,21.0,20.5,,21.0,20.5,,,-18,cusa,20.75,20.5
6,309,2015,11,-1.0,-1.0,0.0,-1.0,-1.0,0.0,0.0,0.0,7,sun-belt,-0.5,-1.0
96,309,2015,1,-16.5,-17.0,-17.0,-17.0,-16.0,-16.5,,,7,sec,-16.75,-17.0
2026,309,2015,13,,-22.0,-22.5,,,-22.5,,,21,sun-belt,-22.5,-22.5
2247,309,2015,10,2.0,2.0,2.0,1.0,2.0,1.5,1.5,2.0,-2,sun-belt,2.0,2.0
2348,309,2015,5,,-14.0,-14.5,-14.0,-15.0,-14.0,,-14.5,29,cusa,-14.25,-14.0
6,2241,2015,1,,,-21.5,,,,,,10,sun-belt,-21.5,-21.5
8,2,2015,8,-7.0,-7.0,-7.0,-7.0,-7.0,-7.0,-7.0,-7.0,8,sec,-7.0,-7.0
96,2,2015,7,2.0,2.0,2.0,2.0,2.0,2.0,2.0,2.0,-3,sec,2.0,2.0
99,2,2015,3,-7.0,-6.0,-7.0,-6.5,-6.5,-6.0,-7.0,-6.5,24,sec,-6.5,-7.0
8,142,2015,13,-15.0,-15.5,-15.5,-14.5,-15.0,-15.0,-15.5,-15.5,25,sec,-15.25,-15.5
61,142,2015,7,-15.0,-14.5,-15.0,-15.5,-15.0,-15.5,,,3,sec,-15.0,-15.0
96,142,2015,4,-3.0,-3.0,-3.0,-3.0,-3.0,-3.0,-3.0,-3.0,8,sec,-3.0,-3.0
238,142,2015,8,1.0,1.5,1.5,0.0,1.0,0.0,1.5,1.5,7,sec,1.25,1.5
2032,142,2015,2,10.5,9.5,9.5,10.0,10.0,10.0,10.0,10.0,-7,sun-belt,10.0,10.0
8,245,2015,4,6.5,6.0,6.0,6.5,6.5,6.0,6.0,6.0,-7,sec,6.0,6.0
145,245,2015,8,-6.0,-6.0,-6.0,-5.5,-6.0,-6.0,-6.0,-6.0,20,sec,-6.0,-6.0
8,2630,2015,9,,,-37.0,,,,,,35,sec,-37.0,-37.0
145,2630,2015,1,,,-43.0,,,,,,73,sec,-43.0,-43.0
8,2638,2015,1,,,-31.5,,,,,,35,sec,-31.5,-31.5
249,2638,2015,13,-2.5,-2.5,-2.5,-3.0,-2.5,-3.0,-2.5,-3.0,-3,cusa,-2.5,-2.5
295,2638,2015,11,-8.0,-7.5,-7.5,-7.5,-7.5,-7.5,-7.5,-7.5,10,cusa,-7.5,-7.5
2229,2638,2015,6,-14.0,-13.5,-14.0,-14.0,-14.0,-13.5,-14.0,,40,cusa,-14.0,-14.0
2572,2638,2015,9,,-24.0,-23.5,-24.5,,-24.0,,,21,cusa,-24.0,-24.0
2641,2638,2015,2,,-20.5,-20.5,,-20.5,-21.0,,,49,big-12,-20.5,-20.5
8,2641,2015,3,-10.0,-9.5,-10.0,-9.5,-10.5,-10.0,-10.0,-12.5,-11,sec,-10.0,-10.0
201,2641,2015,8,-14.5,-14.5,-14.5,-15.0,-14.5,-14.5,-14.5,-14.5,36,big-12,-14.5,-14.5
239,2641,2015,5,-17.0,-17.0,-17.0,-16.5,-17.0,-17.0,,,28,big-12,-17.0,-17.0
277,2641,2015,10,-8.0,-9.0,-9.5,-10.0,-8.5,-9.0,-8.5,-9.5,5,big-12,-9.0,-9.5
2305,2641,2015,7,,,33.0,,,,,,-10,big-12,33.0,33.0
8,2649,2015,2,,-22.5,-22.5,,,-22.5,,,-4,sec,-22.5,-22.5
113,2649,2015,8,14.5,14.5,14.5,14.5,16.0,14.5,14.5,14.5,-16,mac,14.5,14.5
189,2649,2015,12,-7.5,-7.5,-8.0,-8.0,-7.5,-8.0,-8.0,-8.0,-16,mac,-8.0,-8.0
2050,2649,2015,5,5.0,5.5,5.5,6.0,5.5,5.0,5.5,,-14,mac,5.5,5.5
9,12,2015,12,-6.0,-6.0,-6.0,-5.5,-6.0,-6.5,-6.0,-6.0,15,pac-12,-6.0,-6.0
2440,12,2015,2,10.0,9.5,9.5,10.0,10.0,9.5,9.5,9.5,-24,mwc,9.5,9.5
9,167,2015,3,,-25.0,-25.0,,,-25.0,,,24,pac-12,-25.0,-25.0
23,167,2015,8,-7.5,-8.0,-8.0,-7.5,-7.5,-8.0,-8.0,-8.0,10,mwc,-8.0,-8.0
2440,167,2015,6,-4.0,-4.0,-4.0,-4.0,-5.0,-4.0,-4.0,-4.0,18,mwc,-4.0,-4.0
2751,167,2015,4,4.0,3.5,4.0,4.0,3.5,4.0,4.0,4.0,-10,mwc,4.0,4.0
9,264,2015,11,-3.0,-2.5,-2.5,-2.5,-2.5,-2.5,-2.5,-3.0,10,pac-12,-2.5,-2.5
30,264,2015,6,-17.0,-17.0,-17.0,-17.0,-17.0,-17.0,,-17.0,-5,pac-12,-17.0,-17.0
68,264,2015,1,-12.5,-12.0,-12.0,-12.0,-12.5,-12.5,-12.5,-12.0,3,mwc,-12.25,-12.5
204,264,2015,12,14.5,14.0,14.5,14.5,14.5,14.0,,,-45,pac-12,14.5,14.5
9,2483,2015,9,-2.5,-2.5,-2.5,-2.5,-2.0,-2.5,-2.5,-2.5,-6,pac-12,-2.5,-2.5
12,204,2015,6,-9.0,-8.0,-8.5,-8.5,-9.0,-8.5,-8.5,-8.5,37,pac-12,-8.5,-8.5
130,204,2015,2,-14.0,-13.5,-13.5,-13.5,-14.0,-14.0,-13.5,,28,big-ten,-13.5,-13.5
254,204,2015,9,,-25.5,-26.0,,,,,,15,pac-12,-25.75,-26.0
265,204,2015,7,-7.5,-7.5,-8.0,-8.0,-7.5,-7.5,-8.0,-7.5,21,pac-12,-7.5,-7.5
2483,204,2015,13,,,-34.5,,,,,,10,pac-12,-34.5,-34.5
12,265,2015,8,-6.5,-7.0,-7.0,-7.0,-6.0,-6.0,-6.5,-6.5,-3,pac-12,-6.5,-7.0
25,265,2015,5,,-17.0,-17.0,-17.0,-17.0,-16.5,,,6,pac-12,-17.0,-17.0
164,265,2015,2,-5.0,-5.0,-5.5,-5.5,-5.0,-5.5,-5.5,-5.0,-3,big-ten,-5.25,-5.5
264,265,2015,13,-7.5,-7.5,-7.5,-7.5,-7.5,-7.5,-7.5,-7.5,35,pac-12,-7.5,-7.5
2483,265,2015,6,-15.5,-15.5,-15.5,-16.0,-16.0,-15.5,,,-7,pac-12,-15.5,-15.5
12,2636,2015,1,,,-33.0,,,,,,10,pac-12,-33.0,-33.0
197,2636,2015,3,,-25.5,-25.5,,,,,,55,big-12,-25.5,-25.5
249,2636,2015,9,7.0,7.0,7.0,7.0,7.0,7.0,7.0,7.0,7,cusa,7.0,7.0
2429,2636,2015,11,3.0,3.0,3.0,3.0,,3.0,3.0,3.0,-3,cusa,3.0,3.0
2572,2636,2015,7,-8.0,-7.5,-7.5,-7.5,-8.0,-8.0,-7.5,-7.5,22,cusa,-7.5,-7.5
21,301,2015,1,,,-36.5,,,,,,34,mwc,-36.5,-36.5
21,328,2015,8,4.0,4.0,4.0,4.0,4.0,4.0,4.0,4.0,34,mwc,4.0,4.0
167,328,2015,10,,20.5,20.5,20.0,20.0,20.5,,,1,mwc,20.5,20.5
254,328,2015,2,-11.0,-11.5,-11.5,-11.0,-12.0,-12.0,-11.5,-11.5,10,pac-12,-11.5,-11.5
264,328,2015,3,-7.0,-7.0,-7.5,-7.0,-7.0,-6.5,-7.0,-7.0,14,pac-12,-7.0,-7.0
2005,328,2015,11,2.0,2.5,2.5,2.0,2.5,2.0,2.5,2.5,7,mwc,2.5,2.5
23,68,2015,13,8.0,8.0,8.5,8.0,7.5,8.0,8.0,8.0,-17,mwc,8.0,8.0
36,68,2015,6,15.0,14.5,15.5,15.5,15.5,15.5,,15.0,-31,mwc,15.5,15.5
258,68,2015,4,0.0,-1.0,0.0,0.0,0.0,0.0,0.0,0.0,-42,acc,0.0,0.0
328,68,2015,7,8.0,7.5,7.5,7.5,8.0,7.5,,7.5,26,mwc,7.5,7.5
2439,68,2015,9,,21.0,21.0,21.0,21.0,21.0,,,-28,mwc,21.0,21.0
23,160,2015,1,,,-7.0,,,,,,30,mwc,-7.0,-7.0
23,252,2015,10,12.5,11.5,12.0,12.0,13.0,12.5,11.5,11.5,-1,mwc,12.0,11.5
130,252,2015,4,-7.0,-7.0,-7.5,-7.0,-6.5,-7.0,-7.0,-7.0,31,big-ten,-7.0,-7.0
158,252,2015,1,-5.0,-5.0,-5.0,-5.0,-5.0,-5.0,-5.0,-5.0,-5,big-ten,-5.0,-5.0
328,252,2015,13,3.0,3.0,3.0,3.0,3.0,3.0,3.0,3.0,-23,mwc,3.0,3.0
24,26,2015,7,-6.5,-6.5,-7.0,-7.0,-6.5,-6.0,-6.5,-7.0,21,pac-12,-6.5,-6.5
30,26,2015,13,-2.5,-3.0,-3.0,-2.5,-2.5,-3.0,-3.0,-3.0,19,pac-12,-3.0,-3.0
204,26,2015,10,16.0,16.0,16.5,16.0,16.5,16.5,,,-41,pac-12,16.25,16.0
254,26,2015,12,,0.0,0.0,1.0,0.0,0.0,1.0,0.0,-8,pac-12,0.0,0.0
25,21,2015,2,-13.5,-12.5,-12.5,-13.0,-13.5,-13.0,-12.5,-12.5,28,pac-12,-12.75,-12.5
36,21,2015,9,3.0,3.0,3.0,3.0,3.0,3.0,3.0,3.0,-24,mwc,3.0,3.0
213,21,2015,4,-14.0,-14.0,-14.5,-14.0,,-14.5,,-14.0,16,big-ten,-14.0,-14.0
25,30,2015,9,4.5,4.5,4.5,4.5,4.5,4.5,4.5,4.5,-6,pac-12,4.5,4.5
38,30,2015,11,17.0,17.0,17.0,17.0,17.0,17.0,,,-3,pac-12,17.0,17.0
87,30,2015,7,-5.5,-6.0,-6.0,-6.0,-6.0,-6.0,-6.0,-6.0,10,independent,-6.0,-6.0
2483,30,2015,12,-3.5,-3.0,-3.5,-3.0,-3.5,-3.5,-3.5,-3.0,20,pac-12,-3.5,-3.5
25,2755,2015,1,,,-45.5,,,,,,59,pac-12,-45.5,-45.5
26,9,2015,5,-13.0,-12.5,-13.0,-13.0,-14.0,-13.0,-13.0,-13.0,-15,pac-12,-13.0,-13.0
245,9,2015,1,-3.0,-3.0,-3.0,-3.0,-3.0,-3.0,-3.0,-3.0,21,sec,-3.0,-3.0
265,9,2015,10,-2.5,-2.5,-2.5,-3.0,-2.5,-3.0,-2.5,-3.0,14,pac-12,-2.5,-2.5
26,25,2015,8,-3.5,-3.5,-3.5,-3.5,-3.5,-3.5,-3.5,-3.0,16,pac-12,-3.5,-3.5
251,25,2015,3,5.5,5.0,5.0,5.0,5.0,5.0,5.0,5.0,-1,big-12,5.0,5.0
264,25,2015,4,0.0,1.0,1.0,1.0,0.0,1.0,1.0,1.0,-6,pac-12,1.0,1.0
26,38,2015,9,,-23.5,-23.5,-23.5,,-23.5,,,4,pac-12,-23.5,-23.5
36,38,2015,3,3.0,3.0,3.0,3.0,3.0,3.0,3.0,3.0,-3,mwc,3.0,3.0
62,38,2015,1,7.0,7.0,8.0,7.0,7.0,8.0,7.0,7.0,8,mwc,7.0,7.0
254,38,2015,13,-16.5,-16.5,-16.5,-16.5,-16.5,-16.5,,,6,pac-12,-16.5,-16.5
26,258,2015,1,,-17.5,-17.5,-18.0,-17.5,-17.5,,,18,pac-12,-17.5,-17.5
97,258,2015,11,-14.0,-13.5,-13.5,-14.0,-13.5,-13.5,-13.5,-13.5,7,acc,-13.5,-13.5
153,258,2015,8,-17.0,-16.5,-16.5,-16.5,-17.0,-16.5,,,13,acc,-16.5,-16.5
221,258,2015,6,-8.5,-8.0,-8.0,-8.0,-8.5,-8.0,-8.0,-8.0,7,acc,-8.0,-8.0
2390,258,2015,10,-6.5,-7.0,-7.0,-6.5,-6.5,-6.0,-6.5,-7.0,6,acc,-6.5,-6.5
30,254,2015,8,-6.5,-6.5,-6.5,-6.5,-5.0,-5.5,-6.0,-6.5,18,pac-12,-6.5,-6.5
30,2032,2015,1,,-27.0,-27.0,,,,,,49,pac-12,-27.0,-27.0
166,2032,2015,13,17.5,17.5,17.5,17.5,,17.5,,,-24,sun-belt,17.5,17.5
2026,2032,2015,10,-12.0,-12.5,-12.5,-12.5,-12.0,-12.5,-12.5,-12.5,-13,sun-belt,-12.5,-12.5
2433,2032,2015,11,14.0,14.0,14.0,14.5,14.5,13.5,,14.0,-38,sun-belt,14.0,14.0
2649,2032,2015,4,-4.5,-4.0,-4.0,-4.0,-4.5,-4.5,-4.0,-4.0,30,mac,-4.0,-4.0
36,135,2015,2,4.0,3.5,4.0,3.5,3.5,3.5,3.5,3.5,-3,mwc,3.5,3.5
77,135,2015,5,-3.5,-4.5,-4.5,-3.5,-4.5,-4.5,-4.5,-4.5,27,big-ten,-4.5,-4.5
2509,135,2015,6,3.0,3.0,3.0,3.0,3.5,3.5,3.5,3.5,-28,big-ten,3.25,3.0
36,2005,2015,7,3.5,3.5,3.5,3.5,3.5,3.5,3.5,3.5,15,mwc,3.5,3.5
68,2005,2015,12,-11.0,-10.5,-10.5,-10.5,-10.5,-10.5,-11.0,-10.5,-7,mwc,-10.5,-10.5
127,2005,2015,3,,-24.5,-24.5,,,-24.5,,,14,big-ten,-24.5,-24.5
2426,2005,2015,5,-4.0,-4.5,-4.5,-4.0,-4.5,-4.0,-4.5,-4.5,22,american,-4.5,-4.5
36,2542,2015,1,,,-51.0,,,,,,52,mwc,-51.0,-51.0
2006,2542,2015,3,,,-44.5,,,,,,43,mac,-44.5,-44.5
38,24,2015,10,15.5,15.5,15.5,15.0,16.0,15.0,,,-32,pac-12,15.5,15.5
77,24,2015,1,10.0,10.0,10.0,10.0,10.0,10.0,10.0,10.0,10,big-ten,10.0,10.0
204,24,2015,4,,14.0,14.0,14.0,0.0,14.0,14.0,14.0,-18,pac-12,14.0,14.0
38,113,2015,2,-13.5,-11.5,-13.0,-13.0,-13.0,-13.5,-13.0,-13.0,34,pac-12,-13.0,-13.0
87,113,2015,4,,,-28.0,,,,,,35,independent,-28.0,-28.0
189,113,2015,6,-13.0,-11.5,-12.0,-12.0,-13.0,-12.0,-12.0,-11.5,24,mac,-12.0,-12.0
2050,113,2015,9,,1.5,0.0,1.0,0.0,0.0,0.0,0.0,10,mac,0.0,0.0
2084,113,2015,13,-7.0,-6.5,-7.0,-6.0,,-6.5,-6.5,-7.0,-5,mac,-6.5,-7.0
2199,113,2015,11,5.0,5.0,5.5,5.0,6.0,5.5,5.5,5.0,-11,mac,5.25,5.0
38,2447,2015,4,,,-54.5,,,,,,48,pac-12,-54.5,-54.5
2433,2447,2015,2,,,-39.5,,,,,,47,sun-belt,-39.5,-39.5
41,58,2015,7,0.0,0.0,0.0,-1.0,-1.0,-1.0,-1.0,0.0,-8,american,-0.5,-1.0
52,58,2015,2,,,-28.5,,,,,,20,acc,-28.5,-28.5
120,58,2015,3,-7.0,-6.0,-6.0,-6.0,-6.0,-6.0,-6.0,-6.0,18,big-ten,-6.0,-6.0
2426,58,2015,9,-6.5,-6.0,-6.0,-6.5,-6.0,-6.5,-6.0,-6.0,12,american,-6.0,-6.0
41,151,2015,9,6.0,5.0,5.5,5.5,6.0,4.0,5.5,,18,american,5.5,5.5
57,151,2015,2,,-20.5,-20.5,,-21.0,-20.0,,,7,sec,-20.5,-20.5
252,151,2015,6,-10.0,-10.0,-10.0,-9.5,-10.0,-10.0,-10.0,-10.0,7,independent,-10.0,-10.0
2116,151,2015,12,16.0,16.5,16.0,15.5,15.5,16.0,,16.0,-37,american,16.0,16.0
2426,151,2015,3,-5.5,-4.5,-4.5,-4.5,-5.5,-5.0,-4.5,-4.5,24,american,-4.5,-4.5
2567,151,2015,5,5.5,6.0,6.0,5.5,6.0,6.0,6.0,6.0,-26,american,6.0,6.0
41,222,2015,1,,,7.0,,,,,,5,american,7.0,7.0
41,248,2015,12,8.5,7.5,7.5,8.0,,9.0,8.0,7.5,3,american,8.0,7.5
97,248,2015,2,-13.5,-13.5,-13.5,-13.5,-13.5,-13.5,-13.5,-13.5,-3,acc,-13.5,-13.5
202,248,2015,5,9.0,8.5,9.0,9.5,9.0,9.0,9.0,9.0,-14,american,9.0,9.0
2116,248,2015,8,,21.0,20.5,20.0,,21.0,,,-49,american,20.75,21.0
2655,248,2015,7,,21.0,21.0,21.0,21.0,21.0,,,-35,american,21.0,21.0
41,349,2015,2,-7.0,-7.0,-7.5,-7.0,-6.5,-7.5,-7.0,-7.0,5,american,-7.0,-7.0
213,349,2015,5,,-25.0,-26.0,,,-26.0,,,6,big-ten,-26.0,-26.0
242,349,2015,8,-7.0,-7.0,-7.0,-7.0,-7.0,-7.0,-7.0,-7.0,7,cusa,-7.0,-7.0
2005,349,2015,10,-16.5,-16.0,-16.5,-16.5,-17.0,-16.5,,,17,mwc,-16.5,-16.5
2199,349,2015,4,1.5,2.0,2.0,2.0,1.5,2.0,1.0,2.0,-22,mac,2.0,2.0
2426,349,2015,15,,-21.0,-21.5,-22.0,-22.0,-21.0,,,4,american,-21.5,-22.0
41,2426,2015,4,7.0,7.0,7.5,7.0,7.5,7.5,7.0,7.0,-10,american,7.0,7.0
87,2426,2015,6,-14.0,-14.0,-14.0,-14.0,-14.0,-14.5,-14.0,-14.5,17,independent,-14.0,-14.0
248,2426,2015,13,1.0,3.0,1.5,1.5,2.0,1.5,1.5,1.0,21,american,1.5,1.5
52,97,2015,7,-6.0,-6.5,-7.0,-6.5,-6.5,-6.5,-6.5,-6.5,20,acc,-6.5,-6.5
96,97,2015,13,5.5,7.0,7.0,6.5,6.0,7.0,6.5,7.0,-14,sec,6.75,7.0
152,97,2015,5,-2.5,-2.5,-2.5,-3.0,-3.0,-3.0,-3.0,-3.0,-7,acc,-3.0,-3.0
154,97,2015,9,12.0,12.5,11.5,11.5,11.5,11.0,,12.0,-1,acc,11.5,11.5
221,97,2015,12,1.5,1.0,1.0,1.5,0.0,1.0,1.0,,11,acc,1.0,1.0
52,152,2015,11,-7.0,-7.0,-7.0,-7.0,-7.0,-7.0,-7.0,-7.0,17,acc,-7.0,-7.0
103,152,2015,10,4.0,4.0,4.0,4.0,4.5,4.5,4.0,4.0,-16,acc,4.0,4.0
154,152,2015,8,7.5,8.0,8.0,8.5,7.5,8.0,8.0,8.0,-18,acc,8.0,8.0
259,152,2015,6,-3.0,-2.5,-2.5,-2.5,-2.5,-2.5,-2.5,-3.0,15,acc,-2.5,-2.5
295,152,2015,3,,17.0,17.5,17.5,17.5,17.5,,,-24,cusa,17.5,17.5
52,183,2015,9,-16.0,-16.0,-16.0,-14.5,-16.0,-16.0,,,24,acc,-16.0,-16.0
58,183,2015,6,1.0,1.5,1.5,1.5,2.0,1.5,1.5,1.0,21,american,1.5,1.5
97,183,2015,10,-17.0,-17.0,-17.0,-17.0,-17.0,-17.0,-17.0,,24,acc,-17.0,-17.0
152,183,2015,12,-19.0,-18.5,-18.5,-19.0,,-18.5,,,13,acc,-18.5,-18.5
258,183,2015,7,-7.0,-7.0,-7.5,-7.0,-7.0,-7.0,-7.0,-7.0,6,acc,-7.0,-7.0
52,236,2015,12,,,-28.0,,,,,,39,acc,-28.0,-28.0
52,326,2015,1,,,,,,,,,43,acc,,
70,326,2015,13,-4.5,-4.5,-4.5,-4.5,-4.5,-4.5,-4.5,-4.5,7,sun-belt,-4.5,-4.5
290,326,2015,9,,-20.5,-20.5,-20.5,,-20.5,,,24,sun-belt,-20.5,-20.5
309,326,2015,6,-4.0,-4.0,-4.0,-4.5,-4.0,-4.0,-4.0,-4.0,22,sun-belt,-4.0,-4.0
2032,326,2015,14,,-24.5,-24.5,-25.0,,-24.5,,,38,sun-belt,-24.5,-24.5
57,166,2015,1,,,-34.0,,,,,,48,sec,-34.0,-34.0
145,166,2015,6,,,-46.0,,,,,,49,sec,-46.0,-46.0
290,166,2015,7,,,-31.0,,,,,,30,sun-belt,-31.0,-31.0
309,166,2015,12,-16.5,-14.5,-14.5,-14.5,-16.5,-16.0,,,-3,sun-belt,-15.25,-14.5
326,166,2015,10,-16.0,-16.5,-16.5,-16.5,-17.0,-17.0,,,-10,sun-belt,-16.5,-16.5
2433,166,2015,14,1.0,1.0,1.0,0.0,1.5,1.0,1.0,1.0,7,sun-belt,1.0,1.0
57,238,2015,10,,-21.0,-21.0,-21.0,,-21.0,,,2,sec,-21.0,-21.0
145,238,2015,4,,-27.0,-27.0,,,-27.0,,,11,sec,-27.0,-27.0
248,238,2015,9,-11.5,-11.0,-11.0,-10.5,-11.0,-11.0,-11.0,-11.0,34,american,-11.0,-11.0
2393,238,2015,5,-2.5,-2.0,-2.5,-2.0,,-2.0,-2.5,-2.0,-4,cusa,-2.0,-2.0
2579,238,2015,7,-1.5,-2.0,-1.5,-1.5,-1.5,-1.5,-1.5,-1.5,9,sec,-1.5,-1.5
2633,238,2015,13,-18.0,-18.5,-18.0,-18.0,,-18.0,,,25,sec,-18.0,-18.0
57,2226,2015,12,,,-28.5,,,,,,6,sec,-28.5,-28.5
98,2226,2015,10,,-25.5,-25.5,,,-25.5,,,16,cusa,-25.5,-25.5
202,2226,2015,1,-3.5,-4.0,-4.5,-4.5,-3.5,-4.5,-4.5,-4.5,3,american,-4.5,-4.5
295,2226,2015,13,4.0,4.0,4.0,4.0,4.0,4.0,4.0,4.0,-2,cusa,4.0,4.0
2429,2226,2015,4,10.0,9.5,10.0,10.0,,10.0,9.5,10.0,-10,cusa,10.0,10.0
2638,2226,2015,8,4.5,4.5,4.5,5.0,4.5,4.5,4.5,4.5,10,cusa,4.5,4.5
57,2633,2015,4,,1.0,1.0,1.5,,1.0,1.0,1.0,1,sec,1.0,1.0
96,2633,2015,9,10.5,10.5,11.0,10.5,10.5,11.0,10.0,11.0,-31,sec,10.5,10.5
333,2633,2015,8,-15.0,-14.5,-14.5,-15.0,-14.5,-14.5,,,5,sec,-14.5,-14.5
58,50,2015,1,,,-28.5,,,,,,48,american,-28.5,-28.5
58,235,2015,5,7.0,7.0,7.5,7.0,7.5,7.5,7.0,7.0,-7,american,7.0,7.0
189,235,2015,3,3.5,3.5,3.5,4.0,3.5,3.5,3.5,3.5,-3,mac,3.5,3.5
202,235,2015,8,9.5,9.5,9.5,9.5,9.5,9.5,9.5,9.5,-24,american,9.5,9.5
218,235,2015,12,4.0,3.5,3.5,3.5,3.5,3.5,3.5,3.5,19,american,3.5,3.5
2305,235,2015,2,12.5,12.0,11.5,12.5,13.0,11.5,11.5,11.5,-32,big-12,11.75,11.5
58,2132,2015,12,1.0,1.0,1.0,1.0,1.5,1.0,1.0,1.0,38,american,1.0,1.0
151,2132,2015,13,3.0,1.5,2.0,1.5,2.0,2.0,2.0,2.0,-3,american,2.0,2.0
193,2132,2015,3,,21.0,21.0,,21.0,21.0,,,-4,mac,21.0,21.0
235,2132,2015,4,-8.0,-7.5,-7.5,-8.0,-8.0,-7.5,-7.5,-7.5,7,american,-7.5,-7.5
248,2132,2015,10,-8.5,-7.5,-8.5,-8.5,-9.0,-8.5,-8.5,-8.0,3,american,-8.5,-8.5
252,2132,2015,7,-5.0,-4.5,-4.5,-4.0,-4.5,-4.5,-4.5,-4.5,14,independent,-4.5,-4.5
58,2567,2015,8,-12.0,-12.0,-12.0,-13.0,-13.0,-12.5,-12.0,-12.0,24,american,-12.0,-12.0
235,2567,2015,13,,-20.0,-20.0,-19.5,,-20.0,,,63,american,-20.0,-20.0
248,2567,2015,6,,-25.0,-25.0,,,,,,21,american,-25.0,-25.0
2426,2567,2015,11,,-20.0,-20.5,-20.0,,-20.0,,,41,american,-20.0,-20.0
59,52,2015,8,6.0,5.0,5.5,5.5,6.0,6.5,6.0,6.0,6,acc,6.0,6.0
103,52,2015,3,8.0,9.5,10.0,8.5,8.5,9.0,9.0,9.5,-14,acc,9.0,8.5
154,52,2015,5,,19.0,19.0,19.0,,18.5,,,-8,acc,19.0,19.0
228,52,2015,10,-12.5,-12.5,-12.5,-12.5,-11.0,-12.5,-12.5,-12.5,10,acc,-12.5,-12.5
59,153,2015,5,-6.5,-6.0,-7.0,-6.5,-6.0,-6.0,-6.5,-6.5,-7,acc,-6.5,-6.5
152,153,2015,13,3.5,3.5,3.5,3.5,4.0,3.5,3.5,3.5,-11,acc,3.5,3.5
221,153,2015,9,1.0,1.0,1.0,1.0,1.0,1.0,1.0,1.0,-7,acc,1.0,1.0
259,153,2015,12,4.0,3.5,4.0,4.5,4.5,4.5,4.0,4.0,-3,acc,4.0,4.0
2579,153,2015,1,1.0,1.5,1.5,1.5,2.0,1.5,1.5,1.5,4,sec,1.5,1.5
59,221,2015,7,-3.5,-3.0,-3.0,-3.0,-3.0,-3.0,-3.0,-3.0,-3,acc,-3.0,-3.0
150,221,2015,11,2.5,2.5,2.0,2.5,1.5,1.5,2.5,,-18,acc,2.5,2.5
183,221,2015,8,8.0,9.5,8.5,8.0,8.0,8.5,9.0,9.0,-3,acc,8.5,8.0
259,221,2015,5,-3.5,-3.5,-3.5,-3.5,-3.5,,-3.5,-3.5,-4,acc,-3.5,-3.5
2006,221,2015,2,12.5,11.5,12.0,12.5,12.5,12.5,12.0,11.5,-17,mac,12.25,12.5
59,259,2015,11,-2.0,-1.5,-1.5,-1.5,-2.0,-1.5,-1.5,-1.5,-2,acc,-1.5,-1.5
103,259,2015,9,3.5,3.5,3.5,3.0,3.0,3.5,3.5,3.5,-16,acc,3.5,3.5
151,259,2015,4,10.0,10.0,10.0,10.0,10.0,10.0,10.0,10.0,7,american,10.0,10.0
258,259,2015,13,3.5,3.5,3.5,3.5,3.0,3.5,3.5,3.0,-3,acc,3.5,3.5
2390,259,2015,7,-3.0,-3.0,-3.0,-3.0,-3.0,-3.0,-3.0,-3.0,10,acc,-3.0,-3.0
2509,259,2015,3,5.5,5.5,5.5,6.0,5.0,5.5,5.5,5.5,-27,big-ten,5.5,5.5
59,2016,2015,1,,,-41.0,,,,,,63,acc,-41.0,-41.0
59,2655,2015,2,,,-32.5,,,,,,55,acc,-32.5,-32.5
218,2655,2015,6,-14.5,-14.5,-14.5,-14.5,-14.5,-14.5,-14.5,-14.5,39,american,-14.5,-14.5
235,2655,2015,9,,,-30.0,,,,,,28,american,-30.0,-30.0
349,2655,2015,11,-3.0,-3.0,-3.0,-3.0,-3.0,,-3.0,-3.0,-3,independent,-3.0,-3.0
2426,2655,2015,8,,-25.5,-25.5,-25.0,,-24.5,,,17,american,-25.25,-25.5
61,96,2015,10,-16.5,-17.0,-17.0,-17.0,-17.0,-17.0,,,24,sec,-17.0,-17.0
238,96,2015,11,-3.0,-3.0,-3.5,-3.0,-3.0,-3.0,-3.5,-3.0,4,sec,-3.0,-3.0
344,96,2015,8,-13.0,-13.0,-13.5,-13.0,-12.5,-13.5,-13.0,-13.0,26,sec,-13.0,-13.0
2579,96,2015,2,-7.0,-7.0,-7.5,-7.0,-7.0,-7.0,-7.0,-7.0,-4,sec,-7.0,-7.0
61,2433,2015,1,,,,,,,,,37,sec,,
70,2433,2015,8,-1.0,-1.5,-1.5,-1.5,-2.0,-1.5,-1.0,-1.5,14,sun-belt,-1.5,-1.5
202,2433,2015,6,-9.5,-10.0,-10.0,-10.0,-10.0,-10.0,-10.0,-10.0,10,american,-10.0,-10.0
309,2433,2015,9,-10.0,-10.0,-10.0,-10.0,-10.0,-10.0,-10.0,-10.0,6,sun-belt,-10.0,-10.0
326,2433,2015,12,-6.0,-6.5,-6.0,-6.0,-6.0,-6.0,-6.0,-6.0,13,sun-belt,-6.0,-6.0
333,2433,2015,4,,,-37.0,,,,,,34,sec,-37.0,-37.0
2653,2433,2015,10,-9.5,-9.5,-9.5,-9.0,-9.0,-9.0,-9.0,-9.0,37,sun-belt,-9.0,-9.0
61,2579,2015,3,-15.5,-16.0,-15.0,-15.5,-16.0,-15.5,,,32,sec,-15.5,-15.5
99,2579,2015,6,,-20.5,-20.5,-20.5,,-20.5,,,21,sec,-20.5,-20.5
142,2579,2015,5,-3.0,-3.0,-3.0,-2.5,-3.0,-2.5,-2.5,-3.0,14,sec,-3.0,-3.0
245,2579,2015,9,-15.0,-13.5,-14.0,-14.5,-14.5,-14.5,,-14.0,7,sec,-14.5,-14.5
2633,2579,2015,10,-17.0,-17.0,-17.0,-17.0,-17.0,-17.0,,,3,sec,-17.0,-17.0
61,2582,2015,4,,,-49.0,,,,,,42,sec,-49.0,-49.0
2348,2582,2015,1,,,-39.0,,,,,,47,cusa,-39.0,-39.0
66,197,2015,11,13.0,11.5,12.0,11.5,12.5,12.5,12.0,12.0,-4,big-12,12.0,12.0
251,197,2015,4,3.0,2.5,2.5,2.5,3.0,2.5,3.0,3.0,-3,big-12,2.75,2.5
277,197,2015,6,-5.5,-5.0,-5.0,-5.0,-5.5,-5.0,-5.0,-5.0,-7,big-12,-5.0,-5.0
2117,197,2015,1,,21.0,21.0,,,21.0,,,-11,mac,21.0,21.0
2641,197,2015,9,,2.0,2.5,2.5,2.0,2.5,2.5,2.0,-17,big-12,2.5,2.5
66,251,2015,9,4.0,3.5,3.5,3.5,3.5,4.0,3.5,3.5,24,big-12,3.5,3.5
87,251,2015,1,-8.5,-8.5,-9.0,-9.0,-9.5,-9.5,-9.0,-8.5,35,independent,-9.0,-9.0
239,251,2015,14,,-20.5,-21.0,-21.0,-21.5,-21.0,,,-6,big-12,-21.0,-21.0
277,251,2015,11,-9.5,-10.0,-9.0,-9.0,-9.0,-9.0,-9.0,-9.0,18,big-12,-9.0,-9.0
2628,251,2015,5,-14.0,-14.0,-14.5,-14.5,-14.5,-14.0,,-14.0,43,big-12,-14.0,-14.0
66,2294,2015,2,3.0,3.5,3.0,3.0,3.0,3.0,3.0,3.0,-14,big-12,3.0,3.0
77,2294,2015,7,1.5,2.0,2.0,1.5,1.5,2.0,1.5,2.0,-30,big-ten,1.75,1.5
84,2294,2015,10,6.0,7.0,7.0,7.0,7.0,7.0,6.0,7.0,-8,big-ten,7.0,7.0
158,2294,2015,13,2.5,2.5,2.5,2.0,2.5,3.0,2.5,,-8,big-ten,2.5,2.5
275,2294,2015,5,-5.5,-5.0,-5.0,-6.0,-5.5,-6.0,-5.0,-5.0,-4,big-ten,-5.25,-5.0
66,2305,2015,5,-20.0,-20.0,-20.0,-18.5,-18.5,-20.0,,,25,big-12,-20.0,-20.0
164,2305,2015,4,-14.0,-13.5,-13.5,-13.0,-13.5,-13.5,-13.5,-13.5,13,big-ten,-13.5,-13.5
197,2305,2015,8,,,-33.0,,,,,,48,big-12,-33.0,-33.0
2628,2305,2015,11,,,-47.0,,,,,,6,big-12,-47.0,-47.0
66,2460,2015,1,,,-14.5,,,,,-14.5,24,big-12,-14.5,-14.5
66,2628,2015,7,,20.5,20.5,21.0,21.0,21.0,,,-24,big-12,21.0,21.0
135,2628,2015,1,16.5,16.5,16.0,16.0,17.0,15.5,,,-6,big-ten,16.25,16.0
197,2628,2015,10,6.5,6.5,6.5,6.5,5.5,6.0,6.5,6.5,20,big-12,6.5,6.5
2306,2628,2015,6,9.5,8.5,9.0,9.0,10.0,9.5,9.0,9.0,-7,big-12,9.0,9.0
2641,2628,2015,4,5.5,5.0,5.0,5.0,5.5,5.0,5.0,5.0,-3,big-12,5.0,5.0
68,304,2015,3,,,-28.0,,,,,,52,mwc,-28.0,-28.0
70,195,2015,1,6.5,6.5,7.0,6.5,6.5,7.0,6.5,7.0,-17,sun-belt,6.5,6.5
135,195,2015,4,-8.5,-7.5,-7.5,-8.0,-8.0,-7.5,-7.5,-7.5,3,big-ten,-7.5,-7.5
189,195,2015,10,,-20.5,-21.0,-21.0,-21.0,-21.0,,,38,mac,-21.0,-21.0
2006,195,2015,5,2.5,2.5,2.5,2.5,,2.5,2.5,2.5,-2,mac,2.5,2.5
2084,195,2015,8,3.0,3.0,3.0,3.0,3.0,3.0,3.0,3.0,24,mac,3.0,3.0
70,2026,2015,11,,20.5,20.5,20.0,,20.0,,,-27,sun-belt,20.25,20.0
228,2026,2015,2,,-18.5,-18.5,-18.5,-19.5,-20.0,,,31,acc,-18.5,-18.5
295,2026,2015,4,7.5,7.5,7.5,8.0,7.5,7.5,7.5,7.5,-49,cusa,7.5,7.5
2247,2026,2015,6,14.0,14.5,14.5,14.5,14.5,14.5,14.5,14.5,-34,sun-belt,14.5,14.5
2433,2026,2015,7,14.0,14.0,14.5,14.0,14.0,14.5,14.0,14.0,-45,sun-belt,14.0,14.0
70,2747,2015,3,,,0.0,,,,,0.0,3,sun-belt,0.0,0.0
228,2747,2015,1,,,-35.5,,,,,,39,acc,-35.5,-35.5
77,213,2015,10,2.5,2.5,3.0,2.5,2.0,2.0,2.5,3.0,2,big-ten,2.5,2.5
120,213,2015,8,6.0,6.0,6.0,6.0,6.0,6.0,6.0,6.0,-1,big-ten,6.0,6.0
127,213,2015,13,-7.5,-7.5,-8.0,-7.5,-8.5,-7.5,-8.0,-7.5,39,big-ten,-7.5,-7.5
218,213,2015,1,6.0,6.0,7.0,6.0,6.5,6.5,6.0,6.0,17,american,6.0,6.0
77,2197,2015,2,,,-24.0,,-24.0,,,,41,big-ten,-24.0,-24.0
77,2509,2015,11,-14.5,-14.0,-14.0,-14.0,-14.5,-14.0,,-14.0,7,big-ten,-14.0,-14.0
127,2509,2015,5,,-23.0,-23.0,,,-23.0,,,3,big-ten,-23.0,-23.0
275,2509,2015,7,,-21.5,-22.5,,,,,,17,big-ten,-22.0,-22.5
276,2509,2015,1,-7.0,-7.0,-7.5,-6.5,-7.0,-7.0,-7.0,-7.0,10,cusa,-7.0,-7.0
2294,2509,2015,12,,-23.0,-23.0,-23.5,,-23.5,,,20,big-ten,-23.25,-23.5
84,79,2015,1,,,-20.5,,,,,,1,big-ten,-20.5,-20.5
84,98,2015,3,,-2.5,-2.5,-2.5,-3.0,-2.5,-2.5,-2.5,3,big-ten,-2.5,-2.5
99,98,2015,8,-15.5,-16.0,-15.5,-15.5,-15.5,-15.5,,,28,sec,-15.5,-15.5
238,98,2015,1,2.5,2.5,1.5,2.0,2.5,2.0,2.0,2.0,-2,sec,2.0,2.0
242,98,2015,5,7.0,7.0,7.0,7.0,6.5,7.0,7.0,7.0,-39,cusa,7.0,7.0
249,98,2015,7,,,34.5,,,,,,-27,cusa,34.5,34.5
295,98,2015,9,,25.5,25.0,,,25.0,,,-25,cusa,25.0,25.0
2229,98,2015,12,19.0,20.0,20.0,20.0,19.5,20.0,,,-56,cusa,20.0,20.0
84,130,2015,11,12.5,12.5,12.5,13.0,13.0,13.0,12.5,12.5,-7,big-ten,12.5,12.5
120,130,2015,5,13.5,14.0,14.0,14.0,,14.0,,14.0,-28,big-ten,14.0,14.0
135,130,2015,9,11.5,10.5,11.0,11.0,12.5,12.0,11.0,11.0,-3,big-ten,11.0,11.0
213,130,2015,12,3.5,3.5,3.5,3.5,3.5,3.5,3.5,3.5,-12,big-ten,3.5,3.5
254,130,2015,1,-5.5,-5.0,-5.0,-5.0,-5.5,,-5.0,-5.0,7,pac-12,-5.0,-5.0
84,164,2015,7,-6.5,-6.5,-7.0,-6.0,-6.5,-6.5,-6.5,-7.0,-3,big-ten,-6.5,-6.5
130,164,2015,10,,-24.5,-24.5,,,-24.0,,,33,big-ten,-24.5,-24.5
275,164,2015,9,,-19.5,-18.5,-19.0,,-18.5,,,38,big-ten,-18.75,-18.5
349,164,2015,12,3.5,3.0,3.5,3.5,3.5,3.5,3.5,3.5,-10,independent,3.5,3.5
84,194,2015,5,,21.5,21.5,,21.5,22.0,,,-7,big-ten,21.5,21.5
130,194,2015,13,,1.0,1.5,1.0,2.5,1.5,1.5,1.0,-29,big-ten,1.5,1.0
356,194,2015,11,18.5,17.5,17.5,17.5,17.5,17.5,,,-25,big-ten,17.5,17.5
87,59,2015,3,1.0,-1.0,-1.0,0.0,2.0,1.5,-1.0,-1.0,8,independent,-0.5,-1.0
150,59,2015,4,7.5,7.5,7.5,7.5,7.5,7.5,7.5,7.0,14,acc,7.5,7.5
228,59,2015,6,-7.0,-7.5,-7.5,-7.0,-7.5,-7.5,-7.5,-7.5,19,acc,-7.5,-7.5
258,59,2015,9,4.5,4.0,4.5,4.5,4.5,4.5,4.5,4.5,6,acc,4.5,4.5
2390,59,2015,12,2.5,2.5,2.5,3.0,2.5,2.0,2.5,3.0,17,acc,2.5,2.5
87,154,2015,11,,-25.0,-25.5,,,,,,21,independent,-25.25,-25.5
103,154,2015,6,-9.5,-9.5,-9.5,-9.5,-9.5,-9.5,-9.5,-9.5,-3,acc,-9.5,-9.5
153,154,2015,7,-17.0,-17.0,-17.0,-17.0,-17.0,-17.0,,,36,acc,-17.0,-17.0
183,154,2015,2,-3.5,-4.0,-4.0,-4.0,-4.0,-4.0,-4.0,-4.0,13,acc,-4.0,-4.0
228,154,2015,12,,,-28.5,,,,,,20,acc,-28.5,-28.5
349,154,2015,3,6.5,7.0,7.0,7.0,6.5,7.0,7.0,7.0,-3,independent,7.0,7.0
96,57,2015,3,3.5,3.5,3.5,3.5,3.5,3.5,3.5,3.5,-5,sec,3.5,3.5
99,57,2015,7,-6.5,-6.0,-6.0,-6.5,-6.5,-6.5,-6.0,-6.5,7,sec,-6.5,-6.5
142,57,2015,6,6.0,6.5,7.0,6.5,6.0,7.0,6.5,6.5,-18,sec,6.5,6.5
333,57,2015,14,-16.5,-16.5,-17.0,-17.0,-17.0,-17.0,,,14,sec,-17.0,-17.0
2579,57,2015,11,7.0,7.0,7.0,7.5,7.5,7.0,7.0,7.0,-10,sec,7.0,7.0
96,2198,2015,5,,,-27.5,,,,,,7,sec,-27.5,-27.5
152,2198,2015,2,,,-24.0,,0.0,,,,35,acc,-12.0,-24.0
97,103,2015,8,-7.5,-7.0,-7.5,-7.5,-7.5,-7.5,-7.0,-7.5,3,acc,-7.5,-7.5
150,103,2015,5,-4.5,-4.5,-4.5,-5.0,-5.0,-4.5,-4.5,-4.5,2,acc,-4.5,-4.5
183,103,2015,13,2.5,2.5,2.5,1.0,2.0,1.0,2.5,3.0,3,acc,2.5,2.5
228,103,2015,7,-17.5,-18.0,-17.5,-18.0,,-17.5,,,17,acc,-17.5,-17.5
97,228,2015,3,5.5,5.0,5.0,5.0,5.5,5.0,5.0,5.0,-3,acc,5.0,5.0
152,228,2015,9,13.5,13.5,13.0,12.5,13.0,13.5,13.5,13.0,-15,acc,13.25,13.5
183,228,2015,11,,,30.0,,,,,,-10,acc,30.0,30.0
2390,228,2015,8,8.0,9.5,7.5,7.0,7.5,7.5,7.5,8.0,-58,acc,7.5,7.5
2579,228,2015,13,,20.5,20.5,20.0,20.5,20.5,,,-5,sec,20.5,20.5
97,2535,2015,4,,,-29.0,,,,,,42,acc,-29.0,-29.0
98,193,2015,4,,-20.0,-20.0,-20.0,-20.5,-20.0,,,42,cusa,-20.0,-20.0
113,193,2015,12,-7.5,-7.0,-7.5,-7.0,-7.5,-7.5,-7.5,-7.0,-7,mac,-7.5,-7.5
195,193,2015,6,-15.0,-15.5,-15.5,-15.5,-15.5,-15.5,,,31,mac,-15.5,-15.5
275,193,2015,2,,,-31.0,,,,,,58,big-ten,-31.0,-31.0
2309,193,2015,5,-10.0,-10.5,-10.5,-10.0,-10.0,-10.0,-10.5,-10.5,6,mac,-10.25,-10.5
2711,193,2015,8,,,-24.5,,,-24.5,,,22,mac,-24.5,-24.5
98,276,2015,13,-12.0,-12.5,-12.5,-12.5,-12.0,-12.5,,-12.5,21,cusa,-12.5,-12.5
195,276,2015,2,3.0,3.0,3.0,3.0,3.0,3.0,3.0,3.0,11,mac,3.0,3.0
2226,276,2015,7,3.0,3.0,3.5,3.5,3.5,3.5,3.5,3.0,-16,cusa,3.5,3.5
2309,276,2015,4,7.0,6.5,7.0,6.0,6.5,7.0,6.5,7.0,-7,mac,6.75,7.0
2393,276,2015,10,-2.5,-2.5,-2.5,-2.0,-2.5,-1.5,-2.0,-2.5,3,cusa,-2.5,-2.5
2429,276,2015,9,,17.0,17.5,17.0,,17.5,,,-24,cusa,17.25,17.0
98,2348,2015,2,3.0,2.5,2.5,2.5,2.5,2.5,2.5,2.5,3,cusa,2.5,2.5
242,2348,2015,9,10.5,11.0,10.5,,11.0,10.5,10.5,11.0,-25,cusa,10.5,10.5
344,2348,2015,7,-12.0,-11.0,-11.0,-11.0,-11.0,-11.0,-11.0,-11.5,25,sec,-11.0,-11.0
2306,2348,2015,3,-10.0,-10.0,-10.0,-10.0,-10.5,-10.0,-10.0,-10.0,6,big-12,-10.0,-10.0
2636,2348,2015,6,13.0,13.0,13.5,13.0,,13.5,13.5,13.0,-3,cusa,13.0,13.0
2638,2348,2015,12,,25.0,25.0,,,25.0,,,-2,cusa,25.0,25.0
98,2393,2015,6,-7.0,-7.0,-7.5,-7.0,-7.5,-7.0,-7.0,-7.0,30,cusa,-7.0,-7.0
333,2393,2015,2,,,-34.5,,,,,,27,sec,-34.5,-34.5
356,2393,2015,4,-3.5,-3.0,-3.5,-3.5,-3.5,-3.5,-3.5,-3.0,2,big-ten,-3.5,-3.5
2226,2393,2015,11,5.5,5.0,5.5,5.5,5.5,5.5,5.5,5.0,-7,cusa,5.5,5.5
2348,2393,2015,8,-7.0,-7.0,-7.0,-7.0,,-7.0,-7.0,-7.0,29,cusa,-7.0,-7.0
2636,2393,2015,13,12.0,12.0,12.0,12.0,12.0,12.0,12.0,12.0,-35,cusa,12.0,12.0
98,2572,2015,14,-7.5,-7.0,-7.5,-7.0,-7.5,-7.0,-7.5,-7.0,17,cusa,-7.25,-7.5
158,2572,2015,4,,-20.5,-21.0,-20.5,,-20.5,,,8,big-ten,-20.5,-20.5
242,2572,2015,11,7.0,7.5,7.5,7.5,8.0,7.5,7.5,7.5,-55,cusa,7.5,7.5
276,2572,2015,6,-3.5,-3.0,-3.0,-3.0,-3.5,-3.0,-3.0,-3.0,21,cusa,-3.0,-3.0
326,2572,2015,3,-1.5,-1.5,-1.5,-1.5,-2.5,-1.5,-1.5,-1.5,-6,sun-belt,-1.5,-1.5
2348,2572,2015,13,-5.0,-5.0,-5.0,-4.5,-4.5,-5.0,-4.5,-5.0,-34,cusa,-5.0,-5.0
2429,2572,2015,8,15.0,14.5,14.5,15.0,,15.0,,,-34,cusa,15.0,15.0
99,2199,2015,5,,,-44.5,,,,,,22,sec,-44.5,-44.5
193,2199,2015,10,-4.5,-4.0,-4.5,-4.5,-4.5,-4.5,-4.5,-4.0,15,mac,-4.5,-4.5
2117,2199,2015,13,,-23.5,-24.0,,,-23.5,,,7,mac,-23.5,-23.5
2459,2199,2015,8,,,-28.0,,,,,,28,mac,-28.0,-28.0
2649,2199,2015,7,,,-28.0,,,,,,43,mac,-28.0,-28.0
2751,2199,2015,2,-12.0,-11.0,-11.0,-12.0,,-12.0,-11.0,-11.0,-19,mwc,-11.0,-11.0
103,47,2015,2,,,,,,,,,76,acc,,
2026,47,2015,1,,,-37.0,,,,,,49,sun-belt,-37.0,-37.0
103,311,2015,1,,,-26.5,,,,,,21,acc,-26.5,-26.5
103,2459,2015,4,-3.5,-3.0,-3.5,-3.5,-3.5,-3.5,-3.5,-3.0,3,acc,-3.5,-3.5
193,2459,2015,7,17.5,17.5,18.0,18.0,18.0,18.0,,18.0,-33,mac,18.0,18.0
194,2459,2015,3,,,-34.5,,,,,,7,big-ten,-34.5,-34.5
2084,2459,2015,11,7.0,7.0,7.0,7.0,7.0,7.0,7.0,7.0,-11,mac,7.0,7.0
2117,2459,2015,5,1.5,1.0,1.5,1.0,2.0,1.5,1.5,1.5,10,mac,1.5,1.5
113,218,2015,3,13.5,13.5,13.5,13.0,13.0,13.5,13.5,13.0,-2,mac,13.5,13.5
151,218,2015,8,-3.0,-3.0,-3.0,-2.5,-2.5,-3.0,-3.0,-3.0,-10,american,-3.0,-3.0
248,218,2015,14,-5.5,-5.5,-5.5,-5.0,-6.0,-6.0,-5.5,-5.5,11,american,-5.5,-5.5
2429,218,2015,5,,20.0,20.0,,,20.5,,,-34,cusa,20.0,20.0
2567,218,2015,10,12.5,13.0,13.5,12.0,13.5,13.5,13.5,13.0,-20,american,13.25,13.5
113,2006,2015,10,-1.5,-1.0,-1.0,-1.5,-2.0,-2.0,-1.5,-1.5,-4,mac,-1.5,-1.5
189,2006,2015,7,-12.5,-12.5,-13.0,-12.5,-12.5,-12.5,-12.5,-12.5,49,mac,-12.5,-12.5
193,2006,2015,11,7.0,6.5,6.0,6.5,6.5,6.0,6.0,6.5,-9,mac,6.5,6.5
201,2006,2015,1,,,-31.0,,,,,,38,big-12,-31.0,-31.0
309,2006,2015,4,-8.0,-7.5,-7.5,-7.5,-8.0,-7.5,-7.5,-7.5,-21,sun-belt,-7.5,-7.5
2199,2006,2015,6,8.5,8.5,8.5,8.5,8.5,8.5,8.5,8.5,-26,mac,8.5,8.5
113,2229,2015,5,-2.5,-2.5,-2.5,-2.5,-2.5,-2.5,-2.5,-2.5,10,mac,-2.5,-2.5
276,2229,2015,11,-10.0,-10.5,-10.0,-9.5,-9.5,-8.5,-9.0,-10.0,52,cusa,-9.75,-10.0
2116,2229,2015,1,-11.5,-10.5,-11.5,-11.0,-12.0,-11.5,-11.5,-11.0,-1,american,-11.5,-11.5
2226,2229,2015,9,2.5,2.0,2.5,2.5,2.0,2.5,2.5,2.5,14,cusa,2.5,2.5
2348,2229,2015,4,-14.0,-14.0,-14.0,-14.0,-14.0,-14.0,-14.0,-14.0,10,cusa,-14.0,-14.0
2393,2229,2015,7,-10.5,-10.5,-10.5,-10.5,-10.5,-10.5,-10.5,-10.5,8,cusa,-10.5,-10.5
113,2309,2015,7,-7.0,-7.0,-7.0,-7.0,-7.0,-7.0,-7.0,-7.0,-5,mac,-7.0,-7.0
135,2309,2015,3,,-24.0,-24.0,,,-23.5,,,3,big-ten,-24.0,-24.0
356,2309,2015,1,-13.0,-13.0,-12.5,,-13.5,-13.0,-13.0,-12.5,49,big-ten,-13.0,-13.0
2006,2309,2015,13,-10.0,-10.5,-10.5,-10.5,-10.5,-10.5,-10.5,-10.0,20,mac,-10.5,-10.5
2649,2309,2015,6,-15.5,-16.5,-16.5,-16.5,,-16.5,-16.5,-16.5,31,mac,-16.5,-16.5
120,84,2015,12,-1.0,1.5,1.5,-1.0,1.0,1.5,1.5,1.5,-19,big-ten,1.5,1.5
127,84,2015,8,-14.5,-14.5,-14.5,-14.5,-14.5,-15.0,,-14.5,26,big-ten,-14.5,-14.5
154,84,2015,4,3.5,3.5,4.0,3.5,4.0,3.5,3.5,3.0,-7,acc,3.5,3.5
213,84,2015,6,-4.5,-5.0,-4.5,-4.5,-4.0,-4.0,-4.0,-4.5,22,big-ten,-4.5,-4.5
2509,84,2015,13,10.0,7.5,10.0,9.5,9.0,10.0,9.5,9.5,-18,big-ten,9.5,9.5
120,189,2015,2,-7.5,-7.0,-7.5,-7.0,-7.5,-7.0,-7.5,-7.0,-21,big-ten,-7.25,-7.5
2084,189,2015,5,7.5,7.0,7.5,7.0,7.5,7.5,,7.0,-6,mac,7.5,7.5
2309,189,2015,8,13.0,13.0,13.0,13.0,14.0,13.5,13.0,13.0,-48,mac,13.0,13.0
2509,189,2015,4,4.5,4.5,4.5,4.5,4.5,4.5,4.5,4.5,-7,big-ten,4.5,4.5
2633,189,2015,1,,-21.5,-22.0,,,-22.0,,,29,sec,-22.0,-22.0
2711,189,2015,11,3.0,3.0,3.5,3.5,3.5,3.5,3.0,3.5,-14,mac,3.5,3.5
120,257,2015,1,,,-22.0,,,,,,29,big-ten,-22.0,-22.0
120,275,2015,10,10.0,10.0,10.0,10.0,10.5,10.0,9.5,10.0,-7,big-ten,10.0,10.0
135,275,2015,13,2.0,2.0,2.0,1.5,2.0,2.5,2.0,2.0,-10,big-ten,2.0,2.0
158,275,2015,6,2.5,2.5,2.5,2.5,2.0,2.5,2.5,3.0,-2,big-ten,2.5,2.5
333,275,2015,1,-11.5,-12.0,-12.0,-13.0,-12.5,-12.5,-12.0,-12.0,18,sec,-12.0,-12.0
356,275,2015,8,4.5,4.5,5.0,4.5,5.0,5.0,4.5,4.5,-11,big-ten,4.5,4.5
127,120,2015,11,-15.0,-14.5,-14.5,-14.5,-14.5,-15.5,,,17,big-ten,-14.5,-14.5
164,120,2015,13,1.0,0.0,0.0,1.0,-1.0,0.0,0.0,-1.0,-5,big-ten,0.0,0.0
194,120,2015,6,,,-31.5,,,,,,21,big-ten,-31.5,-31.5
277,120,2015,4,-16.5,-17.0,-16.5,-16.5,-16.5,-16.5,,,39,big-12,-16.5,-16.5
2294,120,2015,9,-18.0,-17.5,-18.0,-18.0,-17.5,-17.5,,,16,big-ten,-17.75,-18.0
127,2117,2015,4,,-25.0,-25.0,,,,,,20,big-ten,-25.0,-25.0
183,2117,2015,3,-9.5,-8.0,-8.0,-8.0,-8.0,-8.0,-8.0,-8.0,3,acc,-8.0,-8.0
2006,2117,2015,9,3.0,3.0,3.0,2.5,2.5,2.5,2.5,3.0,-8,mac,2.75,2.5
2050,2117,2015,8,7.0,7.0,7.5,7.0,7.5,8.0,7.5,7.0,-2,mac,7.25,7.0
2309,2117,2015,12,9.0,8.5,10.0,8.5,9.5,8.5,8.5,8.5,-13,mac,8.5,8.5
2711,2117,2015,6,-5.0,-5.0,-5.0,-5.0,-5.0,-4.5,-5.0,-5.0,2,mac,-5.0,-5.0
130,77,2015,6,-10.5,-10.5,-10.5,-10.0,-10.0,-10.0,-10.5,-10.5,38,big-ten,-10.5,-10.5
150,77,2015,3,-3.5,-3.5,-4.0,-3.5,-3.5,-3.5,-3.5,-3.5,-9,acc,-3.5,-3.5
158,77,2015,8,-7.0,-7.0,-7.0,-7.0,-7.0,-7.0,-7.0,-7.0,-2,big-ten,-7.0,-7.0
275,77,2015,12,-11.5,-12.0,-12.5,-11.5,-11.0,-12.5,-12.5,-12.5,-6,big-ten,-12.25,-12.5
356,77,2015,13,1.5,2.0,2.0,1.5,2.0,2.0,2.0,2.0,-10,big-ten,2.0,2.0
130,127,2015,7,-7.5,-7.5,-7.5,-7.5,-7.0,-7.0,-7.5,-7.5,-4,big-ten,-7.5,-7.5
194,127,2015,12,-15.0,-14.5,-14.5,-14.5,-14.0,-14.5,-14.5,-16.0,-3,big-ten,-14.5,-14.5
2711,127,2015,1,15.5,16.5,16.5,16.5,17.0,16.5,,17.5,-13,mac,16.5,16.5
130,2439,2015,3,,,-32.5,,,,,,21,big-ten,-32.5,-32.5
278,2439,2015,7,4.5,5.0,5.5,5.0,5.5,6.0,5.5,,3,mwc,5.5,5.5
2440,2439,2015,5,-6.0,-6.0,-6.0,-5.5,-6.0,-6.0,-5.5,-6.0,-6,mwc,-6.0,-6.0
2459,2439,2015,1,,-21.5,-21.5,,-22.5,-21.5,,,8,mac,-21.5,-21.5
2751,2439,2015,13,2.0,2.0,2.5,2.0,2.0,2.0,2.0,2.0,7,mwc,2.0,2.0
135,158,2015,7,-1.5,0.0,-1.0,-1.0,-1.5,0.0,0.0,0.0,-23,big-ten,-0.5,0.0
164,158,2015,11,7.0,7.5,7.5,7.0,7.5,7.5,7.5,7.5,-17,big-ten,7.5,7.5
356,158,2015,5,3.0,3.0,3.0,3.5,3.5,3.0,3.0,3.0,1,big-ten,3.0,3.0
2390,158,2015,3,-3.0,-3.5,-3.5,-3.5,-3.5,-3.5,-3.5,-3.0,3,acc,-3.5,-3.5
2509,158,2015,9,8.0,7.5,8.5,8.5,8.5,8.5,8.0,8.0,10,big-ten,8.25,8.5
135,356,2015,12,-4.5,-4.5,-4.5,-4.5,-5.0,-4.5,-4.5,-4.5,9,big-ten,-4.5,-4.5
153,356,2015,3,-7.0,-6.5,-7.0,-7.0,-7.0,-7.0,-6.5,-6.5,34,acc,-7.0,-7.0
213,356,2015,9,-4.0,-3.5,-4.0,-4.0,-3.5,-4.0,-3.5,-4.0,39,big-ten,-4.0,-4.0
2294,356,2015,6,-11.0,-10.5,-10.5,-10.5,-10.5,-10.0,-10.0,-10.5,9,big-ten,-10.5,-10.5
2509,356,2015,10,4.5,3.5,4.0,4.0,4.5,4.0,4.0,4.0,-34,big-ten,4.0,4.0
142,41,2015,3,,-21.0,-21.0,,,-21.0,,,3,sec,-21.0,-21.0
252,41,2015,5,-14.5,-14.5,-15.0,-14.5,-15.0,-14.5,,-15.0,17,independent,-14.5,-14.5
2116,41,2015,6,0.0,1.5,1.5,1.0,1.0,1.0,1.0,1.5,-27,american,1.0,1.0
2132,41,2015,8,-11.0,-10.5,-10.5,-11.0,-11.5,-11.5,-10.5,-11.0,24,american,-11.0,-11.0
2655,41,2015,10,5.5,5.5,5.5,5.0,4.5,5.5,5.5,5.5,-4,american,5.5,5.5
142,2546,2015,1,,,-40.5,,,,,,31,sec,-40.5,-40.5
145,8,2015,10,-8.0,-7.5,-9.5,-8.0,-9.0,-7.5,-9.5,-7.5,-1,sec,-8.0,-7.5
333,8,2015,6,-15.0,-15.0,-15.5,-15.5,-16.5,-15.5,,,13,sec,-15.5,-15.5
2633,8,2015,5,-6.0,-5.5,-6.0,-6.0,-6.5,-6.0,-6.0,-6.0,-4,sec,-6.0,-6.0
145,99,2015,12,-7.0,-7.0,-7.0,-6.5,-6.5,-7.0,-7.0,-7.0,21,sec,-7.0,-7.0
183,99,2015,4,,23.5,23.5,,,23.5,,,-10,acc,23.5,23.5
145,278,2015,2,,,-32.0,,,,,,52,sec,-32.0,-32.0
252,278,2015,12,,-27.0,-27.0,,,,,,42,independent,-27.0,-27.0
2005,278,2015,8,-17.0,-16.5,-16.5,-17.0,-17.0,-17.0,,,28,mwc,-17.0,-17.0
150,2390,2015,9,-10.0,-10.0,-10.0,-10.0,-10.0,-10.0,-10.0,-10.0,-3,acc,-10.0,-10.0
153,2390,2015,11,-12.0,-12.5,-12.5,-12.0,-13.0,-13.0,-12.0,-12.5,38,acc,-12.5,-12.5
221,2390,2015,13,-7.0,-7.0,-7.0,,-7.0,-7.0,-7.0,-7.0,-5,acc,-7.0,-7.0
2132,2390,2015,5,7.0,7.5,7.5,7.0,7.0,7.0,7.0,7.0,11,american,7.0,7.0
2226,2390,2015,2,,17.0,17.5,17.5,17.5,17.5,,,-24,cusa,17.5,17.5
150,2428,2015,2,,,-32.0,,0.0,,,,55,acc,-16.0,-32.0
2229,2428,2015,3,,,-21.0,,,,,,25,cusa,-21.0,-21.0
151,119,2015,1,,,-28.0,,,,,,8,american,-28.0,-28.0
151,202,2015,7,-14.0,-14.0,-14.5,-14.0,-13.5,-14.5,-14.5,-14.5,13,american,-14.25,-14.5
201,202,2015,3,,,-33.0,,,,,,14,big-12,-33.0,-33.0
2567,202,2015,9,1.0,0.0,0.0,1.0,1.5,2.0,1.0,0.0,-9,american,1.0,0.0
2655,202,2015,13,8.5,9.5,9.5,9.5,9.0,8.0,8.0,9.5,-11,american,9.25,9.5
152,2653,2015,1,,-24.5,-25.0,,,-25.0,,,28,acc,-25.0,-25.0
275,2653,2015,3,,,-29.0,,,,,,25,big-ten,-29.0,-29.0
309,2653,2015,14,,-2.0,-2.0,-1.5,-2.0,-2.0,-2.0,-2.0,-24,sun-belt,-2.0,-2.0
344,2653,2015,6,,,-31.5,,,,,,28,sec,-31.5,-31.5
2026,2653,2015,9,,-24.0,-24.0,-24.0,,-24.5,,,3,sun-belt,-24.0,-24.0
2247,2653,2015,13,,1.5,1.0,1.0,1.5,1.0,1.0,0.0,10,sun-belt,1.0,1.0
153,48,2015,4,,,-37.5,,,,,,27,acc,-37.5,-37.5
153,150,2015,10,-7.5,-7.0,-7.5,-7.0,-7.0,-7.5,-7.5,-7.0,35,acc,-7.25,-7.5
154,150,2015,13,4.0,3.5,4.0,3.5,4.0,4.0,4.0,3.5,-6,acc,4.0,4.0
258,150,2015,12,2.5,1.5,2.0,2.0,2.5,2.5,2.5,2.5,8,acc,2.5,2.5
259,150,2015,8,-3.0,-3.5,-3.5,-3.5,-3.0,-4.0,-3.5,-3.5,-2,acc,-3.5,-3.5
349,150,2015,6,13.5,14.0,14.0,13.0,13.5,13.5,13.5,14.0,-41,independent,13.5,13.5
2655,150,2015,1,6.0,5.0,5.5,5.5,6.5,6.5,5.5,5.5,-30,american,5.5,5.5
153,2448,2015,2,,,-33.5,,0.0,,,,39,acc,-16.75,-33.5
154,2210,2015,1,,,-27.0,,,,,,38,acc,-27.0,-27.0
164,2450,2015,1,,,-35.5,,,,,,50,big-ten,-35.5,-35.5
276,2450,2015,3,,,-40.0,,,,,,38,cusa,-40.0,-40.0
295,2450,2015,2,,,-24.0,,,,,,14,cusa,-24.0,-24.0
167,36,2015,12,3.0,3.0,3.0,3.0,3.0,3.0,3.0,3.0,-7,mwc,3.0,3.0
328,36,2015,5,-4.5,-6.0,-5.5,-5.5,-4.5,-5.5,-5.5,-5.5,15,mwc,-5.5,-5.5
2636,36,2015,4,9.5,8.0,9.0,9.0,9.5,9.0,9.0,9.0,-2,cusa,9.0,9.0
2751,36,2015,10,9.5,9.0,9.5,9.5,9.5,9.5,9.5,9.0,-19,mwc,9.5,9.5
167,62,2015,7,-4.0,-4.0,-4.0,-4.0,-4.0,-4.0,-4.0,-4.5,1,mwc,-4.0,-4.0
194,62,2015,2,,,-42.5,,,,,,38,big-ten,-42.5,-42.5
2439,62,2015,10,-8.0,-7.5,-7.5,-8.0,-8.5,-9.5,-8.5,-7.5,20,mwc,-8.0,-7.5
2440,62,2015,8,-7.5,-7.5,-7.5,-7.0,-7.5,-7.5,-7.0,-7.0,10,mwc,-7.5,-7.5
167,2400,2015,1,,,-42.0,,,,,,66,mwc,-42.0,-42.0
183,227,2015,1,,,-33.5,,,,,,47,acc,-33.5,-33.5
193,2084,2015,9,7.0,7.0,7.0,7.0,7.0,7.0,7.0,7.0,-5,mac,7.0,7.0
213,2084,2015,2,,-17.0,-17.0,-16.5,-17.0,-17.0,,,13,big-ten,-17.0,-17.0
2006,2084,2015,12,-4.5,-4.5,-4.5,-5.0,-4.5,-4.5,-4.5,-4.5,21,mac,-4.5,-4.5
2117,2084,2015,7,-7.0,-7.0,-7.0,-6.5,-6.5,-7.0,-6.5,-7.0,37,mac,-7.0,-7.0
2226,2084,2015,3,-2.5,-2.5,-2.5,-2.5,,-2.5,-2.5,-2.5,-18,cusa,-2.5,-2.5
2309,2084,2015,10,0.0,-1.5,-1.0,-1.0,0.0,-1.5,-1.0,-1.0,-1,mac,-1.0,-1.0
193,2506,2015,1,,,-13.5,,,,,-13.5,19,mac,-13.5,-13.5
2429,2506,2015,2,,,,,,,,,24,cusa,,
194,2711,2015,4,,,-34.5,,,,,,26,big-ten,-34.5,-34.5
195,2711,2015,7,-3.5,-3.5,-3.5,-3.5,-3.5,-3.5,-3.5,-3.5,-35,mac,-3.5,-3.5
290,2711,2015,2,4.5,5.5,5.0,5.0,5.0,5.0,5.0,5.0,26,sun-belt,5.0,5.0
2199,2711,2015,9,,18.5,18.5,18.5,,18.5,,,-30,mac,18.5,18.5
2459,2711,2015,12,-3.0,-3.0,-3.0,-3.0,-3.0,-3.0,-3.0,-3.0,8,mac,-3.0,-3.0
2649,2711,2015,13,-7.5,-7.0,-7.5,-7.0,-7.0,-7.5,-7.5,-7.0,-5,mac,-7.25,-7.5
195,2050,2015,12,-9.5,-10.0,-10.5,-10.0,-9.5,-10.5,-9.5,-10.0,17,mac,-10.0,-10.0
245,2050,2015,2,,,-31.0,,,,,,33,sec,-31.0,-31.0
2199,2050,2015,3,4.5,4.5,4.5,4.5,4.0,4.5,,4.5,-11,mac,4.5,4.5
2459,2050,2015,6,-10.5,-10.5,-10.0,-11.0,-10.5,-10.5,-10.0,-10.0,18,mac,-10.5,-10.5
2711,2050,2015,10,-15.5,-15.5,-15.5,-15.0,-15.5,-15.0,,,47,mac,-15.5,-15.5
195,2545,2015,3,,,-14.5,,,,,,21,mac,-14.5,-14.5
197,2110,2015,2,,,-37.0,,,,,,24,big-12,-37.0,-37.0
197,2306,2015,5,-7.0,-7.0,-7.0,-7.0,-7.0,-7.0,-7.0,-7.0,2,big-12,-7.0,-7.0
251,2306,2015,8,-6.5,-7.0,-7.5,-7.0,-7.0,-6.5,-7.0,-7.0,14,big-12,-7.0,-7.0
2305,2306,2015,13,,21.0,21.0,,,21.0,,,-31,big-12,21.0,21.0
2636,2306,2015,2,14.5,14.0,14.0,14.0,14.5,14.0,,14.0,-27,cusa,14.0,14.0
2641,2306,2015,11,-6.0,-5.0,-5.0,-5.0,-6.0,-5.5,-5.5,-5.0,15,big-12,-5.25,-5.0
201,277,2015,5,-6.5,-6.5,-6.0,-6.5,-6.5,-6.0,-6.5,-6.5,20,big-12,-6.5,-6.5
239,277,2015,7,,-20.5,-20.0,-20.5,-21.0,-20.5,,,24,big-12,-20.5,-20.5
2305,277,2015,12,,29.5,29.5,,,,,,-49,big-12,29.5,29.5
2306,277,2015,14,6.5,6.5,6.5,6.5,6.5,6.5,6.5,6.5,1,big-12,6.5,6.5
2628,277,2015,9,-12.0,-12.0,-12.0,-12.0,-13.0,-13.5,-12.0,-12.0,30,big-12,-12.0,-12.0
202,2116,2015,10,-17.0,-17.0,-17.0,-18.0,-17.0,-17.0,,,15,american,-17.0,-17.0
218,2116,2015,7,,-20.5,-20.0,-20.0,,-20.0,,,14,american,-20.0,-20.0
2132,2116,2015,9,,-24.5,-25.0,,,,,,45,american,-24.75,-25.0
2579,2116,2015,4,-14.0,-14.0,-14.0,-14.0,-14.5,-14.0,,-14.0,17,sec,-14.0,-14.0
2655,2116,2015,5,,2.0,1.5,1.0,1.5,2.0,1.5,2.0,14,american,1.5,1.5
204,2692,2015,1,,,-28.0,,,,,,19,pac-12,-28.0,-28.0
221,87,2015,10,9.0,9.0,9.5,9.0,8.5,8.0,9.0,9.0,-12,acc,9.0,9.0
258,87,2015,2,13.0,13.5,13.5,13.0,12.5,13.0,13.5,13.5,-7,acc,13.25,13.5
221,2754,2015,1,,,-16.5,,,,,,8,acc,-16.5,-16.5
235,2623,2015,1,,,-24.0,,,,,,56,american,-24.0,-24.0
2032,2623,2015,3,,,-23.0,,,,,,63,sun-belt,-23.0,-23.0
238,2046,2015,3,,,-47.0,,,,,,40,sec,-47.0,-47.0
2572,2046,2015,2,,,-36.0,,0.0,,,,46,cusa,-18.0,-36.0
239,66,2015,8,,,-35.5,,,,,,18,big-12,-35.5,-35.5
277,66,2015,13,-14.0,-13.5,-13.5,-13.5,-14.5,-13.5,-13.5,-13.5,24,big-12,-13.5,-13.5
2306,66,2015,12,-3.5,-3.5,-3.0,-3.0,-3.5,-3.5,-3.5,-3.0,3,big-12,-3.5,-3.5
2641,66,2015,6,-12.5,-13.5,-13.5,-12.5,-13.0,-12.0,-13.5,-13.5,35,big-12,-13.25,-13.5
239,242,2015,4,,,-33.0,,,,,-33.0,53,big-12,-33.0,-33.0
249,242,2015,3,7.5,7.0,7.5,7.5,7.5,7.5,7.0,7.0,-14,cusa,7.5,7.5
2226,242,2015,6,-3.5,-4.0,-4.0,-3.5,-3.5,-3.5,-4.0,-4.0,-1,cusa,-3.75,-4.0
2638,242,2015,10,6.0,4.0,4.5,5.5,6.0,5.0,4.5,4.0,3,cusa,4.75,4.0
239,2320,2015,2,,,-57.5,,,,,,35,big-12,-57.5,-57.5
242,2429,2015,13,-11.0,-11.0,-11.0,-11.0,-10.5,-11.0,-11.0,-11.0,20,cusa,-11.0,-11.0
295,2429,2015,7,-4.5,-4.5,-4.5,-4.5,-5.0,-4.5,-4.0,-4.5,3,cusa,-4.5,-4.5
2229,2429,2015,10,-17.0,-17.0,-17.0,-17.0,,-17.5,,,17,cusa,-17.0,-17.0
2247,2429,2015,1,-7.0,-7.0,-7.5,-7.0,-7.0,-7.0,-7.0,-7.0,-3,sun-belt,-7.0,-7.0
2393,2429,2015,3,,-19.0,-19.0,-18.0,-18.0,-18.0,,,59,cusa,-18.0,-18.0
242,2681,2015,1,,,,,,,,,40,cusa,,
252,2681,2015,8,,,-51.0,,,,,,64,independent,-51.0,-51.0
245,2440,2015,3,,,-31.5,,,,,,17,sec,-31.5,-31.5
278,2440,2015,10,4.0,4.0,4.0,4.0,4.0,4.0,4.0,3.5,-14,mwc,4.0,4.0
328,2440,2015,12,-14.0,-14.0,-14.0,-14.0,-14.0,-14.0,-14.0,-14.0,4,mwc,-14.0,-14.0
2084,2440,2015,4,-3.0,-3.0,-3.0,-3.0,-3.0,-3.0,-3.0,-3.0,-3,mac,-3.0,-3.0
2751,2440,2015,7,6.0,6.5,6.5,6.5,6.0,6.0,6.0,6.0,7,mwc,6.0,6.0
248,2635,2015,1,,,-37.0,,,,,,28,american,-37.0,-37.0
249,2502,2015,6,,,4.0,,,4.0,,3.5,-59,cusa,4.0,4.0
265,2502,2015,1,,,-31.0,,,,,,-7,pac-12,-31.0,-31.0
251,201,2015,6,16.5,15.0,16.0,16.0,16.0,16.0,,,7,big-12,16.0,16.0
2305,201,2015,9,,,39.5,,,,,,-55,big-12,39.5,39.5
2306,201,2015,7,4.5,3.5,4.0,4.0,4.0,4.5,4.0,4.0,-55,big-12,4.0,4.0
2633,201,2015,2,,2.5,2.5,1.5,2.0,2.0,2.0,2.5,-7,sec,2.0,2.0
258,2729,2015,3,,,-22.0,,,,,,6,acc,-22.0,-22.0
259,231,2015,2,,,-35.0,,0.0,,,,39,acc,-17.5,-35.0
2116,231,2015,3,,,-24.0,,,,,,-1,american,-24.0,-24.0
264,16,2015,2,,,-30.5,,-31.0,,,,49,pac-12,-30.75,-31.0
276,249,2015,8,,,-27.5,,,,,,17,cusa,-27.5,-27.5
2294,249,2015,4,,-25.5,-25.5,,,-25.0,,,46,big-ten,-25.5,-25.5
2348,249,2015,10,,,-29.0,,,,,,43,cusa,-29.0,-29.0
2393,249,2015,12,,-22.5,-22.5,,,-22.5,,,34,cusa,-22.5,-22.5
2567,249,2015,2,-5.5,-6.0,-6.0,-6.0,-6.0,-6.0,-6.5,-5.5,18,american,-6.0,-6.0
2572,249,2015,5,-15.5,-14.5,-15.0,-15.5,-16.0,-15.5,,,35,cusa,-15.5,-15.5
2633,249,2015,11,,,-41.0,,,,,,24,sec,-41.0,-41.0
276,295,2015,5,,-16.5,-17.0,-17.0,,-16.5,,,20,cusa,-16.75,-17.0
2199,295,2015,1,6.5,6.0,7.0,6.0,6.5,6.0,6.5,6.0,-4,mac,6.25,6.0
2229,295,2015,8,-14.0,-14.0,-14.0,-14.0,-13.5,-14.0,-14.0,-14.0,29,cusa,-14.0,-14.0
2572,295,2015,12,,-21.5,-21.5,-21.5,,-21.5,,,25,cusa,-21.5,-21.5
277,290,2015,1,,-16.0,-16.0,-16.5,-17.0,-16.0,,,44,big-12,-16.0,-16.0
2026,290,2015,8,-6.5,-6.0,-7.0,-6.5,-6.5,-6.5,-6.5,-6.0,18,sun-belt,-6.5,-6.5
2433,290,2015,5,6.5,5.5,5.5,5.0,6.0,6.0,5.5,5.5,-20,sun-belt,5.5,5.5
2653,290,2015,11,5.5,4.5,4.5,5.0,5.0,4.5,4.5,4.5,-35,sun-belt,4.5,4.5
277,2335,2015,2,,,-32.0,,0.0,,,,24,big-12,-16.0,-32.0
2247,2335,2015,5,,,2.5,,,2.5,,2.5,-8,sun-belt,2.5,2.5
278,2000,2015,1,,,-20.5,,,,,,21,mwc,-20.5,-20.5
290,6,2015,13,,-21.5,-21.5,,,-21.0,,,38,sun-belt,-21.5,-21.5
326,6,2015,8,,2.0,2.0,2.0,1.0,2.0,2.0,1.5,18,sun-belt,2.0,2.0
2247,6,2015,12,-3.0,-3.0,-3.0,-3.0,-3.0,-3.0,-3.0,-3.0,14,sun-belt,-3.0,-3.0
2653,6,2015,5,-6.5,-6.0,-6.5,-6.0,-6.0,-6.0,-6.5,-6.0,-6,sun-belt,-6.0,-6.0
290,2247,2015,14,,-20.5,-20.5,-20.5,,-20.5,,,-27,sun-belt,-20.5,-20.5
326,2247,2015,11,-1.5,-1.5,-1.5,-1.0,-2.0,-1.5,-1.5,-1.5,-22,sun-belt,-1.5,-1.5
2032,2247,2015,9,,-17.0,-17.0,-17.0,,-17.0,,,14,sun-belt,-17.0,-17.0
2050,2247,2015,7,-14.0,-14.0,-14.0,-14.0,-13.5,-14.0,-14.0,-14.0,-12,mac,-14.0,-14.0
2483,2247,2015,3,,,-42.5,,,,,,33,pac-12,-42.5,-42.5
290,2643,2015,3,,,-22.0,,,,,,35,sun-belt,-22.0,-22.0
2579,2643,2015,12,,,-22.0,,,-22.0,,,-1,sec,-22.0,-22.0
309,2466,2015,2,,,-23.0,,,,,,27,sun-belt,-23.0,-23.0
344,2466,2015,3,,,-38.5,,,,,,49,sec,-38.5,-38.5
326,2504,2015,2,,,-27.0,,,,,,39,sun-belt,-27.0,-27.0
328,253,2015,1,,,-32.0,,,,,,3,mwc,-32.0,-32.0
328,2751,2015,9,,-25.5,-25.5,,,,,,31,mwc,-25.5,-25.5
2026,2751,2015,5,,-26.0,-26.0,,,-26.0,,,18,sun-belt,-26.0,-26.0
333,2127,2015,12,,,-40.5,,,,,,50,sec,-40.5,-40.5
2653,2127,2015,2,,,-4.5,,,,,,28,sun-belt,-4.5,-4.5
349,2083,2015,7,,,-26.5,,,,,,7,independent,-26.5,-26.5
349,2230,2015,1,,,-14.0,,,,,,-2,independent,-14.0,-14.0
356,2710,2015,2,,,-23.0,,0.0,,,,44,big-ten,-11.5,-23.0
2005,2415,2015,1,,,-35.0,,,,,,56,mwc,-35.0,-35.0
2050,2678,2015,1,,,-34.5,,,,,,12,mac,-34.5,-34.5
2084,399,2015,1,,,-13.0,,,,,-13.0,37,mac,-13.0,-13.0
2117,2405,2015,2,,,-20.5,,0.0,,,,21,mac,-10.25,-20.5
2132,2010,2015,1,,,,,,,,,42,american,,
2294,2287,2015,1,,,-10.0,,,,-10.0,-9.5,17,big-ten,-10.0,-10.0
2305,239,2015,6,,,46.0,,,,,,-59,big-12,46.0,46.0
2306,239,2015,10,17.0,17.0,17.0,17.0,17.5,17.0,,,-7,big-12,17.0,17.0
2567,239,2015,1,,,36.5,,,,,,-35,american,36.5,36.5
2628,239,2015,13,2.0,2.0,2.0,2.0,2.0,2.5,2.0,2.0,7,big-12,2.0,2.0
2305,2571,2015,1,,,2.0,,,,2.0,2.0,-3,big-12,2.0,2.0
2306,233,2015,1,,,-36.5,,,,,,34,big-12,-36.5,-36.5
2309,2169,2015,2,,,-29.5,,,,,,32,mac,-29.5,-29.5
2390,2065,2015,1,,,,,,,,,45,acc,,
2393,2296,2015,1,,,-39.5,,,,,,56,cusa,-39.5,-39.5
2426,2142,2015,1,,,-26.5,,,,,,38,american,-26.5,-26.5
2440,302,2015,1,,,-24.0,,,,,,14,mwc,-24.0,-24.0
2459,93,2015,2,,,-29.0,,0.0,,,,31,mac,-14.5,-29.0
2711,93,2015,3,,,-28.5,,,,,,32,mac,-28.5,-28.5
2483,331,2015,1,,,-35.5,,,,,,19,pac-12,-35.5,-35.5
2509,282,2015,2,,,-15.0,,-15.0,,,,24,big-ten,-15.0,-15.0
2567,256,2015,4,,,-13.0,,,,,-13.0,-3,american,-13.0,-13.0
2628,2617,2015,2,,,-46.0,,,,,,63,big-12,-46.0,-46.0
2633,2717,2015,3,,,-37.0,,,,,,45,sec,-37.0,-37.0
2641,2534,2015,1,,,-14.0,,,,,,14,big-12,-14.0,-14.0
2751,155,2015,1,,,-18.5,,,,,,-11,mwc,-18.5,-18.5
