Season,Start,Week,Away,Home,APts,HPts,AFD,AFum,AFumL,APA,API,ARA,ARY,HFD,HFum,HFumL,HPA,HPI,HRA,HRY
2015,2015-09-03 22:00:00,0,FIU,UCF,15,14,17,1,1,38,0,31,131,18,2,0,34,0,29,46
2015,2015-09-03 22:00:00,0,UNC,SC,13,17,20,0,0,31,3,32,208,22,2,0,27,0,47,254
2015,2015-09-03 23:00:00,0,ELON,WAKE,3,41,6,0,0,28,0,19,51,29,0,0,40,0,42,203
2015,2015-09-03 23:00:00,0,OKST,CMU,24,13,19,1,0,32,0,35,153,18,1,0,42,1,28,78
2015,2015-09-03 23:00:00,0,VMI,BALL,36,48,22,3,2,49,0,29,103,33,0,0,53,1,42,229
2015,2015-09-03 23:30:00,0,ALCN,GT,6,69,13,4,2,28,1,39,166,26,2,1,5,0,52,476
2015,2015-09-03 23:30:00,0,NOVA,CONN,15,20,18,2,1,33,1,36,114,19,0,0,20,1,39,105
2015,2015-09-04 00:00:00,0,WKU,VAN,14,12,11,2,0,30,0,23,37,20,2,1,34,2,42,176
2015,2015-09-04 00:30:00,0,MICH,UTAH,17,24,20,0,0,43,3,29,76,20,1,0,33,1,37,129
2015,2015-09-04 01:00:00,0,OHIO,IDHO,45,28,23,1,1,25,0,38,205,25,1,1,48,2,28,100
2015,2015-09-04 01:00:00,0,TCU,MINN,23,17,25,1,1,42,1,44,203,18,3,2,35,0,39,144
2015,2015-09-04 01:00:00,0,SUU,USU,9,12,9,0,0,34,0,30,52,15,0,0,33,1,35,140
2015,2015-09-04 01:30:00,0,DUKE,TULN,37,7,29,2,2,44,0,49,206,14,0,0,42,1,23,25
2015,2015-09-04 02:00:00,0,ACU,FRES,13,34,15,0,0,45,2,29,34,26,1,1,45,2,39,225
2015,2015-09-04 02:00:00,0,UNH,SJSU,13,43,10,0,0,25,0,26,126,34,1,0,35,0,53,285
2015,2015-09-04 02:00:00,0,UTSA,ARIZ,32,42,29,2,1,45,1,50,193,25,1,1,36,0,38,163
2015,2015-09-04 02:00:00,0,UCD,NEV,17,31,22,0,0,47,0,27,89,22,0,0,23,0,39,232
2015,2015-09-04 05:00:00,0,COLO,HAW,20,28,23,2,2,40,1,53,215,14,2,0,38,2,34,100
2015,2015-09-04 19:30:00,0,CHAR,GAST,23,20,24,2,2,32,2,54,164,16,2,2,43,1,26,93
2015,2015-09-04 23:00:00,0,FOR,ARMY,37,35,17,2,1,23,0,37,123,22,2,1,16,1,42,256
2015,2015-09-04 23:00:00,0,MSU,WMU,37,24,26,1,1,31,0,40,196,22,0,0,50,2,23,18
2015,2015-09-04 23:00:00,0,BAY,SMU,56,21,27,1,0,32,1,37,300,22,1,0,24,2,54,203
2015,2015-09-04 23:00:00,0,URI,SYR,0,47,2,4,3,20,1,20,4,23,0,0,20,1,58,312
2015,2015-09-05 00:00:00,0,WEB,ORST,7,26,9,1,0,36,1,18,58,22,1,0,22,1,56,281
2015,2015-09-05 02:26:00,0,WASH,BSU,13,16,12,1,0,35,1,22,29,21,2,1,27,1,53,185
2015,2015-09-05 16:00:00,0,COLG,NAVY,10,48,20,3,2,27,0,48,198,19,2,1,6,0,47,371
2015,2015-09-05 16:00:00,0,ULM,UGA,14,51,12,4,0,29,1,26,45,19,1,0,14,0,38,243
2015,2015-09-05 16:00:00,0,SDSU,KU,41,38,25,0,0,33,0,39,170,29,2,1,40,1,51,285
2015,2015-09-05 16:00:00,0,UTM,MISS,3,76,13,2,0,29,0,39,116,28,0,0,28,1,36,338
2015,2015-09-05 16:00:00,0,ILST,IOWA,14,31,14,1,0,27,0,28,35,22,1,1,25,0,44,210
2015,2015-09-05 16:00:00,0,RICH,MD,21,50,12,1,0,30,0,27,56,24,0,0,22,1,45,341
2015,2015-09-05 16:00:00,0,STAN,NW,6,16,17,2,1,35,1,27,85,17,1,0,25,0,54,225
2015,2015-09-05 16:00:00,0,NSU,RUTG,13,63,10,1,0,29,1,23,-3,26,1,1,15,0,47,291
2015,2015-09-05 16:30:00,0,WOF,CLEM,10,49,9,1,0,18,0,45,123,27,3,2,37,0,43,222
2015,2015-09-05 17:00:00,0,YSU,PITT,37,45,16,1,0,40,0,30,129,16,1,1,18,2,43,325
2015,2015-09-05 17:00:00,0,MAINE,BC,3,24,8,1,0,29,1,20,7,21,0,0,25,0,49,204
2015,2015-09-05 18:00:00,0,PRST,WSU,24,17,19,0,0,12,0,48,233,21,4,1,45,1,30,104
2015,2015-09-05 18:00:00,0,KENT,ILL,3,52,15,1,1,40,3,39,59,19,0,0,29,1,36,134
2015,2015-09-05 19:30:00,0,SHSU,TTU,45,59,34,3,2,52,2,46,317,29,1,0,57,1,31,174
2015,2015-09-05 19:30:00,0,HOW,APP,0,49,8,1,0,22,1,30,36,33,1,1,28,0,56,376
2015,2015-09-05 19:30:00,0,ALBY,BUFF,14,51,13,3,1,25,2,35,141,24,1,0,29,0,43,212
2015,2015-09-05 19:30:00,0,ODU,EMU,38,34,25,0,0,32,0,41,229,27,1,1,36,2,47,252
2015,2015-09-05 19:30:00,0,FAU,TLSA,44,47,30,1,0,35,0,61,300,31,3,2,35,2,51,194
2015,2015-09-05 19:30:00,0,MORG,AFA,7,63,12,1,1,25,1,34,53,29,1,0,7,0,63,394
2015,2015-09-05 19:30:00,0,BYU,NEB,33,28,21,0,0,46,1,26,132,25,1,1,41,1,37,126
2015,2015-09-05 19:30:00,0,UTEP,ARK,13,48,13,3,2,19,1,34,58,18,0,0,20,0,34,182
2015,2015-09-05 19:30:00,0,UVA,UCLA,16,34,19,0,0,35,1,34,98,25,1,0,37,0,34,152
2015,2015-09-05 19:30:00,0,PRE,M-OH,7,26,17,1,1,27,1,41,155,18,2,2,23,0,40,205
2015,2015-09-05 19:30:00,0,PSU,TEM,10,27,9,1,0,25,1,27,77,15,1,1,21,0,43,149
2015,2015-09-05 20:00:00,0,SIU,IND,47,48,26,3,2,32,0,46,248,23,0,0,32,0,42,246
2015,2015-09-05 20:00:00,0,BGSU,TENN,30,59,24,1,1,51,0,34,124,29,0,0,23,0,64,399
2015,2015-09-05 20:00:00,0,SAV,CSU,13,65,11,5,1,23,1,49,83,33,5,4,36,1,33,217
2015,2015-09-05 20:00:00,0,UND,WYO,24,13,23,0,0,23,0,54,276,14,1,0,39,0,19,41
2015,2015-09-05 20:00:00,0,SEMO,MIZ,3,34,10,2,1,22,0,42,145,19,1,0,32,1,33,98
2015,2015-09-05 20:40:00,0,WAG,RICE,16,56,13,2,1,22,1,37,86,28,3,1,21,1,54,401
2015,2015-09-05 21:00:00,0,GRAM,CAL,14,73,11,4,1,30,4,33,127,31,1,1,49,2,39,185
2015,2015-09-05 22:00:00,0,TROY,NCST,21,49,13,4,1,21,1,25,121,30,1,0,26,0,58,251
2015,2015-09-05 22:00:00,0,BCU,MIAMI,0,45,5,1,0,11,2,35,53,20,2,1,31,0,26,195
2015,2015-09-05 22:00:00,0,WEBB,USA,23,33,17,6,1,23,2,53,177,13,2,1,25,2,31,224
2015,2015-09-05 22:00:00,0,TOWS,ECU,20,28,27,1,1,33,1,44,179,23,0,0,37,0,34,210
2015,2015-09-05 23:00:00,0,ULL,UK,33,40,28,2,2,41,2,47,247,18,1,0,34,1,26,178
2015,2015-09-05 23:00:00,0,MOST,MEM,7,63,10,6,3,25,0,30,18,27,0,0,21,0,60,317
2015,2015-09-05 23:00:00,0,JKST,MTSU,14,70,10,0,0,40,1,20,33,36,2,1,32,1,63,282
2015,2015-09-05 23:00:00,0,SOU,LT,15,62,17,2,1,36,2,32,113,21,0,0,29,2,32,207
2015,2015-09-05 23:00:00,0,AKR,OKLA,3,41,10,1,1,26,0,44,138,26,1,1,42,1,33,100
2015,2015-09-05 23:00:00,0,ASU,TA&M,17,38,19,5,2,41,0,41,92,22,2,1,35,2,45,178
2015,2015-09-05 23:00:00,0,FAMU,USF,3,51,11,1,0,38,2,34,12,27,2,0,26,1,46,275
2015,2015-09-05 23:10:00,0,SDAK,KSU,0,34,16,2,1,30,0,36,61,16,2,1,18,0,40,185
2015,2015-09-05 23:30:00,0,TEX,ND,3,38,8,0,0,23,0,29,60,30,2,0,23,0,52,214
2015,2015-09-05 23:30:00,0,GASO,WVU,0,44,14,2,1,13,4,57,195,21,1,0,26,0,40,185
2015,2015-09-05 23:30:00,0,UNLV,NIU,30,38,28,0,0,40,1,47,164,24,1,0,26,0,42,185
2015,2015-09-05 23:30:00,0,NMSU,FLA,13,61,8,0,0,28,1,23,72,28,1,1,37,0,42,224
2015,2015-09-06 00:00:00,0,UNI,ISU,7,31,16,3,1,34,1,41,126,15,4,2,29,0,32,77
2015,2015-09-06 00:00:00,0,USD,SDSU,3,37,13,1,1,27,5,38,79,15,1,0,23,1,36,166
2015,2015-09-06 00:00:00,0,TNTC,HOU,24,52,10,0,0,26,1,33,29,27,4,1,38,0,44,272
2015,2015-09-06 00:00:00,0,WIS,ALA,17,35,17,0,0,39,1,21,40,27,0,0,29,0,37,238
2015,2015-09-06 00:00:00,0,EWU,ORE,42,61,31,1,0,55,2,31,111,34,2,1,25,0,57,485
2015,2015-09-06 00:05:00,0,MVSU,UNM,0,66,8,2,2,16,1,40,26,26,2,0,18,0,51,370
2015,2015-09-06 00:45:00,0,AAMU,CIN,10,52,14,1,0,26,1,37,98,34,2,2,38,0,51,296
2015,2015-09-06 01:03:00,0,TXST,FSU,16,59,17,1,1,42,0,33,132,30,3,1,32,0,41,266
2015,2015-09-06 02:00:00,0,MSST,USM,34,16,19,2,2,38,0,28,205,20,1,0,44,2,36,102
2015,2015-09-06 03:00:00,0,ARST,USC,6,55,19,2,2,37,2,50,208,22,0,0,32,0,32,185
2015,2015-09-06 19:00:00,0,PUR,MRSH,31,41,28,3,0,48,4,47,184,20,2,2,36,1,29,163
2015,2015-09-11 00:00:00,0,LT,WKU,38,41,28,0,1,49,1,31,223,24,0,1,38,0,33,149
2015,2015-09-12 00:00:00,0,MIAMI,FAU,44,20,27,1,0,34,0,44,226,22,3,3,34,2,33,223
2015,2015-09-12 01:00:00,0,USU,UTAH,14,24,21,4,1,35,2,32,117,21,2,0,22,0,44,195
2015,2015-09-12 15:30:00,0,USF,FSU,14,34,11,0,0,24,1,36,149,21,1,0,26,0,46,278
2015,2015-09-12 16:00:00,0,ARMY,CONN,17,22,9,1,0,8,1,33,180,23,1,1,25,0,46,145
2015,2015-09-12 16:00:00,0,INST,PUR,14,38,19,2,1,37,2,41,168,24,2,2,36,0,45,251
2015,2015-09-12 16:00:00,0,WIU,ILL,0,44,5,0,0,24,2,30,98,27,4,3,54,1,40,147
2015,2015-09-12 16:00:00,0,HOU,LOU,34,31,25,0,0,35,1,57,226,25,3,2,45,2,26,70
2015,2015-09-12 16:00:00,0,KSU,UTSA,30,3,22,1,0,23,0,44,175,14,0,0,37,0,25,37
2015,2015-09-12 16:00:00,0,JVST,AUB,20,27,28,4,0,43,1,46,161,23,2,1,32,2,38,165
2015,2015-09-12 16:00:00,0,M-OH,WIS,0,58,9,1,1,34,3,24,-3,26,1,0,36,1,45,188
2015,2015-09-12 16:00:00,0,PRE,CHAR,10,34,8,1,0,17,1,41,103,23,2,1,29,0,47,192
2015,2015-09-12 16:00:00,0,BGSU,MD,48,27,35,1,0,55,1,50,201,16,1,1,33,3,26,156
2015,2015-09-12 16:00:00,0,BUFF,PSU,14,27,15,2,0,35,1,33,69,15,0,0,27,0,39,200
2015,2015-09-12 16:00:00,0,ORST,MICH,7,35,12,1,1,20,0,33,59,21,2,1,26,1,48,225
2015,2015-09-12 16:30:00,0,APP,CLEM,10,41,12,1,1,28,3,45,203,22,1,0,31,2,44,140
2015,2015-09-12 16:30:00,0,WAKE,SYR,17,30,23,1,0,45,3,32,46,15,1,0,14,0,37,149
2015,2015-09-12 17:00:00,0,HOW,BC,0,76,2,1,1,12,1,28,7,24,0,0,15,0,40,347
2015,2015-09-12 18:00:00,0,UMASS,COLO,14,48,20,2,1,42,1,29,147,32,0,0,24,0,59,390
2015,2015-09-12 18:00:00,0,SAC,WASH,0,49,11,0,0,38,1,26,11,23,1,1,25,0,36,218
2015,2015-09-12 19:00:00,0,MONM,CMU,10,31,15,1,0,33,1,31,67,22,0,0,36,1,34,74
2015,2015-09-12 19:00:00,0,UTEP,TTU,20,69,18,2,2,31,0,46,227,29,1,0,42,0,30,229
2015,2015-09-12 19:00:00,0,LIB,WVU,17,41,17,1,0,33,0,28,92,25,1,0,32,0,45,172
2015,2015-09-12 19:30:00,0,FUR,VT,3,42,17,2,1,26,2,41,136,25,0,0,31,0,41,299
2015,2015-09-12 19:30:00,0,WSU,RUTG,37,34,28,0,0,66,0,16,81,26,2,2,29,1,37,198
2015,2015-09-12 19:30:00,0,FRES,MISS,21,73,17,3,1,24,3,52,163,27,4,2,37,1,35,215
2015,2015-09-12 19:30:00,0,UGA,VAN,31,14,19,1,0,25,0,41,282,21,1,0,50,3,39,105
2015,2015-09-12 19:30:00,0,MURR,NIU,26,57,22,0,0,49,3,35,92,30,2,2,41,0,43,254
2015,2015-09-12 19:30:00,0,HAW,OSU,0,38,12,2,2,26,2,35,80,26,1,0,34,0,49,182
2015,2015-09-12 19:30:00,0,MINN,CSU,23,20,23,2,2,45,0,41,180,14,3,2,32,2,41,172
2015,2015-09-12 19:30:00,0,TULN,GT,10,65,18,1,1,33,1,33,71,28,1,1,10,0,56,439
2015,2015-09-12 19:30:00,0,PEAY,USM,6,52,12,1,0,18,1,48,96,24,0,0,40,1,30,239
2015,2015-09-12 19:30:00,0,SFA,TCU,7,70,8,2,1,28,2,29,146,30,0,0,37,1,45,224
2015,2015-09-12 19:30:00,0,ND,UVA,34,27,20,0,0,30,0,34,253,22,1,1,38,0,30,127
2015,2015-09-12 20:00:00,0,EIU,NW,0,41,8,0,0,20,2,29,70,28,2,1,16,0,69,344
2015,2015-09-12 20:00:00,0,TOL,ARK,16,12,15,1,0,38,0,24,81,30,1,0,53,1,31,103
2015,2015-09-12 20:00:00,0,EMU,WYO,48,29,21,0,0,25,0,37,176,29,1,1,17,0,58,430
2015,2015-09-12 20:00:00,0,MTSU,ALA,10,37,15,3,3,43,1,31,86,28,0,0,43,2,39,220
2015,2015-09-12 20:45:00,0,IOWA,ISU,31,17,22,2,1,25,0,45,260,18,1,0,35,1,27,63
2015,2015-09-12 21:00:00,0,SDSU,CAL,7,35,16,0,0,32,2,43,152,24,0,0,25,1,36,164
2015,2015-09-12 22:00:00,0,NCAT,UNC,14,53,18,1,1,22,2,41,155,24,1,0,27,0,44,215
2015,2015-09-12 22:00:00,0,DSU,KENT,13,45,1,4,2,10,1,28,-38,25,7,3,26,0,65,278
2015,2015-09-12 22:00:00,0,EKY,NCST,0,35,7,2,0,21,0,23,35,24,2,1,30,0,48,199
2015,2015-09-12 22:00:00,0,NCCU,DUKE,0,55,9,0,0,29,0,27,54,29,0,0,26,0,59,288
2015,2015-09-12 22:00:00,0,WMU,GASO,17,43,19,1,1,36,3,26,25,14,0,0,4,0,52,413
2015,2015-09-12 22:00:00,0,PITT,AKR,24,7,21,2,0,25,0,46,127,8,2,1,22,0,24,47
2015,2015-09-12 22:00:00,0,OKLA,TENN,31,24,20,1,0,39,2,48,161,19,2,0,31,1,45,129
2015,2015-09-12 23:00:00,0,MEM,KU,55,23,34,3,3,27,0,52,281,23,1,0,38,0,46,194
2015,2015-09-12 23:00:00,0,CHSO,TROY,16,44,22,2,1,28,0,60,263,18,1,0,28,0,28,125
2015,2015-09-12 23:00:00,0,MRSH,OHIO,10,21,10,2,2,33,2,25,157,22,2,1,28,1,51,229
2015,2015-09-12 23:00:00,0,UNT,SMU,13,31,17,3,2,34,2,33,112,27,4,3,24,0,53,273
2015,2015-09-12 23:00:00,0,NWST,ULL,17,44,21,0,0,16,0,55,234,21,0,0,9,0,42,360
2015,2015-09-12 23:00:00,0,BALL,TA&M,23,56,19,0,0,27,1,38,240,25,3,1,29,0,49,270
2015,2015-09-12 23:00:00,0,PVAM,TXST,24,63,25,2,2,45,0,37,79,29,3,2,22,0,50,316
2015,2015-09-12 23:00:00,0,ARIZ,NEV,44,20,24,2,1,34,0,43,301,15,1,0,34,1,42,168
2015,2015-09-12 23:00:00,0,ECU,FLA,24,31,20,3,2,58,1,22,-13,17,1,1,25,1,38,168
2015,2015-09-12 23:00:00,0,NICH,ULM,0,47,15,5,2,19,0,44,159,27,0,0,38,0,38,202
2015,2015-09-12 23:00:00,0,MIZ,ARST,27,20,19,2,0,37,3,34,140,18,1,0,30,3,45,93
2015,2015-09-12 23:15:00,0,NSU,ODU,10,24,14,1,1,36,0,23,103,24,2,0,22,1,59,338
2015,2015-09-12 23:30:00,0,UCA,OKST,8,32,12,0,0,25,0,39,92,25,2,0,39,1,35,164
2015,2015-09-12 23:30:00,0,LAM,BAY,31,66,19,1,1,30,1,43,173,38,1,1,38,3,56,412
2015,2015-09-12 23:30:00,0,UK,SC,26,22,19,2,0,29,1,38,207,22,1,0,27,1,34,195
2015,2015-09-13 00:00:00,0,IDHO,USC,9,59,19,1,0,45,0,32,71,35,1,0,37,0,37,284
2015,2015-09-13 00:00:00,0,RICE,TEX,28,42,30,2,2,38,3,58,228,11,1,1,10,0,28,149
2015,2015-09-13 00:00:00,0,ORE,MSU,28,31,26,2,0,39,2,43,123,21,0,0,32,1,37,197
2015,2015-09-13 00:00:00,0,USA,NEB,9,48,18,4,2,45,1,24,19,31,0,0,38,1,37,258
2015,2015-09-13 00:00:00,0,TLSA,UNM,40,21,31,0,1,30,0,59,279,18,0,1,21,1,47,224
2015,2015-09-13 00:00:00,0,FIU,IND,22,36,24,3,2,47,1,33,123,25,2,0,33,1,52,205
2015,2015-09-13 00:00:00,0,GAST,NMSU,34,32,28,2,2,43,1,46,210,26,0,0,55,1,23,84
2015,2015-09-13 00:00:00,0,TEM,CIN,34,26,13,1,1,20,0,36,215,34,1,1,52,4,31,130
2015,2015-09-13 01:15:00,0,LSU,MSST,21,19,16,0,0,14,0,47,266,27,0,0,54,0,26,43
2015,2015-09-13 02:15:00,0,SJSU,AFA,16,37,13,0,0,33,2,20,150,23,0,0,11,1,69,428
2015,2015-09-13 02:15:00,0,BSU,BYU,24,35,17,0,0,38,3,31,64,16,0,0,29,2,39,72
2015,2015-09-13 02:30:00,0,UCF,STAN,7,31,15,2,1,36,1,29,30,21,0,0,30,0,41,130
2015,2015-09-13 02:30:00,0,UCLA,UNLV,37,3,30,0,0,51,3,47,273,11,3,1,23,1,43,181
2015,2015-09-13 03:00:00,0,CP,ASU,21,35,20,1,0,8,0,72,284,28,3,1,35,1,45,248
2015,2015-09-17 23:30:00,0,CLEM,LOU,20,17,20,0,0,30,2,40,202,16,2,0,35,2,28,19
2015,2015-09-19 00:00:00,0,FSU,BC,14,0,15,0,0,24,0,33,98,12,1,1,15,1,43,139
2015,2015-09-19 01:00:00,0,IDST,BSU,0,52,18,1,0,59,1,22,36,32,0,0,28,0,58,344
2015,2015-09-19 02:00:00,0,UNM,ASU,10,34,15,0,0,29,1,47,184,19,2,1,37,0,30,132
2015,2015-09-19 16:00:00,0,TLSA,OKLA,38,52,31,0,0,51,0,40,176,39,2,2,38,0,47,286
2015,2015-09-19 16:00:00,0,NEV,TA&M,27,44,19,1,0,29,1,45,153,30,2,1,36,1,40,233
2015,2015-09-19 16:00:00,0,USF,MD,17,35,18,3,0,22,2,50,240,18,3,0,34,3,34,114
2015,2015-09-19 16:00:00,0,CONN,MIZ,6,9,11,3,1,28,1,33,77,16,2,1,31,1,34,85
2015,2015-09-19 16:00:00,0,ILL,UNC,14,48,22,0,0,38,1,45,227,23,0,0,26,1,37,254
2015,2015-09-19 16:00:00,0,UNLV,MICH,7,28,15,2,0,26,2,36,92,17,0,0,25,1,39,254
2015,2015-09-19 16:00:00,0,KENT,MINN,7,10,8,1,0,28,0,31,79,13,2,1,27,2,44,104
2015,2015-09-19 16:00:00,0,WAKE,ARMY,17,14,19,1,0,33,3,35,171,11,2,0,3,0,54,186
2015,2015-09-19 16:00:00,0,BUFF,FAU,33,15,13,0,0,20,1,45,185,27,3,3,56,2,34,105
2015,2015-09-19 16:00:00,0,AFA,MSU,21,35,24,3,2,9,1,51,279,22,0,0,23,0,42,77
2015,2015-09-19 16:00:00,0,SAV,AKR,9,52,14,4,1,34,1,34,74,31,0,0,33,2,47,291
2015,2015-09-19 16:30:00,0,NW,DUKE,19,10,15,1,0,23,2,54,201,16,3,2,39,1,35,177
2015,2015-09-19 16:30:00,0,CMU,SYR,27,30,30,3,1,51,1,40,90,11,0,0,17,1,30,165
2015,2015-09-19 18:00:00,0,GAST,ORE,28,61,22,2,2,40,2,36,113,29,3,1,31,0,53,311
2015,2015-09-19 18:00:00,0,SELA,OHIO,14,35,19,3,2,32,0,40,148,18,0,0,27,1,31,115
2015,2015-09-19 18:30:00,0,RICE,UNT,38,24,28,0,0,39,0,51,189,20,3,2,35,1,27,175
2015,2015-09-19 19:00:00,0,BALL,EMU,28,17,26,1,1,33,0,52,278,12,0,0,39,2,22,123
2015,2015-09-19 19:00:00,0,TEM,UMASS,25,23,24,2,1,49,2,37,67,20,5,1,55,1,25,45
2015,2015-09-19 19:00:00,0,LT,KSU,33,39,23,3,2,51,0,38,137,17,3,1,26,0,45,160
2015,2015-09-19 19:00:00,0,MEM,BGSU,44,41,28,0,0,40,0,50,155,24,1,0,45,0,29,136
2015,2015-09-19 19:30:00,0,VT,PUR,51,24,20,5,1,26,0,56,238,9,2,1,35,2,29,144
2015,2015-09-19 19:30:00,0,CIN,M-OH,37,33,33,4,2,40,2,54,282,17,2,0,34,1,41,220
2015,2015-09-19 19:30:00,0,UTSA,OKST,14,69,20,6,5,30,2,51,176,22,1,1,26,0,40,217
2015,2015-09-19 19:30:00,0,AUB,LSU,21,45,16,2,1,19,1,37,160,20,0,0,17,0,48,411
2015,2015-09-19 19:30:00,0,W&M,UVA,29,35,21,2,0,37,0,39,145,15,1,0,23,2,29,110
2015,2015-09-19 19:30:00,0,ECU,NAVY,21,45,25,1,1,49,1,21,80,28,2,0,7,0,75,415
2015,2015-09-19 19:30:00,0,NIU,OSU,13,20,10,1,0,31,2,43,110,14,4,2,29,3,37,162
2015,2015-09-19 19:30:00,0,NSU,MRSH,7,45,11,1,0,24,1,35,96,29,2,1,34,1,43,216
2015,2015-09-19 19:30:00,0,NEB,MIAMI,33,36,24,0,0,45,3,32,153,24,0,0,42,1,33,132
2015,2015-09-19 19:30:00,0,TROY,WIS,3,28,19,1,1,35,0,33,81,17,2,0,18,0,35,199
2015,2015-09-19 19:30:00,0,GT,ND,22,30,21,3,1,24,0,47,216,17,1,1,30,1,32,215
2015,2015-09-19 20:00:00,0,WKU,IND,35,38,28,0,0,46,2,26,84,34,1,1,27,0,59,284
2015,2015-09-19 20:00:00,0,PEAY,VAN,7,47,9,1,0,32,0,30,34,26,2,1,39,1,35,147
2015,2015-09-19 20:00:00,0,NWST,MSST,13,62,17,0,0,16,0,50,146,26,2,2,18,0,37,275
2015,2015-09-19 21:00:00,0,WOF,IDHO,38,41,17,3,2,6,0,44,326,22,0,0,34,2,43,198
2015,2015-09-19 21:00:00,0,USU,WASH,17,31,13,1,0,33,2,30,83,20,2,2,31,1,35,74
2015,2015-09-19 22:00:00,0,NCCU,FIU,14,39,13,1,0,36,3,23,38,21,1,1,36,1,46,248
2015,2015-09-19 22:00:00,0,CIT,GASO,13,48,15,7,3,8,2,54,318,18,3,1,19,0,49,383
2015,2015-09-19 22:00:00,0,FUR,UCF,16,15,12,2,1,30,0,28,54,16,2,1,30,3,42,171
2015,2015-09-19 22:00:00,0,SC,UGA,20,52,16,2,0,22,1,39,174,32,2,1,25,0,38,246
2015,2015-09-19 23:00:00,0,CHAR,MTSU,14,73,11,4,3,33,4,38,117,25,3,2,29,0,49,316
2015,2015-09-19 23:00:00,0,MOST,ARST,7,70,16,0,0,32,3,37,179,27,2,1,26,0,46,344
2015,2015-09-19 23:00:00,0,WCU,TENN,10,55,9,4,2,22,1,33,189,25,0,0,29,0,49,210
2015,2015-09-19 23:00:00,0,MURR,WMU,20,52,17,1,0,41,1,21,63,33,2,2,33,0,42,237
2015,2015-09-19 23:00:00,0,COLO,CSU,27,24,18,0,0,29,0,32,125,27,0,0,39,2,49,218
2015,2015-09-19 23:00:00,0,NCST,ODU,38,14,26,1,0,27,0,52,256,8,0,0,23,0,21,-3
2015,2015-09-19 23:00:00,0,USM,TXST,56,50,22,1,1,27,0,46,280,29,0,0,46,0,37,281
2015,2015-09-19 23:00:00,0,TTU,ARK,35,24,24,0,0,31,2,27,171,23,1,1,21,1,43,228
2015,2015-09-19 23:30:00,0,FLA,UK,14,9,16,1,0,22,1,37,120,14,0,0,24,2,41,115
2015,2015-09-19 23:30:00,0,CAL,TEX,45,44,26,2,2,37,0,41,280,28,2,1,31,1,52,286
2015,2015-09-20 00:00:00,0,ISU,TOL,23,30,27,2,1,43,0,49,207,16,1,0,28,1,34,171
2015,2015-09-20 00:00:00,0,SJSU,ORST,21,35,14,1,0,33,2,36,104,24,1,1,25,1,46,303
2015,2015-09-20 00:00:00,0,USA,SDSU,34,27,23,3,0,36,0,47,241,14,3,1,27,0,38,140
2015,2015-09-20 00:00:00,0,PITT,IOWA,24,27,15,0,0,31,2,27,55,22,0,0,40,1,29,105
2015,2015-09-20 00:00:00,0,SMU,TCU,37,56,23,1,0,31,0,48,178,28,1,0,30,1,41,266
2015,2015-09-20 00:00:00,0,MAINE,TULN,7,38,16,3,0,38,2,33,93,20,1,1,31,1,42,205
2015,2015-09-20 00:00:00,0,RUTG,PSU,3,28,20,3,1,42,2,32,43,17,0,0,19,1,41,330
2015,2015-09-20 00:00:00,0,STAN,USC,41,31,26,0,0,24,0,49,195,20,0,0,32,0,28,155
2015,2015-09-20 00:00:00,0,UTEP,NMSU,50,47,27,1,1,34,1,44,269,21,0,0,28,1,35,266
2015,2015-09-20 00:30:00,0,WYO,WSU,14,31,22,2,1,36,1,40,113,19,1,0,45,1,20,75
2015,2015-09-20 01:15:00,0,MISS,ALA,43,37,16,1,0,33,0,32,92,29,2,2,59,3,42,215
2015,2015-09-20 02:30:00,0,UTAH,FRES,45,24,23,2,2,26,1,48,221,16,3,2,35,0,29,124
2015,2015-09-20 02:30:00,0,BYU,UCLA,23,24,26,0,0,47,1,41,161,18,1,0,23,3,38,296
2015,2015-09-20 03:00:00,0,NAU,ARIZ,13,77,14,1,0,26,3,43,75,36,0,0,39,0,41,499
2015,2015-09-20 03:59:00,0,UCD,HAW,27,47,20,2,1,27,0,46,169,22,3,1,24,0,31,193
2015,2015-09-24 23:30:00,0,CIN,MEM,46,53,38,0,0,64,3,36,132,22,2,1,36,0,37,158
2015,2015-09-26 00:00:00,0,BSU,UVA,56,14,19,1,0,38,0,31,89,10,1,1,33,4,33,40
2015,2015-09-26 02:00:00,0,STAN,ORST,42,24,24,1,1,14,1,48,325,20,1,1,36,0,36,111
2015,2015-09-26 16:00:00,0,KU,RUTG,14,27,18,2,0,32,1,29,64,31,2,1,25,2,58,312
2015,2015-09-26 16:00:00,0,NAVY,CONN,28,18,21,2,0,5,0,61,303,20,1,1,32,0,31,106
2015,2015-09-26 16:00:00,0,UCF,SC,14,31,15,0,0,38,2,23,26,20,1,1,25,0,43,216
2015,2015-09-26 16:00:00,0,BYU,MICH,0,31,8,2,0,28,0,22,50,22,1,0,25,0,51,254
2015,2015-09-26 16:00:00,0,GT,DUKE,20,34,16,4,1,22,1,60,173,11,1,1,25,2,36,165
2015,2015-09-26 16:00:00,0,CMU,MSU,10,30,17,1,1,39,0,26,55,18,1,0,19,0,36,181
2015,2015-09-26 16:00:00,0,USM,NEB,28,36,19,2,1,42,0,23,11,25,2,1,35,1,39,242
2015,2015-09-26 16:00:00,0,BGSU,PUR,35,28,39,1,1,59,1,33,137,25,1,0,40,1,38,77
2015,2015-09-26 16:00:00,0,LSU,SYR,34,24,17,1,0,16,0,42,268,21,1,0,38,1,31,127
2015,2015-09-26 16:00:00,0,SOU,UGA,6,48,10,0,0,23,0,35,105,27,2,1,24,0,33,261
2015,2015-09-26 16:30:00,0,DEL,UNC,14,41,15,1,0,10,1,49,279,29,6,1,33,0,35,191
2015,2015-09-26 16:30:00,0,IND,WAKE,31,24,26,0,0,34,0,52,211,25,0,0,48,1,32,99
2015,2015-09-26 17:00:00,0,NIU,BC,14,17,10,1,1,25,1,31,72,18,2,0,14,1,63,234
2015,2015-09-26 17:30:00,0,NICH,COLO,0,48,8,2,1,22,2,34,126,33,2,1,31,0,62,358
2015,2015-09-26 18:30:00,0,FIU,LT,17,27,18,1,0,44,0,23,45,29,1,0,32,0,42,246
2015,2015-09-26 19:00:00,0,RICE,BAY,17,70,20,3,2,21,0,45,94,39,1,1,25,0,53,427
2015,2015-09-26 19:00:00,0,MD,WVU,6,45,14,1,1,36,5,29,173,37,2,1,37,1,59,304
2015,2015-09-26 19:00:00,0,UNM,WYO,38,28,15,0,0,8,0,47,302,26,1,0,42,2,30,42
2015,2015-09-26 19:30:00,0,UMASS,ND,27,62,22,1,0,48,1,29,148,30,1,0,28,1,51,457
2015,2015-09-26 19:30:00,0,NEV,BUFF,24,21,15,0,0,21,0,39,289,23,1,1,46,2,35,149
2015,2015-09-26 19:30:00,0,OKST,TEX,30,27,27,1,1,36,2,46,103,11,1,0,17,1,42,171
2015,2015-09-26 19:30:00,0,UNT,IOWA,16,62,22,1,1,43,2,45,183,23,2,2,22,0,43,210
2015,2015-09-26 19:30:00,0,WMU,OSU,12,38,20,1,0,33,1,41,169,25,2,0,36,2,34,223
2015,2015-09-26 19:30:00,0,SDSU,PSU,21,37,13,4,3,29,0,34,101,19,1,1,36,0,34,72
2015,2015-09-26 19:30:00,0,TENN,FLA,27,28,20,3,1,19,0,51,254,17,0,0,43,1,28,109
2015,2015-09-26 19:30:00,0,MRSH,KENT,36,29,17,2,1,36,2,44,126,20,1,1,34,0,55,247
2015,2015-09-26 19:30:00,0,APP,ODU,49,0,24,3,1,17,0,56,303,8,2,2,28,2,21,42
2015,2015-09-26 19:30:00,0,VT,ECU,28,35,20,0,0,35,1,42,158,19,3,1,20,1,43,182
2015,2015-09-26 19:30:00,0,M-OH,WKU,14,56,15,1,1,28,3,40,123,27,1,0,42,0,32,105
2015,2015-09-26 19:30:00,0,OHIO,MINN,24,27,18,0,0,27,0,38,151,24,6,1,31,0,36,204
2015,2015-09-26 20:00:00,0,ULM,ALA,0,34,10,0,0,43,2,31,9,17,0,0,32,1,35,137
2015,2015-09-26 20:00:00,0,MTSU,ILL,25,27,19,1,1,43,0,37,38,25,2,0,49,0,39,140
2015,2015-09-26 20:45:00,0,TCU,TTU,55,52,38,1,0,56,0,47,247,32,2,0,45,0,39,215
2015,2015-09-26 21:00:00,0,CAL,WASH,30,24,28,1,1,41,1,51,139,15,3,3,28,2,27,107
2015,2015-09-26 22:00:00,0,ARMY,EMU,58,36,29,2,2,9,1,71,556,24,1,1,39,1,25,193
2015,2015-09-26 22:00:00,0,SAM,LOU,3,45,12,2,1,30,3,27,71,25,1,0,28,2,46,288
2015,2015-09-26 23:00:00,0,AKR,ULL,35,14,22,1,0,29,1,42,220,18,2,2,37,2,28,112
2015,2015-09-26 23:00:00,0,VAN,MISS,16,27,21,0,0,42,0,43,128,30,1,0,42,2,42,151
2015,2015-09-26 23:00:00,0,FAU,CHAR,17,7,13,8,3,25,2,48,40,16,3,1,34,6,49,117
2015,2015-09-26 23:00:00,0,JMU,SMU,48,45,34,0,0,33,3,52,440,24,3,2,30,0,44,232
2015,2015-09-26 23:00:00,0,ARST,TOL,7,37,11,6,2,35,3,24,-14,29,2,0,52,1,46,169
2015,2015-09-26 23:00:00,0,TA&M,ARK,28,21,17,0,0,28,0,20,65,25,1,1,25,1,42,232
2015,2015-09-26 23:00:00,0,CSU,UTSA,33,31,25,1,0,30,0,46,171,18,0,0,18,1,34,279
2015,2015-09-26 23:30:00,0,MSST,AUB,17,9,18,1,1,41,0,21,56,25,2,0,28,1,50,201
2015,2015-09-26 23:30:00,0,MIZ,UK,13,21,24,1,0,35,0,33,111,18,2,0,27,0,38,120
2015,2015-09-27 00:00:00,0,UCLA,ARIZ,56,30,23,1,0,28,0,47,213,32,4,2,28,1,59,353
2015,2015-09-27 00:00:00,0,TXST,HOU,14,59,21,2,2,50,2,32,99,29,1,0,24,0,54,366
2015,2015-09-27 00:00:00,0,HAW,WIS,0,28,11,1,0,34,0,18,15,31,0,0,25,0,54,326
2015,2015-09-27 00:00:00,0,IW,UTEP,17,27,15,1,1,38,2,29,119,16,0,0,28,0,31,81
2015,2015-09-27 00:00:00,0,BALL,NW,19,24,17,3,1,35,0,34,181,23,3,2,31,1,57,290
2015,2015-09-27 00:00:00,0,NCST,USA,63,13,26,1,0,27,0,41,330,14,3,1,35,2,26,45
2015,2015-09-27 00:30:00,0,UTAH,ORE,62,20,24,0,0,32,0,42,273,20,2,1,30,2,40,222
2015,2015-09-27 01:00:00,0,GASO,IDHO,44,20,23,1,1,16,1,52,441,20,0,0,36,2,34,111
2015,2015-09-27 01:00:00,0,IDST,UNLV,8,80,20,4,2,46,4,30,91,25,1,0,15,0,54,517
2015,2015-09-27 02:30:00,0,USC,ASU,42,14,18,2,1,34,1,32,76,26,3,3,44,1,35,182
2015,2015-09-27 02:30:00,0,FRES,SJSU,23,49,13,2,0,33,1,29,88,33,1,1,23,0,58,291
2015,2015-10-01 23:30:00,0,MIAMI,CIN,23,34,21,1,0,40,0,32,146,22,0,0,33,1,34,167
2015,2015-10-02 23:00:00,0,MEM,USF,24,17,20,1,0,33,0,39,120,19,0,0,26,1,43,178
2015,2015-10-02 23:00:00,0,TEM,CHAR,37,3,19,2,1,23,0,45,206,16,2,0,27,1,44,223
2015,2015-10-03 02:15:00,0,CONN,BYU,13,30,14,0,0,28,2,27,62,31,1,1,54,2,41,174
2015,2015-10-03 16:00:00,0,PITT,VT,17,13,15,4,1,15,0,46,166,12,1,0,20,3,33,9
2015,2015-10-03 16:00:00,0,PUR,MSU,21,24,16,2,2,31,1,32,165,20,1,0,19,0,47,267
2015,2015-10-03 16:00:00,0,TEX,TCU,7,50,20,1,1,28,0,51,191,31,2,0,38,0,42,228
2015,2015-10-03 16:00:00,0,MICH,MD,28,0,14,3,2,33,1,40,198,7,0,0,36,3,26,29
2015,2015-10-03 16:00:00,0,MINN,NW,0,27,11,1,1,32,1,33,74,16,2,0,19,0,51,184
2015,2015-10-03 16:00:00,0,ARMY,PSU,14,20,17,7,3,1,0,55,261,12,0,0,19,0,34,108
2015,2015-10-03 16:00:00,0,UCF,TULN,31,45,20,2,2,52,3,22,-35,17,3,1,29,0,44,170
2015,2015-10-03 16:00:00,0,IOWA,WIS,10,6,14,2,1,21,1,40,144,21,3,2,38,2,34,86
2015,2015-10-03 16:00:00,0,SC,MIZ,10,24,17,0,0,30,3,34,112,18,1,0,28,0,42,163
2015,2015-10-03 16:00:00,0,WVU,OKLA,24,44,27,2,2,32,3,54,196,16,1,1,25,1,33,107
2015,2015-10-03 16:00:00,0,KU,ISU,13,38,15,2,1,37,0,33,38,24,0,0,37,2,37,243
2015,2015-10-03 16:00:00,0,HOU,TLSA,38,24,28,2,1,38,0,56,365,23,1,1,45,1,43,130
2015,2015-10-03 16:30:00,0,LOU,NCST,20,13,20,2,0,27,0,45,203,11,2,2,28,0,30,45
2015,2015-10-03 18:00:00,0,OHIO,AKR,14,12,17,1,0,29,1,32,48,20,1,0,38,1,35,88
2015,2015-10-03 19:00:00,0,TOL,BALL,24,10,21,1,0,22,2,48,280,19,2,1,37,0,30,26
2015,2015-10-03 19:00:00,0,NIU,CMU,19,29,17,6,3,30,1,59,211,15,0,0,32,1,34,93
2015,2015-10-03 19:00:00,0,FIU,UMASS,14,24,13,0,0,34,0,29,73,29,2,2,43,0,39,132
2015,2015-10-03 19:30:00,0,ODU,MRSH,7,27,16,3,2,37,2,43,184,17,3,2,35,0,40,112
2015,2015-10-03 19:30:00,0,AFA,NAVY,11,33,15,4,3,12,1,56,204,14,0,0,10,0,51,270
2015,2015-10-03 19:30:00,0,WYO,APP,13,31,18,3,2,19,1,51,218,14,0,0,12,1,34,249
2015,2015-10-03 19:30:00,0,ALA,UGA,38,10,15,2,2,16,0,47,189,12,4,1,31,3,38,193
2015,2015-10-03 19:30:00,0,M-OH,KENT,14,20,24,1,0,51,4,36,91,13,4,1,21,0,41,214
2015,2015-10-03 19:30:00,0,FSU,WAKE,24,16,14,0,0,31,0,21,127,27,2,1,43,1,36,142
2015,2015-10-03 19:30:00,0,BC,DUKE,7,9,13,1,1,21,0,41,164,16,0,0,36,0,35,33
2015,2015-10-03 19:30:00,0,LIB,GAST,41,33,24,1,1,32,0,50,263,14,0,0,29,1,14,11
2015,2015-10-03 19:30:00,0,OSU,IND,34,27,13,4,2,27,1,34,272,21,0,0,36,0,55,176
2015,2015-10-03 19:30:00,0,BGSU,BUFF,28,22,25,2,0,29,0,42,212,34,0,0,59,1,37,152
2015,2015-10-03 19:30:00,0,WKU,RICE,49,10,24,0,0,39,0,32,80,15,4,3,30,2,34,85
2015,2015-10-03 19:30:00,0,UNC,GT,38,31,21,1,0,26,0,31,231,27,3,1,21,1,59,255
2015,2015-10-03 19:30:00,0,TTU,BAY,35,63,27,2,2,65,2,24,106,26,1,0,24,1,52,368
2015,2015-10-03 20:00:00,0,KSU,OKST,34,36,22,0,0,25,1,42,144,26,1,1,56,1,27,49
2015,2015-10-03 20:00:00,0,WSU,CAL,28,34,20,3,3,49,1,25,14,25,4,1,45,1,30,79
2015,2015-10-03 20:00:00,0,ECU,SMU,49,23,26,1,0,26,2,54,306,21,1,0,38,0,30,40
2015,2015-10-03 20:00:00,0,SJSU,AUB,21,35,22,3,2,33,2,38,182,15,4,0,10,0,48,234
2015,2015-10-03 20:02:00,0,NEB,ILL,13,14,12,2,1,31,1,34,187,17,0,0,45,0,32,131
2015,2015-10-03 23:00:00,0,GASO,ULM,51,31,26,1,0,10,1,67,455,16,1,0,36,3,26,47
2015,2015-10-03 23:00:00,0,USA,TROY,24,18,21,2,1,21,1,51,160,18,0,0,35,3,33,119
2015,2015-10-03 23:00:00,0,EMU,LSU,22,44,16,2,0,24,3,33,94,28,2,1,14,0,50,391
2015,2015-10-03 23:00:00,0,VAN,MTSU,17,13,18,1,1,31,2,41,237,18,2,2,51,0,23,34
2015,2015-10-03 23:00:00,0,UNLV,NEV,23,17,18,0,0,19,1,44,167,24,1,0,44,1,35,141
2015,2015-10-03 23:00:00,0,IDHO,ARST,35,49,19,1,0,42,3,29,172,29,4,1,25,1,53,333
2015,2015-10-03 23:00:00,0,ARK,TENN,24,20,23,0,0,24,0,49,288,19,2,0,37,0,33,133
2015,2015-10-03 23:00:00,0,CSU,USU,18,33,24,3,2,46,1,31,109,21,0,0,21,0,45,298
2015,2015-10-03 23:00:00,0,ULL,LT,14,43,18,1,1,37,2,27,149,27,2,1,33,0,35,138
2015,2015-10-03 23:00:00,0,UNT,USM,14,49,26,0,0,32,1,49,185,24,0,0,36,0,33,248
2015,2015-10-03 23:00:00,0,MISS,FLA,10,38,23,3,3,40,1,33,69,18,1,0,29,0,34,84
2015,2015-10-03 23:30:00,0,ASU,UCLA,38,23,25,2,0,44,1,46,192,17,0,0,40,1,28,62
2015,2015-10-03 23:30:00,0,EKY,UK,27,34,20,2,1,32,0,51,180,24,1,1,42,2,36,55
2015,2015-10-03 23:30:00,0,MSST,TA&M,17,30,20,2,2,34,0,34,196,23,1,0,41,0,45,194
2015,2015-10-04 00:00:00,0,UTSA,UTEP,25,6,22,2,1,32,0,48,137,14,2,1,49,4,22,59
2015,2015-10-04 00:00:00,0,NMSU,UNM,29,38,14,1,1,28,2,39,308,21,2,1,17,1,61,401
2015,2015-10-04 00:00:00,0,ND,CLEM,22,24,20,6,3,35,1,33,116,15,1,0,22,1,42,199
2015,2015-10-04 02:15:00,0,HAW,BSU,0,55,12,2,1,38,3,30,82,29,0,0,29,0,59,279
2015,2015-10-04 02:30:00,0,FRES,SDSU,7,21,6,0,0,25,0,22,12,19,1,1,12,0,60,305
2015,2015-10-04 02:30:00,0,ARIZ,STAN,17,55,16,0,0,33,0,34,118,30,2,0,23,0,46,314
2015,2015-10-04 03:05:00,0,ORE,COLO,41,24,27,1,0,21,1,60,361,18,3,2,42,1,36,77
2015,2015-10-09 00:00:00,0,SMU,HOU,28,49,21,4,3,35,0,39,151,23,2,1,18,0,48,214
2015,2015-10-09 01:00:00,0,WASH,USC,17,12,17,0,0,33,1,36,135,20,1,1,29,2,39,190
2015,2015-10-09 23:00:00,0,USM,MRSH,10,31,26,5,4,58,1,35,125,14,0,0,21,1,35,114
2015,2015-10-10 00:00:00,0,NCST,VT,13,28,17,0,0,25,1,40,157,20,1,0,29,0,36,200
2015,2015-10-10 16:00:00,0,NMSU,MISS,3,52,18,2,0,37,2,37,98,31,5,2,35,1,34,265
2015,2015-10-10 16:00:00,0,IND,PSU,7,29,14,2,0,33,1,33,79,22,1,1,40,0,32,154
2015,2015-10-10 16:00:00,0,TULN,TEM,10,49,8,5,0,30,2,27,8,23,6,2,18,0,46,122
2015,2015-10-10 16:00:00,0,ILL,IOWA,20,29,20,1,1,43,1,24,46,23,0,0,31,0,51,278
2015,2015-10-10 16:00:00,0,MTSU,WKU,28,58,22,1,1,43,1,30,123,24,3,1,37,1,40,165
2015,2015-10-10 16:00:00,0,MD,OSU,28,49,20,0,0,27,2,42,253,31,1,0,30,0,47,182
2015,2015-10-10 16:00:00,0,DUKE,ARMY,44,3,25,0,0,30,0,48,215,12,7,2,6,1,49,113
2015,2015-10-10 16:00:00,0,UTEP,FIU,12,52,13,2,0,24,1,47,155,22,1,0,22,0,31,150
2015,2015-10-10 16:00:00,0,BAY,KU,66,7,34,1,1,37,0,45,281,14,3,2,36,1,39,69
2015,2015-10-10 16:00:00,0,CMU,WMU,39,41,24,2,1,32,1,31,161,24,1,1,22,0,41,215
2015,2015-10-10 16:00:00,0,OKLA,TEX,17,24,21,1,1,28,0,37,67,20,0,0,12,0,58,313
2015,2015-10-10 16:30:00,0,UVA,PITT,19,26,16,1,0,34,1,31,139,16,4,2,24,0,35,141
2015,2015-10-10 18:00:00,0,M-OH,OHIO,3,34,12,1,0,25,4,24,87,25,0,0,40,1,37,150
2015,2015-10-10 18:00:00,0,UMASS,BGSU,38,62,30,1,1,61,1,15,30,37,0,0,45,1,46,206
2015,2015-10-10 18:30:00,0,RICE,FAU,27,26,29,2,1,35,0,50,203,19,0,0,29,0,32,142
2015,2015-10-10 19:00:00,0,WAKE,BC,3,0,5,1,1,25,1,28,33,18,4,3,20,1,54,196
2015,2015-10-10 19:00:00,0,AKR,EMU,47,21,28,0,0,22,0,53,278,20,2,2,35,1,31,161
2015,2015-10-10 19:00:00,0,KENT,TOL,7,38,13,0,0,32,1,32,123,27,1,1,33,0,46,288
2015,2015-10-10 19:30:00,0,WIS,NEB,23,21,26,0,0,50,0,34,147,13,1,1,28,0,37,196
2015,2015-10-10 19:30:00,0,GT,CLEM,24,43,12,0,0,14,1,42,71,24,2,2,33,1,41,201
2015,2015-10-10 19:30:00,0,BALL,NIU,41,59,30,0,0,53,1,35,110,35,2,1,32,0,59,273
2015,2015-10-10 19:30:00,0,SC,LSU,24,45,12,1,0,30,1,20,74,29,2,0,29,0,54,396
2015,2015-10-10 19:30:00,0,UGA,TENN,31,38,15,3,1,33,0,29,165,26,1,1,42,1,48,207
2015,2015-10-10 19:30:00,0,ISU,TTU,31,66,19,0,0,30,3,45,315,33,0,0,56,0,31,261
2015,2015-10-10 19:30:00,0,APP,GAST,37,3,24,0,0,25,1,44,207,14,1,1,39,1,21,59
2015,2015-10-10 19:30:00,0,NW,MICH,0,38,13,0,0,33,1,25,38,21,0,0,23,0,46,201
2015,2015-10-10 19:30:00,0,NAVY,ND,24,41,16,2,2,6,1,49,318,27,0,0,31,1,40,178
2015,2015-10-10 19:30:00,0,MINN,PUR,41,13,17,0,0,18,1,48,326,17,1,1,49,3,28,68
2015,2015-10-10 19:30:00,0,SYR,USF,24,45,23,3,2,34,1,33,73,26,1,1,22,0,47,281
2015,2015-10-10 19:45:00,0,CONN,UCF,40,13,20,0,0,24,0,45,170,21,1,1,50,3,14,60
2015,2015-10-10 20:00:00,0,TROY,MSST,17,45,19,2,1,36,1,46,112,12,1,0,15,0,33,125
2015,2015-10-10 20:00:00,0,ORST,ARIZ,7,44,15,0,0,35,1,31,151,27,1,0,30,0,58,368
2015,2015-10-10 21:00:00,0,PRST,UNT,66,7,27,0,0,22,0,46,368,13,1,1,41,0,31,76
2015,2015-10-10 22:00:00,0,ULM,TLSA,24,34,21,3,2,48,1,29,173,31,0,0,45,0,62,222
2015,2015-10-10 22:00:00,0,WSU,ORE,45,38,31,3,2,75,0,30,136,18,1,1,24,1,50,410
2015,2015-10-10 23:00:00,0,LT,UTSA,34,31,24,1,0,44,2,31,93,15,2,0,27,2,39,73
2015,2015-10-10 23:00:00,0,TXST,ULL,27,49,16,2,1,33,0,37,173,27,2,0,30,0,52,288
2015,2015-10-10 23:00:00,0,UNM,NEV,17,35,14,1,1,24,1,37,135,30,2,2,19,0,54,351
2015,2015-10-10 23:00:00,0,ARK,ALA,14,27,10,1,0,32,1,25,44,22,0,0,33,2,46,134
2015,2015-10-10 23:00:00,0,BSU,CSU,41,10,27,2,0,37,1,44,201,14,2,1,30,2,37,105
2015,2015-10-10 23:00:00,0,OKST,WVU,33,26,20,1,0,43,3,38,134,26,5,3,37,1,61,255
2015,2015-10-10 23:30:00,0,ECU,BYU,38,45,27,2,2,42,1,32,133,26,2,1,38,1,43,167
2015,2015-10-10 23:30:00,0,FLA,MIZ,21,3,23,0,0,33,0,44,129,12,0,0,39,2,26,106
2015,2015-10-10 23:30:00,0,TCU,KSU,52,45,22,1,0,30,2,23,242,28,1,1,33,1,48,228
2015,2015-10-11 00:00:00,0,MSU,RUTG,31,24,22,0,0,39,1,36,123,15,1,0,26,0,32,141
2015,2015-10-11 00:00:00,0,MIAMI,FSU,24,29,19,4,0,49,0,19,20,25,0,0,33,0,36,248
2015,2015-10-11 01:00:00,0,SJSU,UNLV,33,27,22,1,1,48,1,24,115,23,1,0,30,2,48,186
2015,2015-10-11 02:00:00,0,COLO,ASU,23,48,19,1,1,41,1,28,49,21,2,0,31,1,40,231
2015,2015-10-11 02:15:00,0,CAL,UTAH,24,30,25,2,1,47,5,28,127,21,2,1,26,2,51,265
2015,2015-10-11 02:26:00,0,WYO,AFA,17,31,19,3,2,29,2,35,115,16,1,1,10,1,58,299
2015,2015-10-11 02:30:00,0,USU,FRES,56,14,21,1,1,27,0,43,201,10,2,0,20,3,42,82
2015,2015-10-11 03:59:00,0,SDSU,HAW,28,14,19,3,1,15,0,57,218,14,3,1,39,2,28,53
2015,2015-10-15 23:00:00,0,AUB,UK,30,27,21,0,0,28,0,47,152,25,0,0,44,1,33,138
2015,2015-10-15 23:30:00,0,WKU,UNT,55,28,35,0,0,43,1,40,283,22,3,1,35,1,35,203
2015,2015-10-16 02:30:00,0,UCLA,STAN,35,56,19,0,0,42,2,31,181,19,1,0,16,1,48,310
2015,2015-10-17 00:00:00,0,CIN,BYU,24,38,21,3,0,31,0,46,121,22,0,0,32,1,29,197
2015,2015-10-17 01:00:00,0,HOU,TULN,42,7,24,1,0,25,1,47,239,11,0,0,33,0,32,112
2015,2015-10-17 01:00:00,0,BSU,USU,26,52,20,5,5,50,3,30,34,15,1,1,24,0,43,177
2015,2015-10-17 02:30:00,0,UNLV,FRES,28,31,20,0,0,24,0,48,188,23,1,1,31,0,38,217
2015,2015-10-17 16:00:00,0,LOU,FSU,21,41,20,1,1,35,1,30,99,24,1,0,39,0,32,133
2015,2015-10-17 16:00:00,0,TTU,KU,30,20,29,2,1,50,1,44,222,26,4,2,50,1,40,145
2015,2015-10-17 16:00:00,0,FIU,MTSU,34,42,25,1,0,51,1,30,86,22,1,1,26,1,43,200
2015,2015-10-17 16:00:00,0,BUCK,ARMY,14,21,14,0,0,33,1,21,104,18,3,1,10,2,61,263
2015,2015-10-17 16:00:00,0,TLSA,ECU,17,30,22,2,1,41,1,45,175,18,1,0,29,1,43,143
2015,2015-10-17 16:00:00,0,EMU,TOL,20,63,23,3,1,37,1,48,282,23,1,1,33,0,29,238
2015,2015-10-17 16:00:00,0,PUR,WIS,7,24,12,2,1,26,0,29,55,26,1,0,39,1,37,96
2015,2015-10-17 16:00:00,0,WMU,OHIO,49,14,23,1,0,20,0,44,430,20,1,0,40,0,30,99
2015,2015-10-17 16:00:00,0,MRSH,FAU,33,17,26,0,0,28,1,47,326,17,0,0,31,1,34,131
2015,2015-10-17 16:00:00,0,MISS,MEM,24,37,25,0,0,48,2,24,40,31,0,0,53,1,41,107
2015,2015-10-17 16:00:00,0,LT,MSST,20,45,24,0,0,41,1,32,110,28,2,0,43,0,30,93
2015,2015-10-17 16:00:00,0,IOWA,NW,40,10,24,1,0,27,1,51,294,13,2,2,43,1,26,51
2015,2015-10-17 16:00:00,0,WVU,BAY,38,62,22,0,0,39,1,44,182,34,3,0,34,0,50,304
2015,2015-10-17 16:00:00,0,USF,CONN,28,20,17,0,0,16,2,44,275,26,3,0,42,1,38,163
2015,2015-10-17 16:30:00,0,PITT,GT,31,28,21,2,0,23,0,43,200,19,3,1,15,1,40,376
2015,2015-10-17 17:00:00,0,BUFF,CMU,14,51,13,2,2,28,2,29,92,25,1,0,30,1,45,150
2015,2015-10-17 18:30:00,0,NIU,M-OH,45,12,21,2,2,26,0,37,311,17,2,1,33,1,41,153
2015,2015-10-17 19:00:00,0,AKR,BGSU,10,59,16,2,2,30,2,42,167,27,1,0,33,0,42,120
2015,2015-10-17 19:00:00,0,GAST,BALL,31,19,21,2,1,39,0,32,33,24,1,0,48,1,40,154
2015,2015-10-17 19:30:00,0,VT,MIAMI,20,30,20,2,1,27,3,35,160,20,2,0,30,0,39,99
2015,2015-10-17 19:30:00,0,CHAR,ODU,34,37,31,3,2,36,1,70,309,24,4,1,46,1,31,115
2015,2015-10-17 19:30:00,0,SYR,UVA,38,44,21,4,2,22,0,43,184,25,2,1,37,1,44,159
2015,2015-10-17 19:30:00,0,RUTG,IND,55,52,25,3,0,43,1,40,210,28,2,1,42,2,34,163
2015,2015-10-17 19:30:00,0,OKLA,KSU,55,0,30,1,0,32,0,52,232,7,0,0,22,3,31,65
2015,2015-10-17 19:30:00,0,KENT,UMASS,15,10,18,1,0,25,1,50,192,16,0,0,33,1,27,86
2015,2015-10-17 19:30:00,0,NEB,MINN,48,25,23,1,0,26,0,39,203,18,1,1,40,2,26,65
2015,2015-10-17 19:30:00,0,AFA,CSU,23,38,21,3,1,16,1,56,269,22,0,0,30,1,37,160
2015,2015-10-17 19:30:00,0,IDHO,TROY,19,16,20,1,0,37,0,37,123,22,2,2,38,2,37,143
2015,2015-10-17 19:30:00,0,MSU,MICH,27,23,20,0,0,39,0,33,58,10,2,1,25,0,33,62
2015,2015-10-17 19:30:00,0,ALA,TA&M,41,23,17,2,1,25,0,45,258,16,2,0,45,4,25,32
2015,2015-10-17 20:00:00,0,ORST,WSU,31,52,21,1,0,30,2,45,218,32,2,1,52,2,22,111
2015,2015-10-17 20:00:00,0,NEV,WYO,21,28,27,1,0,41,0,30,118,25,1,0,20,0,51,272
2015,2015-10-17 20:00:00,0,VAN,SC,10,19,20,5,2,42,3,35,155,17,2,1,29,1,37,152
2015,2015-10-17 22:00:00,0,NMSU,GASO,26,56,19,1,0,37,1,29,133,24,2,1,8,0,59,507
2015,2015-10-17 23:00:00,0,FLA,LSU,28,35,15,1,0,32,0,31,55,18,3,1,19,0,41,221
2015,2015-10-17 23:00:00,0,HAW,UNM,27,28,23,0,0,25,2,50,220,28,3,2,26,0,53,197
2015,2015-10-17 23:00:00,0,UTSA,USM,10,32,12,2,2,22,0,41,139,23,1,1,31,3,44,213
2015,2015-10-17 23:00:00,0,WAKE,UNC,14,50,16,1,1,30,0,43,113,22,0,0,26,2,33,212
2015,2015-10-17 23:00:00,0,TCU,ISU,45,21,30,1,1,34,0,41,177,24,2,2,38,0,38,115
2015,2015-10-17 23:00:00,0,APP,ULM,59,14,23,2,1,16,0,50,379,21,0,0,35,2,39,159
2015,2015-10-17 23:00:00,0,BC,CLEM,17,34,11,2,0,23,0,38,159,24,0,0,42,2,36,112
2015,2015-10-17 23:30:00,0,USC,ND,31,41,19,0,0,47,2,30,150,21,1,1,25,0,35,214
2015,2015-10-17 23:30:00,0,MIZ,UGA,6,9,6,2,1,26,0,22,21,19,0,0,32,1,45,120
2015,2015-10-17 23:30:00,0,UCF,TEM,16,30,10,1,0,31,2,29,67,20,3,3,27,1,41,212
2015,2015-10-18 00:00:00,0,PSU,OSU,10,38,14,2,1,13,0,40,195,25,1,0,19,0,50,315
2015,2015-10-18 01:00:00,0,ARIZ,COLO,38,31,26,5,2,40,0,44,291,22,4,1,44,0,43,128
2015,2015-10-18 02:00:00,0,ASU,UTAH,18,34,12,2,1,42,1,28,15,16,1,0,36,0,31,72
2015,2015-10-18 02:30:00,0,SDSU,SJSU,30,7,23,0,0,14,0,48,233,14,2,0,24,2,35,35
2015,2015-10-18 02:30:00,0,ORE,WASH,26,20,21,2,0,25,0,51,170,17,0,0,32,1,30,180
2015,2015-10-22 23:00:00,0,TEM,ECU,24,14,17,1,0,36,0,25,72,24,1,1,53,1,35,95
2015,2015-10-22 23:30:00,0,GASO,APP,13,31,13,0,0,13,2,38,188,22,0,0,20,0,48,231
2015,2015-10-23 01:00:00,0,CAL,UCLA,24,40,25,0,0,53,0,35,131,31,1,1,48,0,42,174
2015,2015-10-24 00:00:00,0,MEM,TLSA,66,42,35,1,1,44,0,52,257,27,2,2,36,1,45,113
2015,2015-10-24 02:30:00,0,USU,SDSU,14,48,16,4,3,20,1,36,144,19,0,0,10,0,61,336
2015,2015-10-24 16:00:00,0,AUB,ARK,46,54,22,1,0,34,0,52,162,29,2,0,32,1,49,213
2015,2015-10-24 16:00:00,0,HOU,UCF,59,10,30,1,0,28,0,48,366,14,1,1,29,3,30,97
2015,2015-10-24 16:00:00,0,ARMY,RICE,31,38,18,2,1,10,0,56,378,21,2,2,30,0,35,165
2015,2015-10-24 16:00:00,0,USM,CHAR,44,10,22,2,2,40,0,38,212,13,0,0,30,3,36,137
2015,2015-10-24 16:00:00,0,PITT,SYR,23,20,24,3,0,28,0,46,188,16,0,0,31,2,23,136
2015,2015-10-24 16:00:00,0,NCST,WAKE,35,17,19,0,0,34,0,30,248,17,1,0,30,1,38,149
2015,2015-10-24 16:00:00,0,NW,NEB,30,28,15,0,0,28,0,28,156,22,0,0,48,1,38,82
2015,2015-10-24 16:00:00,0,ISU,BAY,27,45,23,5,2,29,2,55,232,27,1,1,38,1,49,276
2015,2015-10-24 16:00:00,0,KSU,TEX,9,23,15,2,0,24,1,37,135,20,0,0,16,0,53,274
2015,2015-10-24 16:00:00,0,CLEM,MIAMI,58,0,33,2,1,25,0,63,416,6,0,0,32,3,29,53
2015,2015-10-24 16:30:00,0,BC,LOU,14,17,4,4,1,22,0,30,-14,18,2,2,26,2,48,135
2015,2015-10-24 17:00:00,0,TULN,NAVY,14,31,21,2,2,38,1,27,123,18,0,0,12,0,54,133
2015,2015-10-24 17:00:00,0,BGSU,KENT,48,0,31,0,0,45,0,46,153,10,0,0,25,2,26,55
2015,2015-10-24 18:00:00,0,FRES,AFA,14,42,12,0,0,39,1,17,134,26,2,1,11,0,79,458
2015,2015-10-24 18:00:00,0,M-OH,WMU,13,35,12,3,2,27,0,27,58,25,0,0,32,0,47,143
2015,2015-10-24 19:00:00,0,CMU,BALL,23,21,20,3,1,39,1,31,118,17,2,1,40,0,29,112
2015,2015-10-24 19:00:00,0,WAG,BYU,6,70,6,0,0,16,1,36,83,31,0,0,27,0,42,330
2015,2015-10-24 19:00:00,0,TOL,UMASS,51,35,33,1,0,47,3,58,265,19,1,0,49,1,24,148
2015,2015-10-24 19:30:00,0,EMU,NIU,21,49,26,0,0,43,1,44,157,34,0,0,38,0,59,324
2015,2015-10-24 19:30:00,0,WIS,ILL,24,13,23,1,0,40,2,40,138,15,1,1,43,1,13,55
2015,2015-10-24 19:30:00,0,DUKE,VT,45,43,20,0,0,40,0,32,179,28,0,0,47,0,53,182
2015,2015-10-24 19:30:00,0,MTSU,LT,16,45,21,2,1,56,2,24,33,22,0,0,33,0,35,169
2015,2015-10-24 19:30:00,0,PSU,MD,31,30,16,4,3,30,0,31,48,21,3,2,28,3,48,241
2015,2015-10-24 19:30:00,0,IND,MSU,26,52,20,3,1,37,1,23,81,33,2,1,52,0,44,142
2015,2015-10-24 19:30:00,0,TENN,ALA,14,19,21,1,1,22,0,39,132,23,0,0,27,1,42,117
2015,2015-10-24 19:30:00,0,TTU,OKLA,27,63,28,0,0,45,4,40,172,35,2,1,22,1,57,405
2015,2015-10-24 19:30:00,0,UVA,UNC,13,26,23,1,1,30,4,39,205,24,3,1,26,1,38,196
2015,2015-10-24 19:30:00,0,KU,OKST,10,58,9,0,0,31,2,27,30,33,0,0,36,0,47,202
2015,2015-10-24 19:30:00,0,OHIO,BUFF,17,41,22,0,0,54,4,34,54,19,0,0,32,0,34,161
2015,2015-10-24 19:30:00,0,UNT,MRSH,13,30,22,0,0,37,1,40,209,21,0,0,34,0,43,213
2015,2015-10-24 20:00:00,0,HAW,NEV,20,30,19,2,1,40,3,24,34,20,1,0,23,1,56,244
2015,2015-10-24 20:00:00,0,SMU,USF,14,38,19,3,3,37,1,43,132,15,3,1,21,0,44,255
2015,2015-10-24 20:00:00,0,WSU,ARIZ,45,42,34,4,0,62,0,31,117,24,2,1,37,0,32,176
2015,2015-10-24 20:00:00,0,MIZ,VAN,3,10,10,2,1,34,0,19,80,18,1,1,28,0,49,168
2015,2015-10-24 20:30:00,0,CONN,CIN,13,37,19,3,1,41,1,30,136,28,3,1,35,0,49,285
2015,2015-10-24 21:00:00,0,ULM,IDHO,13,27,15,1,0,37,0,23,57,28,2,2,39,1,52,174
2015,2015-10-24 22:00:00,0,ODU,FIU,12,41,20,3,2,34,1,33,297,20,3,1,39,0,33,58
2015,2015-10-24 23:00:00,0,UNM,SJSU,21,31,15,1,1,20,1,32,205,25,0,0,20,0,57,317
2015,2015-10-24 23:00:00,0,FAU,UTEP,17,27,15,2,2,23,1,30,146,20,1,1,39,0,38,139
2015,2015-10-24 23:00:00,0,FSU,GT,16,22,17,1,0,31,1,24,70,15,0,0,10,2,49,261
2015,2015-10-24 23:00:00,0,USA,TXST,18,36,22,0,0,27,0,47,272,19,0,0,23,1,43,319
2015,2015-10-24 23:00:00,0,TA&M,MISS,3,23,12,3,2,45,1,27,58,28,2,1,41,3,51,230
2015,2015-10-24 23:00:00,0,WKU,LSU,20,48,24,3,1,61,1,23,103,21,2,0,20,0,43,211
2015,2015-10-24 23:30:00,0,UTAH,USC,24,42,20,2,0,36,4,28,99,21,1,0,29,0,45,116
2015,2015-10-24 23:30:00,0,UK,MSST,16,42,30,0,0,52,3,33,163,30,0,0,36,1,36,204
2015,2015-10-25 00:00:00,0,TROY,NMSU,52,7,23,0,0,42,0,24,166,20,3,2,34,0,47,231
2015,2015-10-25 00:00:00,0,OSU,RUTG,49,7,27,1,1,21,0,49,281,12,1,0,27,1,29,104
2015,2015-10-25 02:21:00,0,WYO,BSU,14,34,16,1,0,21,1,33,110,24,2,1,28,0,47,207
2015,2015-10-25 02:30:00,0,COLO,ORST,17,13,20,1,0,23,0,45,188,17,1,0,32,1,41,202
2015,2015-10-25 02:36:00,0,WASH,STAN,14,31,11,0,0,21,0,24,113,25,0,0,24,1,48,188
2015,2015-10-29 23:00:00,0,UNC,PITT,26,19,17,2,0,23,0,35,174,25,1,1,42,0,37,153
2015,2015-10-29 23:30:00,0,BUFF,M-OH,29,24,18,0,0,29,1,40,144,19,1,1,36,0,31,124
2015,2015-10-29 23:30:00,0,WMU,EMU,58,28,26,1,0,24,0,36,279,26,3,2,30,2,39,226
2015,2015-10-29 23:30:00,0,TXST,GASO,13,37,13,0,0,27,2,31,126,22,3,3,6,0,67,503
2015,2015-10-29 23:30:00,0,WVU,TCU,10,40,21,0,0,39,1,37,167,35,0,0,48,0,40,228
2015,2015-10-30 02:30:00,0,ORE,ASU,61,55,19,0,0,41,1,28,186,37,2,0,53,2,55,344
2015,2015-10-30 23:00:00,0,ECU,CONN,13,31,16,3,0,33,4,36,203,17,2,1,21,1,44,220
2015,2015-10-30 23:00:00,0,LOU,WAKE,20,19,17,3,1,32,0,42,68,11,2,1,30,4,32,40
2015,2015-10-31 00:00:00,0,LT,RICE,42,17,21,1,0,27,0,33,135,15,0,0,28,0,33,101
2015,2015-10-31 02:26:00,0,WYO,USU,27,58,22,0,0,18,0,49,270,34,1,1,19,0,43,296
2015,2015-10-31 16:00:00,0,SC,TA&M,28,35,19,3,0,24,2,43,253,29,0,0,28,0,54,321
2015,2015-10-31 16:00:00,0,UCF,CIN,7,52,16,0,0,23,1,41,212,33,0,0,32,1,42,237
2015,2015-10-31 16:00:00,0,USF,NAVY,17,29,9,2,1,20,0,24,62,22,1,1,9,0,69,428
2015,2015-10-31 16:00:00,0,ILL,PSU,0,39,12,1,0,44,1,27,37,23,2,2,33,0,37,120
2015,2015-10-31 16:00:00,0,MISS,AUB,27,19,27,2,0,52,2,39,156,18,0,0,32,1,41,125
2015,2015-10-31 16:00:00,0,RUTG,WIS,10,48,8,1,1,20,1,38,83,15,1,0,28,2,38,209
2015,2015-10-31 16:00:00,0,SYR,FSU,21,45,14,1,1,25,0,42,173,23,1,0,38,0,34,221
2015,2015-10-31 16:00:00,0,NEB,PUR,45,55,28,1,1,48,4,29,77,20,0,0,43,0,37,183
2015,2015-10-31 16:00:00,0,WKU,ODU,55,30,22,0,0,29,0,31,239,20,2,1,34,0,37,147
2015,2015-10-31 16:30:00,0,VT,BC,26,10,17,2,1,23,1,46,81,15,4,3,21,1,35,75
2015,2015-10-31 17:00:00,0,UMASS,BALL,10,20,26,0,0,44,1,36,189,24,1,1,32,1,44,152
2015,2015-10-31 18:00:00,0,CMU,AKR,14,6,16,1,0,37,1,24,39,15,2,0,36,1,25,25
2015,2015-10-31 18:30:00,0,UTEP,USM,13,34,16,2,0,32,0,32,101,24,2,1,33,0,36,246
2015,2015-10-31 19:00:00,0,USC,CAL,27,21,22,0,0,23,0,50,185,23,1,1,31,2,30,117
2015,2015-10-31 19:00:00,0,GT,UVA,21,27,18,2,2,31,0,33,144,21,0,0,28,1,42,233
2015,2015-10-31 19:00:00,0,COLO,UCLA,31,35,34,0,0,58,2,56,242,16,2,2,33,0,26,138
2015,2015-10-31 19:30:00,0,FIU,FAU,17,31,20,2,1,27,1,32,66,27,0,0,25,0,49,229
2015,2015-10-31 19:30:00,0,CLEM,NCST,56,41,27,3,1,30,0,50,240,18,1,1,41,0,27,135
2015,2015-10-31 19:30:00,0,TROY,APP,41,44,25,0,0,43,2,45,140,22,0,0,26,1,58,248
2015,2015-10-31 19:30:00,0,OKST,TTU,70,53,29,3,0,43,1,36,184,32,2,1,55,2,39,162
2015,2015-10-31 19:30:00,0,SDSU,CSU,41,17,21,1,0,14,0,47,276,22,1,1,28,3,33,163
2015,2015-10-31 19:30:00,0,OKLA,KU,62,7,35,2,2,41,0,41,265,15,2,2,34,0,36,35
2015,2015-10-31 19:30:00,0,BSU,UNLV,55,27,34,2,1,53,0,37,232,28,1,0,51,2,25,100
2015,2015-10-31 19:30:00,0,MRSH,CHAR,34,10,31,0,0,53,0,39,136,22,1,1,36,1,43,166
2015,2015-10-31 19:30:00,0,UGA,FLA,3,27,12,1,1,34,4,22,69,15,2,1,19,0,48,258
2015,2015-10-31 19:30:00,0,MD,IOWA,15,31,15,2,1,23,3,34,167,18,1,1,24,0,44,110
2015,2015-10-31 20:00:00,0,TLSA,SMU,40,31,22,1,0,27,0,57,179,23,2,1,46,1,32,84
2015,2015-10-31 20:00:00,0,UTM,ARK,28,63,25,1,1,44,2,23,139,22,0,0,20,0,36,291
2015,2015-10-31 21:00:00,0,ULM,ULL,24,30,15,7,2,35,0,34,76,15,2,0,21,0,44,152
2015,2015-10-31 23:00:00,0,GAST,ARST,34,48,21,1,1,43,1,32,101,28,1,1,29,2,52,296
2015,2015-10-31 23:00:00,0,ORST,UTAH,12,27,16,0,0,35,0,30,108,20,2,0,17,0,44,174
2015,2015-10-31 23:00:00,0,TEX,ISU,0,24,11,0,0,22,1,32,119,28,1,0,38,0,54,238
2015,2015-10-31 23:00:00,0,VAN,HOU,0,34,12,2,1,20,3,42,141,19,3,2,23,0,51,150
2015,2015-10-31 23:00:00,0,TULN,MEM,13,41,17,2,0,24,0,42,139,32,0,0,44,0,39,223
2015,2015-10-31 23:00:00,0,UTSA,UNT,23,30,31,2,1,41,0,50,230,20,2,1,22,0,38,267
2015,2015-10-31 23:00:00,0,MIAMI,DUKE,30,27,21,2,1,29,1,39,119,34,2,1,52,0,39,182
2015,2015-10-31 23:00:00,0,MICH,MINN,29,26,20,2,1,27,1,34,127,20,0,0,33,0,35,144
2015,2015-10-31 23:30:00,0,TENN,UK,52,21,21,3,1,26,1,43,249,18,1,1,33,1,32,165
2015,2015-11-01 00:00:00,0,ND,TEM,24,20,20,0,0,36,2,31,168,16,1,0,30,1,32,107
2015,2015-11-01 00:00:00,0,IDHO,NMSU,48,55,30,0,0,42,2,50,262,24,2,1,40,1,41,315
2015,2015-11-01 02:30:00,0,STAN,WSU,30,28,15,2,1,19,1,40,226,26,0,0,63,2,23,88
2015,2015-11-01 02:30:00,0,AFA,HAW,58,7,32,1,0,9,0,83,496,7,2,2,35,2,12,-2
2015,2015-11-01 03:00:00,0,ARIZ,WASH,3,49,22,4,1,42,3,44,127,22,0,0,25,0,36,201
2015,2015-11-05 01:00:00,0,OHIO,BGSU,24,62,34,0,0,41,2,56,299,29,0,0,39,0,30,182
2015,2015-11-06 00:00:00,0,BUFF,KENT,18,17,20,0,0,39,1,35,116,17,0,0,31,1,31,106
2015,2015-11-06 00:30:00,0,BAY,KSU,31,24,20,1,0,33,0,34,103,22,2,1,23,2,48,258
2015,2015-11-06 00:30:00,0,BALL,WMU,7,54,7,1,0,27,1,25,74,31,3,1,27,0,56,358
2015,2015-11-06 00:30:00,0,ARST,APP,40,27,24,0,0,25,0,52,309,18,4,2,36,1,30,108
2015,2015-11-06 02:00:00,0,MSST,MIZ,31,13,23,3,2,41,0,36,127,16,1,0,26,2,45,215
2015,2015-11-06 03:30:00,0,NEV,FRES,30,16,18,0,0,17,1,50,292,18,1,1,35,3,29,126
2015,2015-11-07 01:00:00,0,TEM,SMU,60,40,20,0,0,25,0,37,268,20,1,1,30,1,38,185
2015,2015-11-07 01:00:00,0,RICE,UTEP,21,24,16,3,0,28,0,30,96,19,4,1,36,0,34,161
2015,2015-11-07 04:30:00,0,BYU,SJSU,17,16,17,0,0,37,1,25,36,18,1,1,26,0,38,122
2015,2015-11-07 17:00:00,0,VAN,FLA,7,9,11,1,0,14,0,48,145,12,3,3,26,1,34,93
2015,2015-11-07 17:00:00,0,FAU,WKU,19,35,23,0,0,33,0,43,174,25,1,0,30,1,34,229
2015,2015-11-07 17:00:00,0,AKR,UMASS,17,13,18,2,1,27,2,41,155,19,1,0,44,2,32,88
2015,2015-11-07 17:00:00,0,ILL,PUR,48,14,29,0,0,38,0,41,382,17,0,0,47,2,28,89
2015,2015-11-07 17:00:00,0,CHAR,FIU,31,48,27,1,0,38,1,48,131,24,0,0,42,1,32,155
2015,2015-11-07 17:00:00,0,DUKE,UNC,31,66,30,1,1,40,2,44,327,29,0,0,40,0,40,167
2015,2015-11-07 17:00:00,0,UK,UGA,3,27,8,1,1,23,2,24,79,21,3,2,19,0,52,300
2015,2015-11-07 17:00:00,0,UCF,TLSA,30,45,22,2,2,43,2,40,109,21,2,2,18,2,46,275
2015,2015-11-07 17:00:00,0,TTU,WVU,26,31,23,0,0,36,1,42,179,28,0,0,24,2,57,300
2015,2015-11-07 17:00:00,0,PSU,NW,21,23,17,1,1,41,1,30,125,22,4,0,32,1,47,227
2015,2015-11-07 17:00:00,0,ND,PITT,42,30,22,3,1,26,0,42,175,18,0,0,32,1,31,175
2015,2015-11-07 17:30:00,0,SYR,LOU,17,41,13,2,1,37,2,36,102,23,3,3,36,1,31,217
2015,2015-11-07 17:30:00,0,NCST,BC,24,8,12,2,1,27,1,33,139,16,1,1,37,3,34,28
2015,2015-11-07 18:00:00,0,STAN,COLO,42,10,25,3,0,27,1,48,275,15,0,0,23,2,30,83
2015,2015-11-07 19:00:00,0,ULL,GAST,23,21,19,0,0,27,1,41,145,21,0,0,39,1,29,78
2015,2015-11-07 19:30:00,0,EMU,M-OH,13,28,10,2,1,20,1,39,103,21,2,1,18,1,47,291
2015,2015-11-07 20:00:00,0,CSU,WYO,26,7,23,0,0,15,1,55,228,15,3,3,21,1,34,130
2015,2015-11-07 20:00:00,0,IDHO,USA,45,52,27,3,2,39,1,45,177,19,2,2,19,0,45,286
2015,2015-11-07 20:00:00,0,UVA,MIAMI,21,27,24,0,0,42,1,32,127,18,1,0,26,1,33,143
2015,2015-11-07 20:30:00,0,FSU,CLEM,13,23,14,1,1,29,1,30,197,29,1,0,43,0,42,215
2015,2015-11-07 20:30:00,0,ULM,TROY,14,51,20,3,3,42,3,35,114,20,0,0,36,0,35,148
2015,2015-11-07 20:30:00,0,UNT,LT,13,56,20,4,3,45,1,36,82,25,2,2,27,1,36,274
2015,2015-11-07 20:30:00,0,ARK,MISS,53,52,34,3,0,45,0,39,163,31,0,0,34,0,32,222
2015,2015-11-07 20:30:00,0,USU,UNM,13,14,13,2,2,25,0,37,78,10,2,0,12,1,48,132
2015,2015-11-07 20:30:00,0,CIN,HOU,30,33,24,2,1,51,2,18,66,24,1,0,24,2,63,266
2015,2015-11-07 20:30:00,0,ASU,WSU,24,38,24,1,1,45,1,42,202,21,1,0,55,1,17,15
2015,2015-11-07 20:30:00,0,RUTG,MICH,16,49,17,1,0,27,1,32,128,25,0,0,26,0,42,150
2015,2015-11-07 20:30:00,0,IOWA,IND,35,27,26,0,0,31,0,44,234,26,0,0,37,1,39,227
2015,2015-11-07 20:30:00,0,WIS,MD,31,24,18,0,0,24,1,40,117,16,0,0,34,2,32,112
2015,2015-11-07 20:30:00,0,MRSH,MTSU,24,27,30,1,0,58,1,45,139,27,2,2,35,1,51,201
2015,2015-11-07 20:30:00,0,TCU,OKST,29,49,36,0,0,58,4,52,218,16,1,0,27,0,26,81
2015,2015-11-07 20:30:00,0,ARMY,AFA,3,20,9,1,0,8,0,44,124,14,0,0,10,0,47,196
2015,2015-11-07 21:00:00,0,SC,TENN,24,27,23,2,1,39,0,40,152,19,3,2,34,1,41,153
2015,2015-11-07 21:00:00,0,CONN,TULN,7,3,9,1,0,19,1,42,146,9,2,0,40,1,25,34
2015,2015-11-07 21:00:00,0,NMSU,TXST,31,21,26,1,0,45,0,48,230,20,1,1,36,2,37,113
2015,2015-11-07 21:30:00,0,UCLA,ORST,41,0,33,2,0,43,0,52,284,12,2,1,24,3,33,115
2015,2015-11-07 23:00:00,0,HAW,UNLV,21,41,16,3,2,33,1,31,191,22,1,1,24,1,53,289
2015,2015-11-08 00:00:00,0,ODU,UTSA,36,31,30,0,0,48,1,37,170,24,1,1,38,0,38,141
2015,2015-11-08 00:00:00,0,NAVY,MEM,45,20,23,1,0,5,0,66,374,21,4,2,42,1,31,133
2015,2015-11-08 00:00:00,0,MSU,NEB,38,39,25,1,0,39,1,34,143,24,0,0,33,2,36,179
2015,2015-11-08 00:00:00,0,ISU,OKLA,16,52,22,0,0,51,1,38,114,28,2,1,33,0,39,279
2015,2015-11-08 00:30:00,0,AUB,TA&M,26,10,20,1,0,17,0,52,311,21,0,0,35,3,38,166
2015,2015-11-08 00:30:00,0,UTAH,WASH,34,23,19,2,2,25,1,45,191,20,5,3,39,1,39,124
2015,2015-11-08 00:30:00,0,USF,ECU,22,17,22,3,1,23,0,60,242,8,1,0,23,0,34,62
2015,2015-11-08 01:00:00,0,MINN,OSU,14,28,13,1,0,45,1,26,33,18,1,1,22,0,44,189
2015,2015-11-08 01:00:00,0,LSU,ALA,16,30,12,0,0,19,1,26,54,28,2,1,24,0,55,250
2015,2015-11-08 01:00:00,0,KU,TEX,20,59,23,5,1,41,3,48,192,20,2,1,30,0,40,299
2015,2015-11-08 03:30:00,0,ARIZ,USC,30,38,24,1,0,47,1,32,60,23,1,1,36,0,40,229
2015,2015-11-08 03:30:00,0,CAL,ORE,28,44,20,0,0,42,1,24,103,36,0,0,29,2,63,477
2015,2015-11-12 01:00:00,0,NIU,BUFF,41,30,24,1,1,24,1,67,334,23,0,0,47,3,23,78
2015,2015-11-12 01:00:00,0,BGSU,WMU,41,27,28,0,0,41,1,41,236,27,2,1,40,1,45,205
2015,2015-11-13 00:30:00,0,VT,GT,23,21,17,1,1,29,1,39,165,15,3,3,13,0,47,161
2015,2015-11-13 00:30:00,0,ULL,USA,25,32,18,1,0,34,1,24,43,26,0,0,31,1,52,207
2015,2015-11-14 02:00:00,0,USC,COLO,27,24,19,1,0,27,1,37,129,21,1,1,31,0,36,59
2015,2015-11-14 17:00:00,0,TULN,ARMY,34,31,18,1,0,29,1,28,115,16,5,1,13,0,55,216
2015,2015-11-14 17:00:00,0,UTEP,ODU,21,31,19,1,0,38,2,30,112,22,0,0,42,0,31,150
2015,2015-11-14 17:00:00,0,OSU,ILL,28,3,23,2,1,25,1,50,283,15,2,2,47,0,25,20
2015,2015-11-14 17:00:00,0,MD,MSU,7,24,16,3,2,36,3,37,107,16,2,1,32,2,41,141
2015,2015-11-14 17:00:00,0,PUR,NW,14,21,18,1,0,45,1,30,73,21,1,1,24,2,48,250
2015,2015-11-14 17:00:00,0,UGA,AUB,20,13,15,2,0,17,0,45,146,16,2,2,27,1,37,213
2015,2015-11-14 17:00:00,0,FLA,SC,24,14,20,1,0,33,2,43,148,13,2,0,25,2,23,21
2015,2015-11-14 17:00:00,0,MTSU,FAU,24,17,22,2,1,32,1,45,178,14,2,0,27,1,34,75
2015,2015-11-14 17:00:00,0,KU,TCU,17,23,13,0,0,41,1,30,121,25,1,0,34,1,58,279
2015,2015-11-14 17:00:00,0,TEX,WVU,20,38,19,4,3,19,2,54,277,18,0,0,12,1,51,257
2015,2015-11-14 17:00:00,0,PITT,DUKE,31,13,26,3,1,23,0,58,268,18,3,2,43,1,22,113
2015,2015-11-14 17:00:00,0,UNT,TENN,0,24,14,2,0,26,0,32,92,24,1,0,28,1,48,237
2015,2015-11-14 17:00:00,0,AKR,M-OH,37,28,20,0,0,28,2,45,193,18,3,2,42,2,31,68
2015,2015-11-14 17:30:00,0,UVA,LOU,31,38,22,3,1,41,0,31,94,23,2,2,22,0,37,266
2015,2015-11-14 17:30:00,0,NCST,FSU,17,34,21,2,1,49,0,31,79,28,3,2,37,3,38,196
2015,2015-11-14 19:00:00,0,USU,AFA,28,35,19,0,0,47,1,23,75,27,0,0,17,0,64,309
2015,2015-11-14 19:00:00,0,UTSA,CHAR,30,27,23,1,0,33,3,47,218,22,3,0,29,2,54,134
2015,2015-11-14 20:00:00,0,UMASS,EMU,28,17,24,0,0,20,1,57,330,23,1,1,43,0,26,59
2015,2015-11-14 20:00:00,0,ARST,ULM,59,21,19,3,1,32,0,50,148,10,4,1,31,4,44,152
2015,2015-11-14 20:00:00,0,WASH,ASU,17,27,27,1,1,52,3,34,142,19,1,0,34,0,43,144
2015,2015-11-14 20:30:00,0,MIAMI,UNC,21,59,25,1,1,43,1,32,99,30,1,0,22,0,46,298
2015,2015-11-14 20:30:00,0,KSU,TTU,44,59,19,1,1,42,1,34,123,32,1,1,43,0,40,274
2015,2015-11-14 20:30:00,0,OKST,ISU,35,31,28,2,1,38,0,48,154,19,1,0,22,1,38,249
2015,2015-11-14 20:30:00,0,SMU,NAVY,14,55,15,1,0,24,2,31,144,28,0,0,9,0,65,403
2015,2015-11-14 20:30:00,0,USM,RICE,65,10,26,1,1,37,0,35,181,15,3,1,36,0,35,107
2015,2015-11-14 20:30:00,0,CLEM,SYR,37,27,29,2,2,47,1,37,210,16,2,1,21,0,34,242
2015,2015-11-14 20:30:00,0,GASO,TROY,45,10,25,1,1,7,0,66,325,11,3,2,29,1,18,68
2015,2015-11-14 20:30:00,0,MICH,IND,48,41,28,0,0,46,1,28,141,32,1,0,34,0,55,307
2015,2015-11-14 20:30:00,0,FIU,MRSH,0,52,13,1,0,27,1,36,111,26,1,1,26,1,39,289
2015,2015-11-14 20:30:00,0,ALA,MSST,31,6,13,0,0,25,1,30,235,20,3,1,45,1,42,89
2015,2015-11-14 20:30:00,0,WAKE,ND,7,28,23,2,0,30,1,44,121,15,0,0,19,0,30,171
2015,2015-11-14 20:30:00,0,NEB,RUTG,31,14,16,2,0,21,3,38,174,15,2,0,28,2,39,89
2015,2015-11-14 21:00:00,0,UK,VAN,17,21,12,1,1,34,2,37,225,13,3,2,26,0,42,135
2015,2015-11-14 21:00:00,0,SJSU,NEV,34,37,21,1,0,23,0,45,247,23,0,0,26,0,49,235
2015,2015-11-14 21:00:00,0,GAST,TXST,41,19,27,1,0,35,2,37,172,28,0,0,52,2,32,186
2015,2015-11-14 22:00:00,0,APP,IDHO,47,20,29,1,0,17,0,56,401,17,0,0,32,0,28,56
2015,2015-11-15 00:00:00,0,WCU,TA&M,17,41,13,1,0,31,1,27,137,36,2,1,45,2,52,304
2015,2015-11-15 00:00:00,0,UNLV,CSU,35,49,24,1,0,44,0,36,172,24,3,1,19,1,46,325
2015,2015-11-15 00:00:00,0,MEM,HOU,34,35,26,3,1,32,1,54,212,20,0,0,44,0,31,96
2015,2015-11-15 00:00:00,0,TEM,USF,23,44,22,0,0,48,1,31,121,22,2,1,22,0,48,326
2015,2015-11-15 00:15:00,0,ARK,LSU,31,14,17,1,1,16,1,40,299,20,1,1,35,1,30,59
2015,2015-11-15 00:30:00,0,TLSA,CIN,38,49,26,3,1,50,0,39,213,33,2,2,42,1,41,266
2015,2015-11-15 00:30:00,0,ORE,STAN,38,36,18,1,1,12,0,36,231,32,2,2,39,1,47,202
2015,2015-11-15 00:30:00,0,BYU,MIZ,16,20,18,3,2,41,0,15,46,23,2,1,28,1,55,190
2015,2015-11-15 01:00:00,0,OKLA,BAY,44,34,28,2,0,34,1,53,241,18,1,1,27,2,44,159
2015,2015-11-15 01:00:00,0,MINN,IOWA,35,40,24,0,0,28,0,29,133,27,0,0,27,0,48,272
2015,2015-11-15 03:00:00,0,UTAH,ARIZ,30,37,24,1,1,31,1,55,223,24,0,0,32,2,34,158
2015,2015-11-15 03:15:00,0,UNM,BSU,31,24,11,3,1,13,1,39,195,40,4,1,74,3,40,135
2015,2015-11-15 03:30:00,0,WYO,SDSU,3,38,12,1,1,21,2,32,62,25,2,2,19,0,53,293
2015,2015-11-15 03:30:00,0,ORST,CAL,24,54,21,0,0,36,0,34,204,36,0,0,37,1,46,307
2015,2015-11-15 03:45:00,0,WSU,UCLA,31,27,26,1,0,58,1,22,38,30,2,2,57,0,32,214
2015,2015-11-15 04:00:00,0,FRES,HAW,42,14,29,0,0,35,0,51,170,25,2,1,49,3,39,192
2015,2015-11-17 23:00:00,0,TOL,BGSU,44,28,20,0,0,24,1,50,198,28,4,3,46,2,30,94
2015,2015-11-18 00:00:00,0,BALL,OHIO,31,48,18,2,1,34,0,30,174,30,1,0,22,0,56,332
2015,2015-11-19 01:00:00,0,WMU,NIU,19,27,24,1,1,39,1,44,139,19,0,0,23,1,43,289
2015,2015-11-19 01:00:00,0,CMU,KENT,27,14,21,0,0,34,0,44,105,15,2,2,26,0,32,180
2015,2015-11-20 00:30:00,0,ECU,UCF,44,7,31,1,0,52,0,33,149,12,3,2,32,1,29,101
2015,2015-11-20 02:30:00,0,ULM,TXST,3,16,10,1,1,33,1,24,98,20,0,0,25,0,55,158
2015,2015-11-21 01:00:00,0,CIN,USF,27,65,25,2,2,51,4,35,97,25,1,1,20,2,53,361
2015,2015-11-21 02:30:00,0,AFA,BSU,37,30,23,3,1,16,3,54,328,20,2,0,48,0,32,141
2015,2015-11-21 17:00:00,0,ILL,MINN,23,32,28,2,2,48,1,35,154,16,1,1,26,0,32,255
2015,2015-11-21 17:00:00,0,RUTG,ARMY,31,21,18,0,0,21,0,39,254,18,2,1,6,1,52,261
2015,2015-11-21 17:00:00,0,MICH,PSU,28,16,19,2,1,38,1,30,87,14,1,1,32,0,22,70
2015,2015-11-21 17:00:00,0,MEM,TEM,12,31,13,1,0,34,0,35,76,25,2,1,26,1,46,200
2015,2015-11-21 17:00:00,0,WVU,KU,49,0,30,1,0,32,2,55,426,10,2,1,37,3,30,82
2015,2015-11-21 17:00:00,0,ISU,KSU,35,38,21,8,4,20,0,44,238,22,1,1,33,0,41,165
2015,2015-11-21 17:00:00,0,IND,MD,47,28,24,2,1,35,0,45,170,23,4,0,41,0,46,314
2015,2015-11-21 17:00:00,0,UNT,MTSU,7,41,18,3,2,28,1,39,191,30,1,1,41,1,39,165
2015,2015-11-21 17:00:00,0,CIT,SC,23,22,17,0,0,3,0,61,350,18,0,0,43,0,25,72
2015,2015-11-21 17:00:00,0,FAU,FLA,14,20,18,2,2,39,1,45,140,13,1,1,17,1,43,143
2015,2015-11-21 17:00:00,0,PUR,IOWA,20,40,21,3,1,46,0,38,137,21,1,1,20,0,39,174
2015,2015-11-21 17:00:00,0,UNC,VT,30,27,22,5,3,26,0,47,240,22,1,1,35,2,47,130
2015,2015-11-21 17:30:00,0,GT,MIAMI,21,38,19,9,2,9,2,57,314,15,2,0,26,0,28,86
2015,2015-11-21 17:30:00,0,SYR,NCST,29,42,15,3,1,21,1,32,140,27,1,1,34,1,47,276
2015,2015-11-21 18:00:00,0,M-OH,UMASS,20,13,18,2,1,23,0,46,139,13,1,0,34,1,30,69
2015,2015-11-21 19:00:00,0,USA,GAST,10,24,19,0,0,34,1,34,159,20,0,0,44,0,34,73
2015,2015-11-21 19:30:00,0,WKU,FIU,63,7,23,3,3,21,0,37,253,10,2,1,33,2,29,73
2015,2015-11-21 20:00:00,0,CHAT,FSU,13,52,15,1,1,23,1,39,165,25,1,1,23,0,37,193
2015,2015-11-21 20:00:00,0,FRES,BYU,10,52,17,0,0,48,3,30,85,22,3,2,39,0,34,158
2015,2015-11-21 20:30:00,0,WAKE,CLEM,13,33,11,1,1,28,1,32,39,24,1,1,40,3,42,171
2015,2015-11-21 20:30:00,0,LSU,MISS,17,38,25,4,1,51,2,38,184,21,2,1,34,0,31,152
2015,2015-11-21 20:30:00,0,MSU,OSU,17,14,17,2,2,16,0,51,203,5,0,0,16,0,29,86
2015,2015-11-21 20:30:00,0,ARIZ,ASU,37,52,19,3,1,43,2,34,109,24,1,1,32,1,48,250
2015,2015-11-21 20:30:00,0,USC,ORE,28,48,24,3,1,41,0,38,186,28,0,0,25,1,38,171
2015,2015-11-21 20:30:00,0,HOU,CONN,17,20,13,2,2,31,2,33,110,13,0,0,24,0,43,156
2015,2015-11-21 20:30:00,0,ODU,USM,31,56,18,2,1,45,1,23,114,33,1,1,37,1,48,310
2015,2015-11-21 20:30:00,0,LT,UTEP,17,15,12,1,1,22,0,28,119,21,0,0,38,1,42,226
2015,2015-11-21 20:30:00,0,UCLA,UTAH,17,9,18,1,0,30,0,38,105,23,2,2,26,0,49,197
2015,2015-11-21 20:30:00,0,DUKE,UVA,34,42,29,2,2,53,1,31,100,25,2,1,34,1,39,143
2015,2015-11-21 20:30:00,0,NW,WIS,13,7,12,0,0,20,0,50,149,14,5,3,36,2,26,-26
2015,2015-11-21 20:30:00,0,BUFF,AKR,21,42,23,1,1,51,2,28,130,25,1,0,30,0,45,217
2015,2015-11-21 20:30:00,0,NEV,USU,27,31,15,2,2,18,0,46,209,19,4,1,29,2,42,204
2015,2015-11-21 20:45:00,0,LOU,PITT,34,45,17,2,0,38,1,24,-1,25,1,0,34,0,45,244
2015,2015-11-21 21:00:00,0,CHSO,ALA,6,56,8,3,1,10,1,36,85,23,0,0,25,0,35,195
2015,2015-11-21 21:00:00,0,IDHO,AUB,34,56,26,2,1,48,2,37,123,25,2,0,19,0,51,297
2015,2015-11-21 22:00:00,0,NMSU,ULL,37,34,27,2,0,42,0,46,237,23,2,0,38,1,36,190
2015,2015-11-21 22:30:00,0,CSU,UNM,28,21,26,2,0,23,0,45,221,20,0,0,10,3,50,268
2015,2015-11-21 23:00:00,0,WASH,ORST,52,7,28,1,0,21,0,59,271,8,1,1,23,1,23,148
2015,2015-11-22 00:00:00,0,NAVY,TLSA,44,21,24,2,1,3,0,61,469,20,4,2,37,0,34,78
2015,2015-11-22 00:00:00,0,MSST,ARK,51,50,32,2,2,51,1,35,123,24,2,0,43,0,29,73
2015,2015-11-22 00:00:00,0,GASO,UGA,17,23,11,1,1,7,0,49,227,16,2,2,25,0,28,106
2015,2015-11-22 00:00:00,0,RICE,UTSA,24,34,28,2,1,41,2,46,161,18,0,0,13,0,45,242
2015,2015-11-22 00:15:00,0,TENN,MIZ,19,8,19,1,0,25,0,51,248,10,1,1,30,1,29,88
2015,2015-11-22 00:30:00,0,BC,ND,16,19,13,3,1,22,0,36,214,22,4,2,38,3,34,127
2015,2015-11-22 00:30:00,0,BAY,OKST,45,35,32,2,2,31,1,73,304,19,1,0,51,0,23,8
2015,2015-11-22 00:30:00,0,TA&M,VAN,25,0,22,1,0,36,0,38,150,10,1,0,16,1,44,125
2015,2015-11-22 00:30:00,0,CHAR,UK,10,58,14,2,1,25,2,48,146,22,1,1,29,0,44,415
2015,2015-11-22 01:00:00,0,TULN,SMU,21,49,17,0,0,33,0,33,200,21,1,0,25,0,44,323
2015,2015-11-22 01:00:00,0,TCU,OKLA,29,30,16,1,1,29,3,36,161,28,0,0,37,1,59,333
2015,2015-11-22 03:30:00,0,SDSU,UNLV,52,14,20,0,0,18,0,48,286,18,3,2,35,2,32,80
2015,2015-11-22 03:30:00,0,CAL,STAN,22,35,23,0,0,55,0,23,98,16,0,0,12,0,40,260
2015,2015-11-22 03:45:00,0,COLO,WSU,3,27,17,4,0,41,2,30,85,30,0,0,57,1,21,149
2015,2015-11-22 04:00:00,0,SJSU,HAW,42,23,23,0,0,33,0,40,195,18,2,1,25,1,38,213
2015,2015-11-27 17:00:00,0,NAVY,HOU,31,52,17,1,0,18,1,38,147,27,0,0,36,0,44,218
2015,2015-11-27 17:00:00,0,MIAMI,PITT,29,24,20,0,0,35,0,40,116,15,2,1,27,1,31,189
2015,2015-11-27 17:00:00,0,WMU,TOL,35,30,16,2,1,21,0,40,148,22,1,1,33,0,39,201
2015,2015-11-27 17:00:00,0,MRSH,WKU,28,49,16,2,2,41,2,25,31,31,3,2,40,0,43,176
2015,2015-11-27 17:00:00,0,KENT,AKR,0,20,7,3,3,24,0,20,10,26,1,1,19,0,51,229
2015,2015-11-27 18:00:00,0,EMU,CMU,28,35,14,3,2,36,0,32,113,28,1,1,40,1,35,175
2015,2015-11-27 19:00:00,0,TROY,GAST,21,31,20,1,1,46,1,25,81,23,2,2,41,0,43,151
2015,2015-11-27 19:30:00,0,MIZ,ARK,3,28,8,3,0,27,1,25,88,19,2,0,17,1,52,208
2015,2015-11-27 20:30:00,0,WSU,WASH,10,45,19,5,5,58,2,12,31,22,1,0,20,1,55,240
2015,2015-11-27 20:30:00,0,IOWA,NEB,28,20,11,3,1,16,0,28,153,22,0,0,45,4,38,137
2015,2015-11-27 20:30:00,0,BSU,SJSU,40,23,26,1,0,34,0,35,300,24,1,0,41,2,33,138
2015,2015-11-27 21:00:00,0,ORST,ORE,42,52,23,0,0,25,1,38,228,37,2,1,38,0,51,308
2015,2015-11-27 21:30:00,0,UMASS,BUFF,31,26,18,2,1,22,2,49,295,21,0,0,40,2,43,160
2015,2015-11-28 00:30:00,0,BAY,TCU,21,28,21,5,4,24,1,71,273,15,1,1,33,1,46,154
2015,2015-11-28 01:00:00,0,TLSA,TULN,45,34,20,1,0,33,1,31,41,25,1,0,41,2,41,187
2015,2015-11-28 17:00:00,0,CIN,ECU,19,16,30,0,0,47,1,43,157,23,1,0,51,0,18,68
2015,2015-11-28 17:00:00,0,ISU,WVU,6,30,17,3,1,39,2,41,93,19,0,0,26,1,45,213
2015,2015-11-28 17:00:00,0,LOU,UK,38,24,20,1,0,26,3,40,314,14,2,1,26,1,37,92
2015,2015-11-28 17:00:00,0,SMU,MEM,0,63,10,6,4,22,1,47,33,20,2,1,22,1,42,195
2015,2015-11-28 17:00:00,0,CLEM,SC,37,32,25,3,3,27,0,47,236,17,2,0,30,1,38,181
2015,2015-11-28 17:00:00,0,UGA,GT,13,7,16,0,0,25,0,34,178,17,3,1,18,2,41,194
2015,2015-11-28 17:00:00,0,VT,UVA,23,20,12,1,0,29,1,30,67,21,1,0,38,2,40,262
2015,2015-11-28 17:00:00,0,OSU,MICH,42,13,25,0,0,15,0,54,369,20,2,0,47,1,25,57
2015,2015-11-28 17:00:00,0,FAU,ODU,33,31,23,1,0,35,2,54,248,15,1,1,42,0,24,38
2015,2015-11-28 17:00:00,0,MD,RUTG,46,41,27,0,0,38,1,42,401,23,0,0,33,1,47,186
2015,2015-11-28 17:00:00,0,USM,LT,58,24,25,1,0,37,1,36,169,27,3,3,51,4,23,-2
2015,2015-11-28 17:00:00,0,IND,PUR,54,36,31,1,1,29,0,56,309,30,2,2,58,2,36,150
2015,2015-11-28 17:30:00,0,BC,SYR,17,20,9,0,0,13,2,40,230,17,1,1,27,0,45,155
2015,2015-11-28 17:30:00,0,DUKE,WAKE,27,21,30,1,0,41,0,48,151,21,2,1,35,2,23,112
2015,2015-11-28 19:00:00,0,ULL,APP,7,28,17,0,0,30,0,36,42,25,2,2,21,0,46,230
2015,2015-11-28 19:00:00,0,USA,GASO,17,55,9,0,0,19,2,36,74,20,2,2,7,0,56,489
2015,2015-11-28 19:00:00,0,UNLV,WYO,28,35,23,1,0,34,1,34,183,23,0,0,25,1,46,290
2015,2015-11-28 19:30:00,0,MTSU,UTSA,42,7,28,2,2,30,0,43,199,18,1,1,23,2,43,152
2015,2015-11-28 19:30:00,0,COLO,UTAH,14,20,19,2,1,38,3,33,49,18,7,2,26,1,50,216
2015,2015-11-28 20:30:00,0,BYU,USU,51,28,15,1,0,30,0,31,74,23,3,2,45,0,43,202
2015,2015-11-28 20:30:00,0,WIS,MINN,31,21,20,0,0,17,1,62,257,11,3,2,37,3,18,53
2015,2015-11-28 20:30:00,0,CHAR,RICE,7,27,15,0,0,26,0,32,127,28,0,0,26,1,61,307
2015,2015-11-28 20:30:00,0,ALA,AUB,29,13,24,0,0,26,0,50,286,12,2,1,23,0,37,91
2015,2015-11-28 20:30:00,0,NW,ILL,24,14,18,2,1,25,1,54,204,16,1,0,41,1,31,78
2015,2015-11-28 20:30:00,0,UNC,NCST,45,34,25,3,2,31,1,41,374,28,0,0,37,1,52,308
2015,2015-11-28 20:30:00,0,UCLA,USC,21,40,23,1,1,37,2,29,140,24,1,0,26,0,59,235
2015,2015-11-28 20:30:00,0,PSU,MSU,16,55,20,3,2,47,2,25,122,24,3,1,27,0,38,188
2015,2015-11-28 20:30:00,0,UTEP,UNT,20,17,15,6,5,16,0,48,187,10,2,1,29,1,31,129
2015,2015-11-28 21:00:00,0,VAN,TENN,28,53,21,0,0,34,1,36,202,27,2,0,25,0,52,331
2015,2015-11-28 21:00:00,0,ARST,NMSU,52,28,30,0,0,43,1,46,238,20,1,1,41,3,25,119
2015,2015-11-28 21:00:00,0,KSU,KU,45,14,22,0,0,20,1,49,226,17,2,0,35,1,35,100
2015,2015-11-28 22:00:00,0,TXST,IDHO,31,38,23,2,1,43,1,40,191,23,3,2,31,0,43,199
2015,2015-11-29 00:00:00,0,CONN,TEM,3,27,9,1,1,21,1,26,9,18,1,0,29,0,39,161
2015,2015-11-29 00:15:00,0,MISS,MSST,38,27,26,2,0,30,0,37,243,21,1,1,42,1,34,148
2015,2015-11-29 00:30:00,0,ND,STAN,36,38,24,1,1,25,0,35,299,22,0,0,21,0,43,153
2015,2015-11-29 00:30:00,0,FSU,FLA,27,2,15,2,0,28,0,30,144,19,2,0,39,0,40,128
2015,2015-11-29 00:30:00,0,TA&M,LSU,7,19,15,2,2,31,1,33,89,17,1,0,21,1,47,244
2015,2015-11-29 01:00:00,0,OKLA,OKST,58,23,23,0,0,25,0,42,344,22,1,0,45,2,29,132
2015,2015-11-29 02:00:00,0,CSU,FRES,34,31,18,0,0,21,1,40,261,20,0,0,33,0,45,216
2015,2015-11-29 03:00:00,0,ASU,CAL,46,48,28,1,0,43,0,52,191,28,1,1,51,0,22,138
2015,2015-11-29 03:15:00,0,AFA,UNM,35,47,14,0,0,16,3,38,222,17,0,0,9,1,56,377
2015,2015-11-29 03:45:00,0,NEV,SDSU,14,31,10,4,1,23,2,31,35,17,0,0,12,0,53,320
2015,2015-11-29 04:00:00,0,ULM,HAW,26,28,26,4,1,44,0,33,142,22,2,1,16,0,54,240
2015,2015-12-05 17:00:00,0,USM,WKU,28,45,14,2,1,30,3,32,159,24,0,0,52,1,36,111
2015,2015-12-05 17:00:00,0,TEX,BAY,23,17,15,1,0,21,0,42,156,29,2,2,28,2,66,395
2015,2015-12-05 17:00:00,0,TEM,HOU,13,24,19,1,1,44,1,27,98,16,0,0,22,0,40,233
2015,2015-12-05 19:00:00,0,GAST,GASO,34,7,23,1,0,32,1,37,143,14,1,0,19,2,44,135
2015,2015-12-05 20:00:00,0,NMSU,ULM,35,42,18,4,2,36,2,52,89,13,2,1,26,2,43,64
2015,2015-12-05 20:00:00,0,TXST,ARST,17,55,21,1,1,32,2,43,174,23,1,1,16,0,46,353
2015,2015-12-05 21:00:00,0,FLA,ALA,15,29,7,1,0,24,1,21,15,25,2,1,26,0,58,233
2015,2015-12-05 21:30:00,0,WVU,KSU,23,24,22,1,1,42,0,42,166,15,0,0,31,2,49,98
2015,2015-12-05 22:00:00,0,TROY,ULL,41,17,18,0,0,28,0,33,128,21,3,3,39,1,39,103
2015,2015-12-06 00:30:00,0,AFA,SDSU,24,27,14,1,0,11,0,46,305,17,1,1,14,0,46,233
2015,2015-12-06 00:30:00,0,APP,USA,34,27,20,3,3,22,1,36,301,21,0,0,27,3,56,214
2015,2015-12-06 00:45:00,0,USC,STAN,22,41,25,1,1,37,0,32,170,20,0,0,13,0,51,262
2015,2015-12-06 01:00:00,0,UNC,CLEM,37,45,21,2,1,35,1,32,142,33,1,0,42,1,56,319
2015,2015-12-06 01:00:00,0,MSU,IOWA,16,13,20,0,0,33,1,46,174,13,4,2,27,1,24,52
2015,2015-12-12 20:00:00,0,ARMY,NAVY,17,21,16,3,1,18,2,44,137,11,1,0,14,0,41,199
2015,2015-12-19 19:00:00,0,ARIZ,UNM,45,37,19,2,1,24,1,32,174,25,2,0,22,3,69,319
2015,2015-12-19 20:30:00,0,BYU,UTAH,28,35,22,2,2,56,3,25,71,14,0,0,16,0,47,126
2015,2015-12-19 22:30:00,0,OHIO,APP,29,31,15,2,1,29,2,36,107,24,2,2,26,1,49,303
2015,2015-12-20 00:00:00,0,SJSU,GAST,27,16,20,3,0,19,1,54,197,11,2,0,29,1,20,23
2015,2015-12-20 02:00:00,0,ARST,LT,28,47,23,3,1,29,2,39,177,26,1,0,38,0,36,229
2015,2015-12-21 19:30:00,0,WKU,USF,45,35,27,0,0,46,2,33,151,28,1,0,34,0,45,290
2015,2015-12-22 20:30:00,0,AKR,USU,23,21,17,0,0,30,1,42,100,22,4,2,45,1,29,131
2015,2015-12-23 00:00:00,0,TEM,TOL,17,32,21,1,0,42,1,33,99,18,1,0,29,0,33,150
2015,2015-12-23 21:30:00,0,BSU,NIU,55,7,35,1,1,40,1,56,277,7,3,3,21,0,30,-5
2015,2015-12-24 01:00:00,0,GASO,BGSU,58,27,26,2,0,8,0,68,452,15,2,2,34,0,29,116
2015,2015-12-24 17:00:00,0,MTSU,WMU,31,45,18,1,1,39,1,26,115,18,2,0,27,1,41,282
2015,2015-12-25 01:00:00,0,SDSU,CIN,42,7,22,0,0,12,0,52,207,15,0,0,31,3,32,77
2015,2015-12-26 16:00:00,0,CONN,MRSH,10,16,15,0,0,17,1,33,127,24,0,0,36,1,41,171
2015,2015-12-26 19:15:00,0,MIAMI,WSU,14,20,13,1,1,32,2,30,125,23,1,1,53,0,25,87
2015,2015-12-26 19:20:00,0,WASH,USM,44,31,27,2,1,34,0,44,296,22,1,0,39,0,30,22
2015,2015-12-26 20:30:00,0,IND,DUKE,41,44,33,1,1,52,2,47,278,23,0,0,40,3,46,373
2015,2015-12-26 22:45:00,0,TLSA,VT,52,55,27,1,0,44,0,39,189,30,1,1,38,1,43,254
2015,2015-12-27 02:15:00,0,UCLA,NEB,29,37,17,2,0,41,2,16,67,31,1,1,19,0,62,326
2015,2015-12-28 19:30:00,0,PITT,NAVY,28,44,17,0,0,21,3,21,198,31,1,1,18,0,71,417
2015,2015-12-28 22:00:00,0,CMU,MINN,14,21,17,0,0,30,1,28,104,21,0,0,30,1,39,158
2015,2015-12-29 19:00:00,0,CAL,AFA,55,36,27,1,1,37,0,34,119,23,3,2,15,1,53,285
2015,2015-12-29 22:30:00,0,UNC,BAY,38,49,28,2,1,36,1,36,244,38,1,0,18,1,82,651
2015,2015-12-30 00:30:00,0,NEV,CSU,28,23,18,0,0,13,0,40,271,30,1,1,42,0,42,222
2015,2015-12-30 02:00:00,0,LSU,TTU,56,27,23,0,0,23,1,39,377,22,3,0,56,1,26,29
2015,2015-12-30 17:00:00,0,AUB,MEM,31,10,23,0,0,16,3,56,252,13,1,0,37,1,31,99
2015,2015-12-30 20:30:00,0,NCST,MSST,28,51,20,1,0,28,2,51,210,26,3,0,42,1,35,189
2015,2015-12-31 00:00:00,0,TA&M,LOU,21,27,25,1,1,48,1,39,138,21,2,0,26,0,46,307
2015,2015-12-31 03:30:00,0,USC,WIS,21,23,16,0,0,33,1,28,65,22,0,0,29,0,46,177
2015,2015-12-31 17:00:00,0,HOU,FSU,38,24,27,0,0,46,1,53,187,17,1,1,48,4,23,16
2015,2015-12-31 21:00:00,0,OKLA,CLEM,17,37,24,0,0,43,2,33,67,30,1,0,32,1,58,312
2015,2016-01-01 01:20:00,0,MSU,ALA,0,38,16,2,0,39,2,26,29,21,2,0,31,0,35,154
2015,2016-01-01 17:00:00,0,NW,TENN,6,45,18,1,0,33,4,37,132,24,0,0,30,0,53,226
2015,2016-01-01 18:00:00,0,MICH,FLA,41,7,28,1,0,31,0,46,225,14,0,0,25,2,27,118
2015,2016-01-01 18:00:00,0,ND,OSU,28,44,24,1,1,38,1,32,121,27,1,0,31,1,54,285
2015,2016-01-01 22:00:00,0,STAN,IOWA,45,16,19,0,0,21,1,34,206,18,1,1,33,1,38,48
2015,2016-01-02 01:30:00,0,OKST,MISS,20,48,20,2,1,45,0,30,63,28,1,0,35,1,37,207
2015,2016-01-02 17:00:00,0,PSU,UGA,17,24,16,1,0,42,1,32,120,17,1,0,23,0,41,166
2015,2016-01-02 20:20:00,0,KSU,ARK,23,45,13,0,0,25,1,22,79,30,1,0,26,1,42,254
2015,2016-01-02 23:45:00,0,ORE,TCU,41,47,21,1,1,35,0,48,186,27,1,0,47,1,47,174
2015,2016-01-03 03:15:00,0,WVU,ASU,43,42,29,1,0,51,2,33,144,23,1,0,52,0,32,102
