Visiter,VisRushY,VisRushA,VisPassY,VisPassA,VisPassC,VisPnl,VisPnlY,VisFmb,VisInt,VisFrstD,VisThrdDA,VisThrdDC,VisFrthDA,VisFrthDC,VisTm,Home,HomeRushY,HomeRushA,HomePassY,HomePassA,HomePassC,HomePnl,HomePnlY,HomeFmb,HomeInt,HomeFrstD,HomeThrdDA,HomeThrdDC,HomeFrthDA,HomeFrthDC,HomeTm,Year,Month,Day,HomeID,VisID
Tulsa,51,24,222,41,20,4,25,2,0,2,17,6,2,0,1273,Bowling Green,233,53,163,28,12,6,60,0,1,13,13,3,1,1,2327,2013,8,29,189,202.0
UNC,99,36,194,43,26,6,55,1,0,5,20,8,4,3,1827,South Carolina,228,38,178,21,12,7,53,0,0,9,14,5,2,1,1773,2013,8,29,2579,153.0
Liberty,33,22,189,22,14,4,30,0,0,2,10,2,1,0,1270,Kent State,167,49,194,28,21,9,79,1,0,11,18,9,3,1,2330,2013,8,29,2309,
Presbyterian,102,24,49,19,11,6,43,3,3,2,11,2,0,0,1299,Wake Forest,189,54,219,26,14,4,35,2,0,16,18,5,3,3,2301,2013,8,29,154,
Southern Utah,134,40,183,24,13,5,35,0,0,7,15,5,1,1,2025,South Alabama,187,34,148,28,18,7,60,0,1,8,14,5,0,0,1575,2013,8,29,6,
Utah State,173,39,314,40,31,7,94,1,0,8,17,10,0,0,1924,Utah,148,44,302,28,17,5,30,1,0,10,16,7,1,1,1676,2013,8,29,254,328.0
UNLV,193,34,226,51,36,1,15,0,2,8,18,6,4,4,1916,Minnesota,221,38,99,23,10,1,5,0,1,9,14,8,1,1,1684,2013,8,29,135,2439.0
Illinois State,74,36,282,29,20,6,40,1,1,6,14,6,2,2,1955,Ball State,80,32,340,40,24,5,40,0,0,4,16,10,0,0,1645,2013,8,29,2050,
Ole Miss,206,37,283,47,31,4,49,0,0,10,14,6,2,2,1754,Vanderbilt,126,33,300,36,21,5,40,0,2,7,16,8,1,1,1846,2013,8,29,238,145.0
USC,192,45,172,29,15,9,75,1,1,11,14,3,2,1,2008,Hawaii,23,31,208,41,16,4,48,0,4,4,18,4,2,1,1592,2013,8,29,62,30.0
Akron,134,35,116,25,18,6,49,1,1,7,16,8,0,0,1641,UCF,157,39,319,27,19,1,10,0,0,9,14,9,0,0,1959,2013,8,29,2116,2006.0
Sacramento St,86,39,192,40,23,8,45,0,2,5,21,8,4,2,2168,San Jose State,142,29,225,32,16,3,20,0,0,7,16,7,2,1,1432,2013,8,29,23,
Jackson State,112,48,244,29,15,9,78,2,4,6,20,9,2,2,2041,Tulane,158,43,150,16,7,4,27,0,0,9,12,5,0,0,1559,2013,8,29,2655,
Indiana State,131,39,175,32,12,7,83,1,1,7,16,3,3,1,1662,Indiana,313,54,319,30,17,6,66,1,2,13,18,9,2,1,1938,2013,8,29,84,
Towson,201,50,192,20,13,7,70,0,1,9,16,7,3,2,2183,UConn,81,27,206,28,16,5,32,1,1,3,13,4,2,1,1417,2013,8,29,41,
Rutgers,195,32,348,41,26,11,92,1,1,6,14,3,2,2,1908,Fresno State,81,23,456,73,52,5,65,2,1,6,18,5,2,2,1692,2013,8,29,278,164.0
W Carolina,114,35,257,36,19,6,56,0,2,8,15,4,1,0,1680,Mid Tennessee,270,49,205,27,19,7,75,2,0,13,15,8,1,0,1920,2013,8,29,2393,
FAU,133,43,117,32,16,3,25,1,0,9,19,6,1,0,1998,Miami (FL),303,38,200,31,18,8,67,0,1,10,14,4,3,1,1602,2013,8,30,2390,2226.0
N Arizona,94,39,176,36,21,5,60,0,3,6,19,4,5,4,2416,Arizona,306,34,87,13,9,2,30,0,0,9,10,4,1,0,1184,2013,8,30,12,
Morgan State,185,52,116,10,6,9,65,1,0,12,13,6,3,1,2068,Army,295,42,101,8,4,0,0,0,0,14,9,4,2,1,1532,2013,8,30,349,
North Dakota St,215,43,165,30,21,1,5,0,1,11,17,10,1,1,2163,Kansas State,41,23,280,29,21,2,10,0,2,3,10,2,2,1,1437,2013,8,30,2306,2449.0
Samford,105,36,193,31,19,4,20,0,1,4,14,4,1,0,1742,Georgia State,72,25,391,51,28,5,30,0,2,3,19,8,1,0,1858,2013,8,30,2247,
Texas Tech,48,27,413,60,43,8,80,0,0,3,18,10,0,0,1717,SMU,102,31,388,62,41,9,94,0,0,6,19,7,2,1,1883,2013,8,30,2567,2641.0
W Michigan,11,27,193,48,18,7,65,1,3,2,20,4,1,1,1606,Michigan State,181,42,116,37,17,6,75,1,0,11,19,5,0,0,1994,2013,8,30,127,2711.0
Southern,104,30,268,36,27,10,91,3,1,7,13,5,1,0,1820,Houston,372,50,255,38,26,14,126,0,0,21,13,4,1,1,1780,2013,8,30,248,2582.0
William & Mary,102,31,207,27,18,3,36,0,1,3,14,5,0,0,1815,West Virginia,172,44,237,27,19,5,50,1,0,11,10,2,1,1,1785,2013,8,31,277,
Miss St,111,37,222,33,17,11,74,0,2,7,16,2,4,3,2047,Oklahoma State,286,40,146,33,21,7,86,0,0,12,14,8,1,0,1553,2013,8,31,197,344.0
Old Dominion,90,23,370,52,39,4,35,1,0,6,14,8,1,0,1730,ECU,34,22,447,54,46,9,85,0,0,3,17,12,0,0,1870,2013,8,31,151,295.0
Miami (OH),74,34,165,23,10,3,35,0,1,3,13,2,2,0,1693,Marshall,304,57,287,37,24,2,21,0,1,19,17,9,2,1,1907,2013,8,31,276,193.0
Howard,202,35,182,32,19,6,45,0,2,5,15,7,1,0,1622,E Michigan,170,42,210,26,19,4,25,0,1,10,11,5,1,1,1978,2013,8,31,2199,
Washington St,120,23,344,65,35,5,21,0,3,9,17,7,4,2,1887,Auburn,295,46,99,20,10,5,30,1,0,10,14,4,0,0,1713,2013,8,31,2,265.0
Wofford,173,60,60,17,8,8,50,2,1,11,18,7,2,0,2099,Baylor,281,44,411,28,23,8,53,2,0,16,10,6,1,1,1501,2013,8,31,239,
Villanova,197,36,158,26,16,1,5,1,3,8,13,6,1,0,1755,Boston College,128,40,285,30,23,4,40,1,0,6,18,8,1,1,1845,2013,8,31,103,
UAB,108,30,339,35,21,13,96,0,0,7,13,2,3,2,1751,Troy,178,39,319,33,30,5,60,2,0,13,13,6,2,2,1849,2013,8,31,2653,5.0
Alabama,96,38,110,24,10,4,25,0,1,6,17,6,0,0,1845,VT,153,33,59,26,5,7,35,0,1,4,17,3,0,0,1755,2013,8,31,259,333.0
Colgate,157,41,143,27,14,3,15,0,0,11,15,7,2,1,1977,Air Force,409,64,72,11,7,8,75,0,0,24,13,10,0,0,1623,2013,8,31,2005,
Buffalo,73,35,185,32,19,6,62,0,1,8,14,3,2,1,1676,OSU,261,45,199,23,16,9,94,1,1,12,12,7,1,0,1924,2013,8,31,194,2084.0
Austin Peay,79,27,132,26,13,9,85,0,2,5,12,2,2,2,1784,Tennessee,315,52,132,21,15,0,0,1,0,19,11,7,0,0,1816,2013,8,31,2633,
Nicholls State,87,37,256,50,25,9,50,2,0,9,20,7,2,1,2414,Oregon,500,45,272,26,15,5,42,0,0,21,10,6,3,1,1186,2013,8,31,2483,
Northern Iowa,228,33,229,29,22,2,10,2,0,9,10,5,1,1,1687,Iowa State,168,44,242,32,22,4,30,0,0,12,17,7,2,1,1913,2013,8,31,66,
Wyoming,219,30,383,44,29,8,74,0,2,9,8,1,1,1,1442,Nebraska,375,63,155,22,17,10,84,1,1,17,17,9,1,0,2158,2013,8,31,158,2751.0
UMass,100,29,112,30,14,7,40,1,1,3,14,6,1,0,1669,Wisconsin,393,44,205,18,10,5,45,0,1,14,11,8,0,0,1931,2013,8,31,275,113.0
FIU,91,40,80,22,10,3,24,1,1,6,17,4,3,1,1555,Maryland,251,42,325,29,25,2,10,2,0,12,13,4,1,0,2045,2013,8,31,120,2229.0
N Illinois,163,42,275,41,25,8,64,1,0,10,20,7,3,2,1760,Iowa,202,43,256,37,21,6,35,1,2,10,17,7,1,0,1840,2013,8,31,2294,2459.0
LA Tech,143,33,178,27,15,5,21,4,0,7,10,2,0,0,1155,North Carolina St,237,56,305,31,18,5,41,0,1,13,18,9,0,0,2445,2013,8,31,152,2348.0
Cent Michigan,66,29,144,28,13,8,74,1,1,5,14,4,0,0,1544,Michigan,242,47,221,21,14,7,55,0,3,9,15,10,2,2,2056,2013,8,31,130,2117.0
Temple,134,29,228,47,23,5,40,1,0,9,15,6,2,0,1687,Notre Dame,188,35,355,27,17,9,63,0,0,8,13,5,0,0,1913,2013,8,31,87,218.0
S Illinois,66,26,341,41,26,6,56,1,0,3,15,5,1,0,1848,Illinois,49,30,415,37,29,8,70,1,1,4,14,6,0,0,1752,2013,8,31,356,
Idaho,139,36,230,28,19,11,74,3,0,5,14,5,2,0,1721,North Texas,187,45,404,34,28,7,72,1,1,7,14,8,4,1,1879,2013,8,31,249,70.0
BYU,187,53,175,40,13,7,43,0,1,11,23,7,2,1,1551,UVA,109,42,114,32,18,6,41,1,1,5,20,6,0,0,2049,2013,8,31,258,252.0
UTSA,157,33,237,34,21,5,40,1,0,9,10,3,0,0,1931,New Mexico,193,42,84,17,6,1,5,0,0,11,13,2,3,1,1669,2013,8,31,167,2636.0
Boise State,171,42,175,46,29,2,19,0,1,10,19,8,2,1,1851,Washington,268,54,324,31,23,8,61,0,1,17,15,11,1,0,1749,2013,8,31,264,68.0
Georgia,222,41,323,29,20,9,84,1,1,6,14,4,3,2,1938,Clemson,197,46,270,30,18,5,38,1,0,9,16,7,1,1,1662,2013,8,31,228,61.0
Murray State,123,36,174,39,23,4,19,0,3,7,19,8,1,1,1841,Missouri,358,45,336,42,28,2,20,1,0,16,16,11,1,0,1759,2013,8,31,142,
Nevada,171,51,182,35,21,4,20,0,0,11,20,8,3,2,2033,UCLA,345,47,302,35,24,12,93,1,0,18,12,9,1,1,1567,2013,8,31,26,2440.0
NC Central,81,29,103,32,14,5,25,1,1,4,19,6,1,0,1656,Duke,257,49,231,28,21,7,57,0,1,14,13,7,1,1,1944,2013,8,31,150,
Kentucky,216,32,203,28,18,10,69,1,0,9,15,6,1,1,1498,W Kentucky,216,41,271,34,27,5,35,2,0,13,10,2,1,1,2102,2013,8,31,98,96.0
LSU,197,48,251,32,16,7,42,1,0,9,19,13,0,0,2161,TCU,114,26,145,28,15,9,55,1,1,7,13,7,0,0,1439,2013,8,31,2628,99.0
New Mexico St,104,38,242,46,32,3,25,2,1,3,18,5,3,2,2172,Texas,359,42,356,30,22,3,35,1,2,17,11,6,1,0,1428,2013,8,31,251,166.0
McNeese State,180,42,244,25,16,4,33,0,1,9,15,6,1,1,2154,USF,133,21,209,40,19,3,44,1,2,5,13,3,5,2,1446,2013,8,31,58,
Northwestern,209,40,299,30,19,5,50,1,2,6,16,8,0,0,1776,Cal,93,35,455,64,39,10,79,0,3,6,21,10,2,2,1824,2013,8,31,25,77.0
Penn State,57,38,296,32,23,4,20,2,2,5,16,1,2,2,1845,Syracuse,71,37,189,37,16,8,70,1,2,3,20,6,2,0,1755,2013,8,31,183,213.0
E Illinois,172,36,361,46,31,9,62,2,0,7,17,6,2,1,1330,San Diego State,122,35,318,64,27,7,65,1,4,9,23,7,5,1,2270,2013,8,31,21,
LA-Lafayette,85,32,189,31,17,1,5,1,1,6,12,4,2,1,1368,Arkansas,292,51,230,23,15,4,30,1,0,15,13,7,2,1,2232,2013,8,31,8,309.0
Texas State,73,41,134,21,14,6,60,1,0,4,16,5,0,0,2056,Southern Miss,23,24,377,53,28,2,10,4,2,2,20,5,4,0,1544,2013,8,31,2572,326.0
Rice,306,51,203,37,21,8,53,0,2,16,17,7,3,2,2304,Texas A&M,202,39,284,27,20,5,51,1,0,13,10,4,1,1,1296,2013,8,31,245,242.0
UL Monroe,38,22,128,39,20,2,21,0,1,0,16,2,2,0,1641,Oklahoma,305,50,124,33,14,7,78,0,1,18,17,7,0,0,1959,2013,8,31,201,2433.0
Toledo,50,16,155,38,17,4,45,0,1,2,13,1,1,0,1212,Florida,262,48,153,22,17,10,70,1,0,12,12,6,0,0,2388,2013,8,31,57,2649.0
AR-Pine Bluff,12,31,161,27,13,8,48,0,0,3,15,1,3,0,1840,Arkansas State,509,57,163,13,10,2,15,2,0,19,12,9,2,0,1760,2013,8,31,2032,
E Washington,177,37,448,34,26,8,59,0,0,12,10,5,1,1,1697,Oregon State,105,24,422,44,37,4,17,0,0,7,8,4,0,0,1903,2013,8,31,204,
Purdue,65,22,161,35,18,7,40,2,2,5,12,4,3,1,1572,Cincinnati,221,47,204,25,17,2,10,1,2,8,15,9,4,3,2028,2013,8,31,2132,2509.0
Elon,89,34,164,35,20,2,20,1,3,6,16,6,1,1,1955,Georgia Tech,368,50,189,11,7,3,25,0,0,16,9,8,0,0,1645,2013,8,31,59,
Ohio,81,28,192,31,15,2,10,0,1,5,15,5,1,0,1364,Louisville,199,40,416,31,25,11,90,0,1,6,16,13,1,0,2236,2013,9,1,97,195.0
Colorado,109,37,400,46,33,8,68,0,0,6,18,7,0,0,2010,Colorado State,94,28,201,39,22,4,50,2,0,6,14,2,3,1,1590,2013,9,1,36,38.0
FSU,156,34,377,29,27,7,70,0,0,7,11,7,0,0,2108,Pitt,96,27,201,28,15,4,26,0,2,7,8,2,1,0,1492,2013,9,2,221,52.0
FAU,104,34,178,40,23,2,9,1,2,5,18,7,2,1,2043,ECU,110,34,202,30,20,7,44,2,0,5,13,5,1,1,1557,2013,9,5,151,2226.0
Sacramento St,51,31,116,23,12,5,31,2,2,2,15,4,0,0,1668,Arizona State,158,44,365,36,27,1,5,0,0,8,16,8,2,1,1932,2013,9,5,9,
Wake Forest,55,39,191,30,18,5,44,2,1,7,14,4,2,1,1925,Boston College,191,46,123,14,7,0,0,0,1,11,11,3,0,0,1675,2013,9,6,103,154.0
UCF,165,38,225,21,14,5,39,0,0,6,12,5,0,0,1856,FIU,31,29,142,28,19,4,31,1,0,4,15,3,1,1,1744,2013,9,6,2229,2116.0
Arkansas State,150,39,272,41,29,6,53,1,0,9,18,8,3,0,1974,Auburn,301,50,167,19,11,9,91,1,0,17,14,7,1,1,1626,2013,9,7,2,2032.0
Oklahoma State,87,32,518,43,35,7,60,0,0,6,9,5,0,0,1541,UTSA,135,32,369,50,30,6,40,0,2,11,14,6,3,3,2059,2013,9,7,2636,197.0
Syracuse,133,34,301,45,29,7,52,0,4,10,13,6,0,0,1627,Northwestern,206,44,375,37,30,6,55,0,0,9,18,10,1,0,1973,2013,9,7,77,183.0
San Diego State,64,27,216,41,22,5,50,2,2,6,16,3,1,1,1672,OSU,263,40,182,30,21,8,75,0,1,12,15,7,3,2,1928,2013,9,7,194,21.0
Oregon,350,40,207,29,15,11,119,0,0,14,10,3,2,0,1285,UVA,124,39,174,47,31,4,45,1,3,4,20,6,3,0,2315,2013,9,7,258,2483.0
Prairie View A&M,45,25,182,42,26,8,59,1,0,5,15,6,2,0,1308,Texas State,242,43,166,27,17,11,86,0,0,11,16,8,1,1,2292,2013,9,7,326,
Hawaii,69,25,170,32,18,5,44,0,1,3,11,1,1,0,1210,Oregon State,57,33,451,50,35,7,76,0,1,7,19,8,4,3,2390,2013,9,7,204,62.0
Sam Houston,240,42,150,16,7,7,41,0,2,8,16,6,2,1,1759,Texas A&M,214,39,500,48,34,4,35,0,1,13,15,11,1,0,1841,2013,9,7,245,
E Kentucky,107,42,99,16,10,5,60,1,1,7,13,5,0,0,1847,Louisville,78,28,397,34,23,4,40,0,0,5,13,7,0,0,1753,2013,9,7,97,
USF,89,35,66,26,6,8,55,1,1,4,13,1,1,0,1711,Michigan State,171,38,94,24,12,9,94,2,0,10,14,4,2,1,1839,2013,9,7,127,58.0
SE Louisiana,207,45,132,23,12,6,35,1,2,11,14,5,1,0,1796,TCU,169,38,233,28,17,5,50,0,0,7,13,5,4,1,1804,2013,9,7,2628,
Arizona,397,69,81,21,8,5,35,1,0,20,20,10,4,2,2138,UNLV,157,35,125,28,9,8,70,1,2,8,15,4,3,0,1462,2013,9,7,2439,12.0
Utah State,217,46,360,40,32,8,70,1,1,12,15,11,1,1,1923,Air Force,162,49,108,18,6,7,43,1,0,7,15,2,4,3,1677,2013,9,7,2005,328.0
Cincinnati,148,32,308,42,23,7,48,0,1,9,13,3,2,0,1412,Illinois,210,39,312,37,26,5,24,0,0,12,15,9,0,0,2188,2013,9,7,356,2132.0
UAB,160,43,136,25,9,5,35,1,0,8,16,5,2,1,2010,LSU,152,34,293,20,17,5,45,1,0,9,8,4,0,0,1590,2013,9,7,99,5.0
SE Missouri St,93,41,159,24,16,4,25,1,1,8,14,6,1,0,2000,Ole Miss,272,50,260,32,14,3,15,2,1,15,17,10,4,3,1600,2013,9,7,145,
Toledo,125,23,262,41,26,9,53,0,3,4,11,4,0,0,1643,Missouri,172,47,212,25,16,4,50,0,1,11,15,9,1,1,1951,2013,9,7,142,2649.0
Cent Arkansas,60,26,280,55,33,6,51,1,3,2,19,6,3,2,1998,Colorado,84,34,341,36,23,8,64,2,2,8,12,5,0,0,1602,2013,9,7,38,
JMU,188,51,310,43,29,9,72,1,1,12,20,9,3,2,2300,Akron,69,25,287,32,20,7,70,0,1,2,13,8,0,0,1300,2013,9,7,2006,
South Carolina,226,36,228,25,16,5,40,1,0,8,11,5,3,1,1498,Georgia,227,53,309,23,17,5,16,0,0,12,14,6,3,2,2102,2013,9,7,61,2579.0
Buffalo,83,49,280,26,15,3,35,1,1,6,19,6,2,0,2022,Baylor,329,55,452,25,19,10,125,0,0,19,13,8,2,1,1578,2013,9,7,239,2084.0
San Jose State,35,23,216,44,29,6,57,0,1,9,12,3,4,3,1671,Stanford,197,41,207,27,17,2,25,1,0,14,15,12,0,0,1929,2013,9,7,24,23.0
South Alabama,168,44,297,33,20,9,78,1,2,8,15,6,2,0,1797,Tulane,45,27,327,47,29,8,85,1,1,6,16,7,1,0,1803,2013,9,7,2655,6.0
Southern Miss,62,27,222,37,21,7,55,0,4,4,13,4,1,0,1685,Nebraska,285,46,194,28,19,6,75,1,0,16,12,7,1,1,1915,2013,9,7,158,2572.0
Austin Peay,85,34,54,16,11,8,51,1,0,5,14,3,0,0,1847,Vanderbilt,169,35,273,29,19,5,24,0,1,7,11,4,0,0,1753,2013,9,7,238,
W Carolina,111,40,51,14,4,4,16,0,3,4,13,2,0,0,1826,VT,237,34,225,35,20,3,15,1,2,12,13,7,1,1,1774,2013,9,7,259,
Savannah State,14,24,133,25,12,4,25,1,1,3,12,2,1,0,1597,Troy,251,40,280,32,28,7,75,0,0,15,11,7,2,1,2003,2013,9,7,2653,
SF Austin,69,32,287,44,26,10,84,1,1,3,18,5,4,1,1933,Texas Tech,237,37,494,47,32,10,106,2,2,11,12,8,0,0,1667,2013,9,7,2641,
Duke,173,45,297,37,25,6,52,2,1,10,18,10,2,1,2083,Memphis,89,33,148,24,14,5,60,2,0,4,13,2,4,0,1517,2013,9,7,235,150.0
Bowling Green,219,46,357,25,19,5,40,0,0,11,12,6,0,0,2192,Kent State,138,28,164,28,15,2,10,1,0,6,13,6,0,0,1408,2013,9,7,2309,189.0
Miami (OH),99,43,23,14,4,5,30,0,0,4,16,1,2,1,1845,Kentucky,262,39,413,35,25,11,117,1,0,14,11,4,0,0,1755,2013,9,7,96,193.0
Houston,219,48,305,48,29,8,77,2,0,11,17,7,1,0,1823,Temple,100,39,200,39,20,9,58,1,2,8,18,9,2,1,1777,2013,9,7,218,248.0
Washington St,7,22,215,38,26,8,87,1,2,1,15,5,0,0,1665,USC,139,42,54,21,11,3,19,0,2,9,13,3,2,1,1935,2013,9,7,30,265.0
Lamar,90,36,272,37,23,2,25,1,1,7,14,3,2,1,1854,LA Tech,273,38,166,32,22,8,55,0,0,11,16,6,1,0,1746,2013,9,7,2348,
Portland State,245,39,308,29,13,9,84,1,1,13,12,3,1,0,1663,Cal,131,44,485,51,33,6,60,1,0,9,20,10,1,0,1937,2013,9,7,25,
W Kentucky,171,34,222,36,17,8,70,2,5,8,15,8,0,0,1956,Tennessee,240,45,142,19,11,2,17,0,1,12,10,4,0,0,1644,2013,9,7,2633,98.0
New Mexico,395,57,88,7,4,3,45,1,0,22,9,3,2,2,1916,UTEP,280,46,119,20,15,4,30,0,0,14,11,5,2,1,1684,2013,9,7,2638,167.0
Chattanooga,401,60,108,15,11,3,14,0,0,19,14,10,1,1,2322,Georgia State,30,17,273,35,17,4,25,0,0,2,14,6,1,0,1278,2013,9,7,2247,
Mid Tennessee,158,42,243,41,24,7,63,1,3,10,18,8,2,0,1967,UNC,134,41,377,36,25,4,50,1,1,7,16,9,1,1,1633,2013,9,7,153,2393.0
Florida,122,44,291,33,22,10,70,3,2,9,15,6,1,0,2300,Miami (FL),50,28,162,25,12,5,58,0,1,3,11,1,0,0,1300,2013,9,7,2390,57.0
Weber State,69,43,136,25,13,6,55,2,0,7,17,4,1,1,1983,Utah,338,38,290,24,17,4,35,0,0,14,11,5,2,1,1617,2013,9,7,254,
Notre Dame,96,19,314,53,29,4,33,0,2,7,15,8,2,0,1556,Michigan,166,39,294,33,21,6,50,0,1,11,12,6,0,0,2044,2013,9,7,130,87.0
Army,363,64,76,20,7,8,90,2,1,15,19,7,5,3,1939,Ball State,115,34,325,37,23,7,44,1,0,6,13,6,0,0,1661,2013,9,7,2050,349.0
Norfolk State,59,27,74,27,8,7,51,1,1,2,13,1,1,1,1429,Rutgers,273,56,150,22,12,11,90,0,1,13,18,8,2,1,2171,2013,9,7,164,
Gardner-Webb,67,44,117,20,9,5,37,3,3,7,13,3,0,0,1976,Marshall,224,39,285,35,22,9,74,0,1,10,12,3,4,2,1624,2013,9,7,276,
Minnesota,342,43,127,15,8,4,37,0,1,16,9,2,0,0,1691,New Mexico St,103,41,253,40,29,1,25,1,0,7,16,7,3,1,1909,2013,9,7,166,135.0
South Dakota,219,43,67,18,8,5,54,0,1,11,13,3,0,0,1969,Kansas,280,50,110,20,10,9,71,1,0,15,11,4,2,1,1631,2013,9,7,2305,
Alcorn State,28,25,135,25,11,5,32,2,1,1,14,2,1,0,1267,Miss St,277,54,279,33,20,3,25,0,1,14,14,6,6,2,2333,2013,9,7,344,
Colorado State,178,35,108,29,12,9,123,1,2,5,17,4,0,0,1699,Tulsa,215,44,212,39,21,5,45,2,1,11,18,5,3,1,1901,2013,9,7,202,36.0
UNH,158,43,227,27,17,5,40,1,1,6,14,5,1,1,1841,Cent Michigan,104,28,333,37,21,2,20,0,1,4,15,6,2,0,1759,2013,9,7,2117,
Navy,444,70,71,5,2,5,40,0,0,24,11,4,4,3,2227,Indiana,118,26,363,43,31,6,51,0,1,7,12,8,3,2,1373,2013,9,7,84,2426.0
Texas,132,39,313,44,24,4,45,0,0,7,17,5,3,0,1735,BYU,550,72,129,27,9,8,68,1,1,24,21,10,1,1,1865,2013,9,7,252,251.0
Nicholls State,222,40,225,18,10,9,70,2,1,8,11,5,0,0,1674,W Michigan,231,44,254,43,24,8,90,0,2,13,15,6,2,0,1926,2013,9,7,2711,
LA-Lafayette,177,40,193,31,18,5,27,0,1,9,16,7,2,0,1660,Kansas State,149,37,305,34,23,4,39,0,2,10,14,8,1,0,1940,2013,9,7,2306,309.0
Maine,247,45,267,28,20,7,69,2,1,12,15,7,1,1,2261,UMass,64,22,201,42,20,3,54,1,1,4,16,5,2,1,1339,2013,9,7,113,
UC Davis,118,25,178,27,13,7,66,0,2,3,12,3,1,0,1493,Nevada,267,64,268,27,21,5,51,1,0,14,19,11,3,2,2107,2013,9,7,2440,
North Texas,104,38,195,29,19,8,62,2,2,5,14,4,2,2,1804,Ohio,203,40,239,30,19,10,98,1,2,10,14,5,1,0,1796,2013,9,7,195,249.0
UT Martin,152,49,210,35,21,10,102,2,4,7,20,11,2,1,1860,Boise State,220,49,252,32,20,2,31,1,0,13,15,5,3,2,1740,2013,9,7,68,
Missouri State,70,23,127,30,14,4,55,1,1,4,10,1,1,1,1302,Iowa,298,57,193,28,19,11,100,0,1,14,14,7,1,0,2298,2013,9,7,2294,
Tennessee Tech,44,30,69,19,8,3,15,1,1,2,13,2,1,0,1345,Wisconsin,387,51,219,29,24,5,31,0,1,17,13,7,1,0,2255,2013,9,7,275,
E Michigan,61,35,122,28,18,2,8,0,0,4,16,3,1,0,1903,Penn State,251,39,323,35,25,5,46,1,1,10,10,1,2,2,1697,2013,9,7,213,2199.0
Cal Poly,172,49,244,27,15,4,30,1,0,7,19,6,2,1,1906,Fresno State,162,40,208,34,23,3,15,1,0,10,15,4,1,0,1694,2013,9,7,278,
Montana State,160,44,218,27,17,6,70,0,0,12,11,4,1,1,2009,SMU,144,26,317,48,35,11,85,2,0,6,18,9,0,0,1591,2013,9,7,2567,
Richmond,16,26,300,45,29,7,55,2,0,3,14,6,2,2,1861,North Carolina St,188,41,256,35,27,10,89,2,2,8,16,8,1,1,1739,2013,9,7,152,257.0
Indiana State,39,22,256,45,29,3,25,0,1,2,14,3,3,1,1509,Purdue,134,46,150,24,15,6,52,0,0,8,16,4,2,1,2091,2013,9,7,2509,
S Carolina St,86,46,155,22,10,3,15,1,2,6,18,7,0,0,1840,Clemson,183,44,329,51,36,4,30,1,0,10,21,12,2,1,1760,2013,9,7,228,
Samford,112,24,119,29,20,4,20,0,0,5,11,3,0,0,1453,Arkansas,333,53,125,17,9,6,65,2,0,15,12,6,1,1,2147,2013,9,7,8,
Old Dominion,165,38,170,39,21,4,34,0,3,11,16,5,3,1,1773,Maryland,312,46,275,23,14,1,15,0,1,15,13,7,1,0,1827,2013,9,7,120,295.0
Grambling St,94,34,143,24,11,15,125,1,0,4,17,6,0,0,1911,UL Monroe,367,38,204,30,16,5,55,2,1,15,13,6,0,0,1689,2013,9,7,2433,
Idaho,139,46,205,33,23,6,53,2,0,6,20,5,4,3,2177,Wyoming,262,39,302,39,23,7,76,0,1,13,18,11,0,0,1423,2013,9,7,2751,70.0
West Virginia,169,24,218,41,21,8,66,3,1,6,13,3,1,0,1534,Oklahoma,316,57,119,21,10,9,53,2,2,16,17,5,0,0,2066,2013,9,7,201,277.0
Troy,110,37,504,58,36,3,30,1,3,9,22,11,1,1,2005,Arkansas State,228,43,311,35,21,9,70,0,0,13,17,9,0,0,1595,2013,9,12,2032,2653.0
Tulane,129,44,235,36,20,6,55,3,1,5,22,9,2,1,2121,LA Tech,124,31,165,44,16,6,35,1,1,6,18,4,0,0,1479,2013,9,12,2348,2655.0
TCU,207,44,194,38,23,13,115,0,2,12,16,3,2,0,2146,Texas Tech,43,26,293,45,24,10,89,0,3,5,17,6,1,0,1454,2013,9,12,2641,2628.0
Air Force,188,52,99,10,4,3,23,0,1,13,14,6,2,2,1784,Boise State,229,41,304,31,29,5,55,1,1,13,10,8,0,0,1816,2013,9,13,68,2005.0
E Michigan,38,40,335,40,24,8,66,0,1,4,19,7,2,1,2276,Rutgers,185,29,89,13,8,7,51,0,0,6,8,1,0,0,1324,2013,9,14,164,2199.0
UTSA,102,29,277,47,30,6,63,1,1,8,16,8,1,1,1995,Arizona,264,48,158,21,14,3,15,1,0,17,13,7,1,1,1605,2013,9,14,12,2636.0
Cal Poly,203,41,164,20,11,4,38,0,0,7,12,3,1,0,1563,Colorado State,236,46,297,30,21,9,123,0,0,14,15,7,2,1,2037,2013,9,14,36,
Alabama,234,37,334,29,20,12,104,1,0,15,6,3,0,0,2102,Texas A&M,164,32,464,39,28,6,55,0,2,9,8,5,0,0,1498,2013,9,14,245,333.0
W Illinois,68,30,162,23,11,5,20,0,0,5,14,4,1,1,1536,Minnesota,213,49,124,12,10,2,10,1,0,13,11,5,1,1,2064,2013,9,14,135,
Tennessee,178,38,138,29,15,4,40,1,0,9,15,5,1,1,2058,Oregon,216,41,471,35,25,8,62,0,0,11,12,6,1,1,1542,2013,9,14,2483,2633.0
Iowa,218,60,160,23,14,3,20,1,0,11,20,11,0,0,2283,Iowa State,59,24,260,39,22,3,38,0,2,3,14,5,3,2,1317,2013,9,14,66,2294.0
Oregon State,48,28,443,45,27,10,69,0,0,3,16,7,2,2,1953,Utah,260,39,279,33,19,5,59,0,3,12,13,6,0,0,1647,2013,9,14,254,204.0
Ole Miss,272,45,177,27,17,8,74,1,0,16,10,5,2,0,1691,Texas,124,37,196,36,24,7,50,1,0,8,15,4,3,1,1909,2013,9,14,251,145.0
Kansas,100,35,170,29,14,4,20,0,2,6,17,6,2,0,1596,Rice,192,42,178,36,15,5,51,0,2,12,18,6,1,0,2004,2013,9,14,242,2305.0
Marshall,116,34,366,45,30,8,58,3,1,7,13,9,1,1,1461,Ohio,60,36,275,39,26,4,36,0,0,5,19,11,0,0,2139,2013,9,14,195,276.0
Bowling Green,136,36,273,51,28,6,50,1,1,8,20,8,6,2,2113,Indiana,266,48,335,26,17,6,45,2,0,8,13,8,3,0,1487,2013,9,14,84,189.0
UCF,219,38,288,27,20,6,62,0,1,7,12,7,1,0,1957,Penn State,193,35,262,29,21,5,33,1,0,7,8,2,2,1,1643,2013,9,14,213,2116.0
OSU,332,55,276,32,21,7,56,1,0,20,15,6,4,4,2035,Cal,132,37,371,53,31,5,28,1,1,11,16,6,3,2,1565,2013,9,14,25,194.0
Nevada,128,38,86,24,13,7,80,0,1,5,14,4,1,0,1981,FSU,377,41,240,22,17,6,45,0,1,15,10,6,0,0,1619,2013,9,14,52,2440.0
UTEP,293,56,253,28,18,4,25,1,1,16,17,10,1,1,2513,New Mexico St,99,19,299,26,14,3,33,2,2,4,7,1,1,0,1087,2013,9,14,166,2638.0
Nicholls State,141,33,164,40,15,5,35,3,2,5,17,7,2,0,1837,LA-Lafayette,456,53,164,16,13,8,105,0,1,19,8,5,0,0,1763,2013,9,14,309,
Youngstown St,51,20,121,27,11,5,30,2,0,1,12,2,1,1,1251,Michigan State,277,49,270,32,22,2,19,1,0,12,15,10,1,1,2349,2013,9,14,127,
Stony Brook,140,45,300,48,25,12,89,1,2,11,19,4,2,2,1859,Buffalo,133,36,216,48,28,4,35,1,1,6,18,6,0,0,1741,2013,9,14,2084,
Stanford,197,34,205,22,13,1,15,1,1,8,11,6,1,0,1562,Army,284,61,49,10,6,2,20,1,0,16,16,6,3,1,2038,2013,9,14,349,24.0
Tulsa,95,31,226,33,17,3,15,0,1,3,15,7,1,1,1484,Oklahoma,194,44,413,37,27,3,16,0,0,12,16,12,0,0,2116,2013,9,14,201,202.0
Akron,107,30,311,49,25,5,38,0,2,6,18,9,1,0,1996,Michigan,177,32,248,30,16,5,45,1,3,8,10,3,0,0,1604,2013,9,14,130,2006.0
Kent State,58,32,190,29,20,10,90,0,0,4,14,4,1,1,2063,LSU,307,37,264,18,13,11,86,1,0,14,6,4,0,0,1537,2013,9,14,99,2309.0
UL Monroe,109,35,315,69,43,4,24,0,2,8,28,15,3,2,2339,Wake Forest,15,15,310,48,28,5,33,1,0,1,15,5,0,0,1261,2013,9,14,154,2433.0
Vanderbilt,121,33,147,22,12,0,0,1,1,7,12,2,3,3,1370,South Carolina,220,49,359,38,28,5,30,2,1,13,17,11,3,2,2230,2013,9,14,2579,238.0
Wisconsin,231,32,210,31,16,6,76,1,0,6,17,8,1,1,1682,Arizona State,116,42,352,51,29,3,15,1,1,8,18,8,2,0,1918,2013,9,14,9,275.0
Notre Dame,91,37,309,33,20,3,23,1,0,7,16,11,1,0,1872,Purdue,38,21,256,41,25,6,55,0,1,1,16,7,1,1,1728,2013,9,14,2509,87.0
Cent Michigan,113,32,265,46,23,5,55,0,2,7,16,7,2,1,1933,UNLV,122,41,289,30,25,3,29,0,1,10,12,5,1,0,1667,2013,9,14,2439,2117.0
E Washington,51,22,326,41,21,9,51,1,1,3,12,3,2,1,1390,Toledo,325,51,205,26,16,11,92,0,0,16,16,5,1,1,2210,2013,9,14,2649,
Weber State,104,33,34,23,12,3,48,2,0,5,16,3,1,1,1761,Utah State,267,48,320,29,23,2,24,1,0,14,14,9,2,1,1839,2013,9,14,328,
UMass,123,38,186,32,21,6,45,0,2,7,17,7,3,1,1829,Kansas State,329,46,127,12,7,2,24,1,1,17,11,7,1,1,1771,2013,9,14,2306,113.0
Southern Utah,73,34,146,30,22,5,53,0,3,5,14,4,1,1,2138,Washington St,54,17,410,48,35,5,39,0,1,1,13,6,2,2,1462,2013,9,14,265,
W Kentucky,145,27,282,47,27,8,50,0,3,9,17,9,3,1,1971,South Alabama,144,39,270,27,16,5,35,1,0,7,13,5,2,1,1629,2013,9,14,6,98.0
W Michigan,143,31,202,41,16,5,46,0,1,9,18,5,4,2,1742,Northwestern,332,55,139,22,15,5,45,1,1,19,10,5,0,0,1858,2013,9,14,77,2711.0
N Illinois,356,48,152,29,17,11,107,2,0,14,14,4,1,0,1573,Idaho,191,62,247,26,15,4,42,3,0,14,16,4,4,1,2027,2013,9,14,70,2459.0
Miss St,202,40,213,28,15,5,33,0,0,11,15,5,2,2,2063,Auburn,120,36,339,34,23,1,5,1,2,9,15,7,0,0,1537,2013,9,14,2,344.0
Memphis,180,46,170,30,19,15,145,0,2,9,20,8,1,1,2081,Mid Tennessee,60,28,224,36,22,3,30,0,1,5,14,6,0,0,1519,2013,9,14,2393,235.0
VT,53,34,258,43,25,6,53,0,1,4,20,9,2,1,2203,ECU,46,23,158,31,19,4,20,0,3,4,11,3,0,0,1397,2013,9,14,151,259.0
Bethune-Cookman,311,52,38,11,6,6,60,0,1,16,12,4,1,1,2055,FIU,73,33,156,18,11,7,50,1,1,3,12,3,2,1,1545,2013,9,14,2229,
Maryland,224,43,277,28,15,4,54,2,1,10,15,4,2,0,1690,UConn,25,34,349,45,29,5,40,0,2,4,18,5,1,0,1910,2013,9,14,41,120.0
Lamar,121,37,124,40,19,6,44,1,0,5,23,7,4,1,2274,Oklahoma State,155,38,271,36,23,4,28,0,1,9,13,7,1,1,1326,2013,9,14,197,
Louisville,242,41,250,28,16,4,45,1,0,12,13,6,0,0,2076,Kentucky,162,31,214,37,17,4,34,2,1,7,13,0,4,3,1524,2013,9,14,96,97.0
FAU,130,36,98,17,10,7,56,0,1,7,13,4,0,0,1771,USF,167,40,130,25,9,9,80,2,1,6,14,4,2,0,1829,2013,9,14,58,2226.0
Fordham,200,45,320,36,23,8,70,0,0,12,16,6,5,3,2083,Temple,245,49,140,26,14,5,34,1,1,18,13,8,1,0,1517,2013,9,14,218,2230.0
Boston College,101,26,83,24,11,1,5,0,0,5,13,4,1,0,1404,USC,257,43,264,19,17,10,100,0,0,12,10,5,0,0,2196,2013,9,14,30,103.0
Southern Miss,119,31,135,34,18,10,63,0,2,7,15,4,1,0,1477,Arkansas,258,56,69,11,6,4,49,0,1,12,15,7,0,0,2123,2013,9,14,8,2572.0
Northwestern St,100,34,79,23,14,9,78,0,1,5,14,2,0,0,1691,Cincinnati,322,46,347,21,19,13,131,0,0,16,9,6,0,0,1909,2013,9,14,2132,
Ball State,163,20,333,46,27,4,28,3,2,5,12,7,1,0,1344,North Texas,231,45,274,47,31,10,85,1,0,13,19,10,0,0,2256,2013,9,14,249,2050.0
New Mexico,213,52,57,17,9,4,40,1,0,12,16,6,2,0,2202,Pitt,283,34,244,18,14,7,50,2,2,13,5,3,0,0,1398,2013,9,14,221,167.0
Georgia Tech,344,60,125,16,8,6,46,0,1,18,17,11,0,0,2312,Duke,132,34,122,28,15,5,52,0,0,7,14,3,2,1,1288,2013,9,14,150,59.0
Wagner,53,31,34,21,6,2,10,1,2,3,14,2,1,0,1635,Syracuse,236,48,359,35,28,8,65,0,0,10,17,10,0,0,1965,2013,9,14,183,
Washington,273,50,342,35,28,12,104,2,0,13,16,10,0,0,1896,Illinois,136,36,191,26,10,6,65,0,1,9,15,6,1,1,1704,2013,9,14,356,264.0
Delaware,157,34,179,32,19,6,58,1,2,9,13,2,3,1,1572,Navy,352,62,237,15,11,0,0,1,0,20,13,10,1,1,2028,2013,9,14,2426,
UCLA,210,53,294,25,16,3,21,0,1,11,15,7,1,0,1780,Nebraska,128,42,203,35,21,8,70,1,0,8,14,3,3,2,1820,2013,9,14,158,26.0
Georgia State,136,33,84,18,8,7,35,1,0,4,13,3,0,0,1682,West Virginia,245,42,359,41,25,4,48,0,1,11,17,8,2,1,1918,2013,9,14,277,2247.0
N Colorado,65,26,275,52,30,5,25,0,2,3,18,5,3,1,2133,Wyoming,173,42,264,47,30,6,55,1,1,10,17,9,2,1,1467,2013,9,14,2751,
Clemson,171,40,244,37,24,6,45,0,0,11,19,10,2,1,1631,North Carolina St,165,36,213,37,20,9,57,1,1,8,16,3,5,4,1969,2013,9,19,152,228.0
Boise State,200,53,361,47,33,4,40,1,1,9,20,11,4,1,1983,Fresno State,62,24,460,60,39,5,48,0,0,4,17,8,2,2,1617,2013,9,20,278,68.0
W Illinois,197,41,141,33,13,6,40,0,2,11,16,5,4,1,1860,UNLV,284,49,140,22,14,0,0,0,0,15,15,6,2,2,1740,2013,9,21,2439,
Kansas State,115,38,275,30,19,8,65,3,0,6,16,9,0,0,1901,Texas,227,47,225,34,19,8,74,0,0,16,18,9,3,2,1699,2013,9,21,251,2306.0
New Mexico St,187,41,146,26,15,3,35,1,1,11,11,1,0,0,1813,UCLA,298,45,394,49,35,15,138,1,2,18,14,12,0,0,1787,2013,9,21,26,166.0
North Texas,7,25,238,41,26,4,25,0,1,1,16,4,2,1,1677,Georgia,191,43,450,31,23,6,42,1,1,9,13,6,0,0,1923,2013,9,21,61,249.0
E Illinois,127,34,450,49,34,14,126,0,2,6,16,7,4,2,1683,N Illinois,367,52,235,30,21,14,119,1,2,18,13,6,2,2,1917,2013,9,21,2459,
Michigan State,119,35,135,36,16,10,115,0,1,7,18,8,2,1,1838,Notre Dame,82,32,142,34,14,8,86,0,0,2,17,6,1,0,1762,2013,9,21,87,127.0
Kent State,56,24,134,36,17,8,79,0,1,2,15,3,0,0,1636,Penn State,287,53,176,36,13,3,28,0,1,17,18,7,3,2,1964,2013,9,21,213,2309.0
Texas State,107,37,133,31,15,5,20,2,1,6,16,5,3,0,1963,Texas Tech,118,33,434,63,33,8,65,0,3,7,21,11,2,0,1637,2013,9,21,2641,326.0
Tennessee,66,23,154,34,14,3,25,2,4,6,13,5,1,0,1223,Florida,215,56,167,20,11,6,44,2,1,13,18,10,1,0,2377,2013,9,21,57,2633.0
Pitt,174,46,424,33,23,8,71,0,0,9,17,7,2,1,2182,Duke,213,36,319,33,22,3,23,0,4,11,11,5,1,0,1418,2013,9,21,150,221.0
Troy,47,26,139,31,17,7,80,1,1,3,14,3,1,0,1431,Miss St,235,44,316,27,17,3,30,0,0,15,12,8,0,0,2169,2013,9,21,344,2653.0
Mid Tennessee,296,45,150,24,13,1,7,0,2,12,15,8,1,1,1669,FAU,182,45,321,50,31,4,25,3,2,13,20,13,3,2,1931,2013,9,21,2226,2393.0
Florida A&M,50,23,30,16,10,8,50,1,1,2,11,1,0,0,1378,OSU,388,46,215,34,24,3,20,0,1,20,12,6,4,4,2222,2013,9,21,194,
Savannah State,139,26,44,25,8,2,7,0,4,7,13,2,3,2,1601,Miami (FL),324,46,313,23,20,10,75,0,0,15,9,6,3,2,1999,2013,9,21,2390,
Idaho State,22,28,142,40,19,10,65,1,2,3,18,4,3,1,1789,Washington,370,53,310,28,21,16,130,1,0,18,10,6,3,1,1811,2013,9,21,264,304.0
Wake Forest,228,45,132,17,6,9,86,1,1,14,12,4,1,1,1663,Army,271,55,86,18,10,8,45,2,0,13,17,5,2,1,1937,2013,9,21,349,154.0
Wyoming,249,44,373,41,35,10,91,1,0,11,14,10,1,1,1711,Air Force,346,57,127,20,12,7,61,1,0,16,14,6,3,1,1889,2013,9,21,2005,2751.0
Marshall,133,46,228,41,19,11,66,1,2,8,20,9,1,0,1599,VT,201,53,181,34,18,4,45,0,2,12,16,2,4,3,2001,2013,9,21,259,276.0
Houston,165,37,329,36,18,3,30,0,1,8,16,6,1,1,1504,Rice,174,45,289,37,22,3,25,1,1,12,15,5,1,0,2096,2013,9,21,242,248.0
W Michigan,74,20,135,38,16,2,16,1,3,3,14,1,1,1,1429,Iowa,258,58,188,18,11,6,60,2,0,13,15,9,1,1,2171,2013,9,21,2294,2711.0
Bethune-Cookman,182,56,60,17,8,8,59,0,1,13,18,9,0,0,2159,FSU,266,36,226,25,13,3,25,1,0,11,6,2,0,0,1441,2013,9,21,52,
Arkansas State,74,31,181,39,22,5,50,0,1,6,15,4,2,0,1460,Memphis,329,45,176,26,17,4,40,1,0,13,14,6,3,1,2140,2013,9,21,235,2032.0
Morgan State,182,37,135,25,15,5,35,0,2,11,12,5,1,0,1894,W Kentucky,375,44,213,24,17,4,26,1,2,20,10,5,4,4,1706,2013,9,21,98,
San Jose State,47,17,439,35,22,9,98,1,2,3,9,1,4,2,1138,Minnesota,353,67,71,12,5,3,40,0,0,18,14,7,2,2,2462,2013,9,21,135,23.0
Utah,129,33,273,35,24,8,65,0,0,4,14,1,0,0,1993,BYU,183,47,260,48,18,7,55,0,1,9,21,5,4,1,1607,2013,9,21,252,254.0
Maine,107,30,272,47,29,3,20,1,2,6,16,9,1,0,1990,Northwestern,251,49,122,17,10,5,45,1,1,14,14,7,2,1,1610,2013,9,21,77,
Tulane,121,28,209,40,23,7,75,1,1,6,14,4,3,2,1938,Syracuse,205,45,200,26,19,7,38,0,0,9,14,7,1,1,1662,2013,9,21,183,2655.0
Arkansas,101,34,182,28,16,6,66,0,0,5,14,3,1,1,1893,Rutgers,54,36,346,43,22,3,25,2,1,6,17,6,2,2,1707,2013,9,21,164,8.0
Purdue,45,21,135,36,18,3,30,0,1,7,14,2,2,1,1496,Wisconsin,388,48,158,21,12,1,10,0,1,15,13,5,2,1,2104,2013,9,21,275,2509.0
FIU,0,34,27,9,4,6,40,1,0,0,13,1,0,0,1940,Louisville,210,29,254,27,22,1,5,0,0,6,10,7,0,0,1660,2013,9,21,97,2229.0
UL Monroe,75,35,220,46,18,4,30,1,3,6,20,6,4,1,1983,Baylor,311,41,470,36,25,8,85,0,1,11,12,6,2,0,1617,2013,9,21,239,2433.0
Murray State,166,32,146,34,24,8,57,1,0,7,14,4,1,1,1465,Bowling Green,282,42,378,32,28,7,72,0,1,13,10,8,0,0,2135,2013,9,21,189,
Northwestern St,150,39,194,45,23,6,60,1,1,9,20,8,1,0,2054,UAB,242,34,212,27,13,5,44,1,1,11,11,4,2,1,1546,2013,9,21,5,
West Virginia,113,25,62,22,11,7,59,4,2,4,12,2,0,0,1314,Maryland,120,46,210,26,17,7,39,2,0,6,19,9,0,0,2286,2013,9,21,120,277.0
South Dakota St,227,38,238,29,19,4,45,1,2,10,11,3,1,0,1849,Nebraska,335,51,310,26,21,4,33,2,0,17,10,7,1,1,1751,2013,9,21,158,
Vanderbilt,166,39,240,28,19,5,35,1,1,11,13,8,3,2,1939,UMass,99,31,149,33,23,4,20,1,0,7,16,8,1,1,1661,2013,9,21,113,238.0
VMI,41,25,38,31,9,5,33,2,0,2,16,1,1,0,1393,UVA,357,63,223,30,20,7,50,0,2,20,18,11,4,1,2207,2013,9,21,258,
Jacksonville St,122,44,311,32,17,5,55,1,1,9,16,8,0,0,1565,Georgia State,150,42,250,42,16,9,62,1,1,9,20,7,3,2,2035,2013,9,21,2247,
Colorado State,51,26,228,38,24,4,35,1,0,3,15,4,1,0,1870,Alabama,66,21,272,27,21,2,15,0,1,3,10,2,1,1,1730,2013,9,21,333,36.0
Michigan,192,49,97,23,11,5,45,2,2,11,17,7,1,0,2147,UConn,47,25,159,32,16,6,70,0,1,5,11,1,1,0,1453,2013,9,21,41,130.0
Missouri,280,50,343,47,32,5,31,1,2,16,16,8,1,1,2205,Indiana,98,26,377,53,29,8,63,0,3,6,17,5,2,1,1395,2013,9,21,84,142.0
SMU,93,17,341,67,41,16,111,2,1,7,16,5,4,2,1744,Texas A&M,265,48,316,35,19,13,114,0,1,14,14,7,2,1,1856,2013,9,21,245,2567.0
UNC,101,24,218,29,14,8,57,0,1,4,10,4,0,0,1162,Georgia Tech,324,71,104,12,7,5,40,1,0,19,16,9,1,1,2438,2013,9,21,59,153.0
Auburn,213,52,224,33,17,5,44,1,2,11,17,6,5,1,1849,LSU,228,44,229,22,14,10,85,1,1,5,13,5,1,0,1751,2013,9,21,99,2.0
Hawaii,133,36,243,45,24,10,75,2,4,9,19,9,3,0,1949,Nevada,138,44,202,20,14,6,55,1,0,5,17,9,0,0,1651,2013,9,21,2440,62.0
Utah State,106,27,179,40,21,11,89,0,0,4,17,5,3,1,1666,USC,118,39,164,27,13,8,58,1,0,7,14,3,1,1,1934,2013,9,21,30,328.0
Idaho,79,49,174,25,18,12,73,1,1,9,19,5,4,2,2286,Washington St,71,15,346,43,31,6,44,2,2,2,9,5,2,2,1314,2013,9,21,265,70.0
Oregon State,10,20,367,55,38,13,99,2,0,3,13,7,1,0,1661,San Diego State,74,40,251,26,16,9,87,0,2,6,14,4,1,1,1939,2013,9,21,21,204.0
LA-Lafayette,156,43,304,38,26,5,30,0,1,9,15,6,1,0,2013,Akron,134,27,321,43,27,3,23,0,2,8,14,4,1,1,1587,2013,9,21,2006,309.0
UTSA,181,35,204,24,18,6,29,0,0,8,13,6,0,0,2033,UTEP,99,29,119,31,17,4,50,0,0,5,15,6,2,0,1567,2013,9,21,2638,2636.0
Ball State,197,37,346,31,19,4,43,1,0,6,12,5,1,1,1573,E Michigan,204,44,212,32,20,9,81,2,2,12,13,5,4,3,2027,2013,9,21,2199,2050.0
Austin Peay,155,38,143,26,13,9,69,0,0,7,17,5,1,1,2193,Ohio,251,46,243,23,16,8,70,3,0,12,13,8,0,0,1407,2013,9,21,195,
Cincinnati,198,52,171,37,23,7,74,1,2,11,17,7,0,0,2224,Miami (OH),7,29,80,16,7,4,34,0,2,1,11,0,3,0,1376,2013,9,21,193,2132.0
LA Tech,154,32,289,55,35,3,35,2,1,8,17,8,0,0,1868,Kansas,117,33,279,46,28,8,68,0,2,5,17,7,2,0,1732,2013,9,21,2305,2348.0
Arizona State,50,24,367,56,30,6,65,0,2,5,18,6,4,3,1474,Stanford,240,49,151,17,11,7,57,0,1,10,15,7,0,0,2126,2013,9,21,24,9.0
Toledo,252,43,166,23,16,1,15,1,0,14,12,9,0,0,1674,Cent Michigan,156,41,214,24,14,1,5,2,2,11,9,3,1,1,1926,2013,9,21,2117,2649.0
Iowa State,179,44,255,42,26,3,25,0,1,7,18,8,2,2,2137,Tulsa,86,28,288,49,26,1,10,3,1,8,12,3,4,3,1463,2013,9,26,202,66.0
VT,55,27,221,25,19,10,69,0,0,2,10,2,0,0,1718,Georgia Tech,129,42,144,24,7,9,66,1,2,8,14,5,3,0,1882,2013,9,26,59,259.0
Utah State,253,50,267,43,30,9,95,0,0,15,16,6,0,0,2196,San Jose State,101,35,336,52,28,11,108,1,3,8,20,10,1,1,1404,2013,9,27,23,328.0
Mid Tennessee,107,41,105,34,16,7,50,0,1,6,19,6,3,1,2028,BYU,309,55,177,19,14,9,80,4,1,11,13,7,1,1,1572,2013,9,27,252,2393.0
Miami (FL),165,39,375,32,19,7,48,2,2,8,14,7,1,1,1903,USF,99,33,189,27,13,5,30,2,1,4,14,2,3,1,1697,2013,9,28,58,2390.0
LSU,77,36,372,37,23,5,40,1,0,5,15,10,1,0,1893,Georgia,196,36,298,34,20,5,35,0,1,10,11,4,1,1,1707,2013,9,28,61,99.0
Texas A&M,262,44,261,30,23,5,45,0,0,14,13,7,1,1,1903,Arkansas,201,30,282,36,17,1,5,0,2,8,12,5,1,0,1697,2013,9,28,8,245.0
Troy,150,41,362,50,37,7,69,0,1,11,16,5,2,2,2064,Duke,190,39,324,28,20,4,35,0,1,9,12,5,0,0,1536,2013,9,28,150,2653.0
Southern Miss,103,30,163,34,21,7,57,1,2,6,13,2,0,0,1722,Boise State,229,52,316,27,23,5,50,1,0,14,16,11,0,0,1878,2013,9,28,68,2572.0
UVA,65,33,123,37,15,5,49,2,0,4,18,3,4,1,1785,Pitt,8,35,191,31,13,4,32,1,2,3,18,5,0,0,1815,2013,9,28,221,258.0
UConn,27,39,193,29,12,2,10,1,3,5,18,7,1,0,1779,Buffalo,153,43,177,21,10,7,70,0,1,7,14,6,1,1,1821,2013,9,28,2084,41.0
ECU,227,54,376,47,32,3,34,0,1,13,16,8,4,3,2169,UNC,67,32,398,47,29,9,94,0,1,6,17,9,2,1,1431,2013,9,28,153,151.0
Temple,161,29,249,47,23,6,46,0,0,10,16,4,1,1,1583,Idaho,168,33,310,44,26,5,53,0,0,9,18,8,0,0,2017,2013,9,28,70,218.0
UTEP,132,47,365,43,26,6,47,1,0,9,19,10,4,3,2155,Colorado State,250,34,341,29,18,6,62,1,0,11,11,7,1,1,1445,2013,9,28,36,2638.0
Air Force,375,51,78,11,6,4,20,0,1,14,12,7,1,1,1677,Nevada,210,44,389,56,38,5,40,0,1,15,18,12,3,2,1923,2013,9,28,2440,2005.0
FSU,159,36,330,27,17,5,44,0,1,11,11,4,0,0,1604,Boston College,200,45,197,28,18,3,44,0,2,10,13,3,3,2,1996,2013,9,28,103,52.0
Akron,97,25,199,37,22,2,10,0,0,4,13,6,1,0,1437,Bowling Green,167,44,229,24,18,5,58,0,0,9,14,9,0,0,2163,2013,9,28,189,2006.0
Ole Miss,46,25,159,32,17,5,29,1,1,3,14,4,4,1,1291,Alabama,254,40,180,32,25,7,50,0,1,10,17,8,1,0,2309,2013,9,28,333,145.0
South Carolina,225,46,265,34,16,7,58,3,1,11,18,10,2,1,1849,UCF,69,25,358,37,25,6,46,1,3,6,11,6,0,0,1751,2013,9,28,2116,2579.0
Fresno State,206,45,324,47,33,5,61,3,2,11,14,5,2,2,2057,Hawaii,54,35,377,46,24,10,95,0,2,5,17,4,3,2,1543,2013,9,28,62,278.0
Florida,246,45,156,18,15,5,28,0,1,14,13,8,2,2,2289,Kentucky,48,21,125,26,17,3,25,0,1,4,8,1,4,2,1311,2013,9,28,96,57.0
Oklahoma,212,42,238,31,23,4,31,0,0,13,14,5,1,0,2144,Notre Dame,220,29,104,25,9,8,77,0,3,6,12,4,0,0,1456,2013,9,28,87,201.0
Toledo,141,29,274,46,34,10,97,1,1,9,14,6,2,0,1814,Ball State,128,36,335,39,27,1,10,2,1,5,9,2,0,0,1786,2013,9,28,2050,2649.0
USC,247,37,295,30,20,6,54,1,3,10,14,4,3,1,2014,Arizona State,261,35,351,35,24,4,50,0,1,10,11,5,0,0,1586,2013,9,28,9,30.0
Cent Michigan,94,26,165,37,16,4,27,0,3,4,12,2,1,0,1573,North Carolina St,239,52,244,20,14,6,45,0,1,9,17,7,2,1,2027,2013,9,28,152,2117.0
Navy,86,34,76,17,7,3,17,0,2,5,11,4,1,0,1380,W Kentucky,219,43,198,31,25,8,66,1,1,11,15,7,2,1,2220,2013,9,28,98,2426.0
SMU,16,31,276,44,23,6,41,1,4,3,19,8,0,0,1705,TCU,107,36,228,26,15,5,50,2,0,4,12,2,1,1,1895,2013,9,28,2628,2567.0
Oklahoma State,111,40,322,47,20,10,96,1,2,5,20,6,2,1,1619,West Virginia,68,39,320,51,25,6,39,0,2,2,22,8,0,0,1981,2013,9,28,277,197.0
Arkansas State,117,41,318,47,37,10,70,0,1,8,20,10,1,0,2052,Missouri,239,28,256,30,21,3,21,1,0,10,7,3,0,0,1548,2013,9,28,142,2032.0
Colorado,154,35,146,34,14,6,64,1,2,7,15,2,1,0,1510,Oregon State,120,34,420,54,28,6,40,1,1,11,17,5,2,1,2090,2013,9,28,204,38.0
Stanford,238,40,322,28,17,9,57,0,1,11,15,7,2,2,1895,Washington St,51,13,322,65,39,4,35,0,2,5,16,4,2,1,1705,2013,9,28,265,24.0
Tulane,253,53,65,20,7,9,95,0,1,13,16,5,0,0,2184,UL Monroe,26,24,267,45,22,7,69,3,2,2,19,9,1,0,1416,2013,9,28,2433,2655.0
Miami (OH),155,41,95,15,7,4,30,0,0,10,11,2,2,1,1717,Illinois,289,43,312,33,23,4,30,0,2,21,14,10,1,1,1883,2013,9,28,356,193.0
Cal,149,51,176,45,21,11,97,4,1,9,19,5,5,2,1880,Oregon,264,48,117,26,12,9,83,2,0,13,14,4,4,1,1720,2013,9,28,2483,25.0
Wisconsin,104,27,295,34,20,8,54,0,1,6,12,3,2,1,1782,OSU,192,43,198,25,17,6,43,0,0,9,15,6,2,1,1818,2013,9,28,194,275.0
San Diego State,212,43,229,34,22,6,73,1,0,10,19,9,3,1,2140,New Mexico St,40,27,228,35,23,6,44,1,0,2,15,4,1,0,1460,2013,9,28,166,21.0
UAB,156,29,206,36,19,6,42,0,2,6,15,4,1,0,1836,Vanderbilt,206,35,334,29,23,6,62,0,1,10,10,5,0,0,1764,2013,9,28,238,5.0
Kent State,276,47,176,30,17,5,38,1,1,13,16,9,0,0,2049,W Michigan,151,32,159,23,11,8,75,0,2,8,12,4,1,0,1551,2013,9,28,2711,2309.0
Arizona,199,49,119,37,14,7,56,0,2,11,22,10,5,2,1778,Washington,244,61,165,25,14,7,75,0,1,12,17,9,2,0,1822,2013,9,28,264,12.0
N Illinois,177,36,225,26,19,5,45,1,0,11,11,4,1,1,1665,Purdue,153,30,371,55,24,7,58,1,4,9,18,6,4,2,1935,2013,9,28,2509,2459.0
South Alabama,135,28,257,51,24,5,28,0,3,8,17,7,2,1,1833,Tennessee,278,37,204,36,20,8,43,0,3,14,11,4,0,0,1767,2013,9,28,2633,6.0
Iowa,246,45,218,25,15,1,10,0,1,13,14,8,0,0,2161,Minnesota,30,27,135,24,12,5,45,0,2,4,13,4,2,1,1439,2013,9,28,135,2294.0
Wyoming,64,29,292,48,25,4,22,0,1,3,16,5,3,0,1326,Texas State,256,48,196,19,14,9,59,0,1,12,14,4,1,1,2274,2013,9,28,326,2751.0
FAU,94,28,272,46,22,8,80,2,2,2,18,5,3,0,1735,Rice,204,51,69,25,7,5,63,0,1,10,16,3,1,0,1865,2013,9,28,242,2226.0
Army,414,77,16,3,1,2,26,0,0,26,15,8,2,2,2397,LA Tech,57,23,320,36,20,4,38,1,1,4,12,6,1,0,1203,2013,9,28,2348,349.0
UNLV,248,37,320,35,25,1,10,1,0,7,11,6,1,0,1637,New Mexico,497,59,84,13,5,6,60,2,0,19,14,8,2,1,1963,2013,9,28,167,2439.0
Houston,150,32,341,39,26,10,73,0,0,7,14,8,1,0,1548,UTSA,128,29,365,49,36,6,67,1,4,9,11,5,1,1,2052,2013,9,28,2636,248.0
Wake Forest,60,31,162,30,19,4,30,1,1,4,14,2,1,1,1783,Clemson,166,47,407,36,28,4,40,0,0,10,17,8,4,3,1817,2013,9,28,228,154.0
W Kentucky,160,40,370,36,24,6,37,0,1,10,13,6,0,0,2008,UL Monroe,116,27,275,40,21,9,52,1,1,5,15,5,2,0,1592,2013,10,3,2433,98.0
Texas,119,29,244,45,26,6,62,1,0,5,16,7,0,0,1513,Iowa State,201,50,262,27,16,10,118,1,1,11,20,10,0,0,2087,2013,10,3,66,251.0
UCLA,186,53,218,28,18,13,100,1,1,9,19,7,2,2,2009,Utah,99,33,288,44,22,6,60,0,6,7,13,2,3,2,1591,2013,10,3,254,26.0
BYU,160,50,278,32,17,3,36,1,1,7,18,5,1,1,1768,Utah State,186,35,211,51,22,3,28,2,1,6,23,10,2,0,1832,2013,10,4,328,252.0
Nevada,177,58,393,51,33,4,27,2,0,12,21,11,6,3,2017,San Diego State,255,39,286,32,23,4,28,1,0,8,12,5,2,1,1583,2013,10,4,21,2440.0
Louisville,177,34,348,36,25,8,72,0,0,10,12,7,0,0,2041,Temple,48,28,207,26,13,3,40,1,1,6,12,5,1,0,1559,2013,10,5,218,97.0
E Michigan,147,29,182,27,16,3,35,1,2,4,12,4,1,0,1602,Buffalo,228,45,224,24,15,8,90,0,0,11,13,7,1,1,1998,2013,10,5,2084,2199.0
Arizona State,65,25,362,47,33,4,45,1,2,6,13,4,2,1,1522,Notre Dame,145,37,279,38,17,9,64,0,1,9,15,4,1,1,2078,2013,10,5,87,9.0
TCU,44,27,166,26,16,5,25,0,0,3,14,3,1,1,1802,Oklahoma,203,38,152,31,20,3,35,1,0,10,13,3,2,2,1798,2013,10,5,201,2628.0
North Carolina St,115,32,257,43,27,8,74,0,2,6,17,7,1,0,1712,Wake Forest,114,32,268,39,24,8,52,0,1,8,14,7,0,0,1888,2013,10,5,154,152.0
Georgia,238,37,196,35,19,6,41,0,0,11,13,4,1,1,1756,Tennessee,189,41,215,31,17,9,67,1,0,6,17,7,3,3,1844,2013,10,5,2633,61.0
UCF,110,30,160,36,17,6,46,0,0,9,14,5,2,1,1772,Memphis,118,35,279,39,20,5,39,1,3,11,16,5,1,1,1828,2013,10,5,235,2116.0
LA Tech,353,50,110,20,10,3,46,2,0,13,13,6,2,1,1593,UTEP,203,45,237,33,18,6,51,0,1,13,18,7,4,4,2007,2013,10,5,2638,2348.0
ECU,146,40,365,58,43,5,35,1,0,11,23,17,0,0,1994,Mid Tennessee,89,32,245,37,28,4,40,0,2,8,16,9,0,0,1606,2013,10,5,2393,151.0
W Michigan,87,40,288,32,19,6,41,2,2,3,16,5,1,1,1863,Toledo,360,39,168,32,14,7,48,0,0,16,12,3,1,1,1737,2013,10,5,2649,2711.0
Illinois,195,48,177,31,16,3,38,1,1,11,15,4,4,2,1974,Nebraska,335,50,186,20,11,8,71,1,0,14,12,6,1,0,1626,2013,10,5,158,356.0
Fresno State,309,50,422,51,38,4,43,1,2,17,15,6,2,2,1756,Idaho,96,43,177,40,17,5,49,1,4,11,19,8,3,2,1854,2013,10,5,70,278.0
Rice,167,48,177,22,13,11,91,1,1,11,12,3,1,1,1662,Tulsa,222,53,193,32,16,5,30,1,2,10,19,5,5,3,1938,2013,10,5,202,242.0
Ole Miss,124,39,340,50,26,4,34,0,2,9,19,5,5,3,1925,Auburn,282,48,93,17,11,2,23,2,0,15,13,5,0,0,1675,2013,10,5,2,145.0
New Mexico St,182,40,269,34,20,4,40,1,2,11,13,4,2,0,1760,New Mexico,541,56,67,8,3,2,15,0,0,20,10,5,3,1,1840,2013,10,5,167,166.0
UTSA,97,29,157,34,14,10,89,0,3,6,14,4,2,1,1780,Marshall,125,49,279,32,22,7,52,1,0,9,18,10,1,0,1820,2013,10,5,276,2636.0
Clemson,158,45,466,32,23,3,30,0,2,8,12,4,1,0,1732,Syracuse,323,48,74,29,12,8,60,0,4,10,20,4,4,2,1868,2013,10,5,183,228.0
Kentucky,123,36,178,24,17,2,9,0,0,9,11,5,2,2,1815,South Carolina,178,39,275,23,18,5,40,1,0,10,9,5,0,0,1785,2013,10,5,2579,96.0
Ohio,147,39,215,26,17,5,35,0,1,9,14,7,1,0,1732,Akron,56,39,101,26,11,12,135,1,1,3,17,6,1,0,1868,2013,10,5,2006,195.0
Rutgers,191,52,283,33,19,9,60,1,1,11,18,9,3,2,1941,SMU,74,28,484,71,45,5,50,1,0,3,23,9,6,4,1659,2013,10,5,2567,164.0
UNC,99,38,277,35,23,11,79,1,2,5,16,6,3,2,1762,VT,48,34,293,28,19,5,24,0,0,3,14,6,0,0,1838,2013,10,5,259,153.0
North Texas,34,20,326,42,29,11,105,0,2,3,16,7,0,0,1664,Tulane,95,39,132,28,18,4,49,1,0,4,14,4,0,0,1936,2013,10,5,2655,249.0
Michigan State,135,37,277,44,25,8,70,0,1,6,19,6,3,2,2233,Iowa,23,16,241,46,26,3,34,0,2,0,15,4,1,0,1367,2013,10,5,2294,127.0
Missouri,245,43,278,28,19,6,52,0,0,13,11,4,3,2,1798,Vanderbilt,130,38,338,41,29,7,64,0,1,11,14,5,4,2,1802,2013,10,5,238,142.0
San Jose State,216,55,318,35,16,5,34,0,2,13,19,6,2,0,2184,Hawaii,87,33,386,53,29,6,54,1,3,5,19,6,2,1,1416,2013,10,5,62,23.0
Army,326,65,101,11,5,1,15,0,0,18,17,8,1,1,2079,Boston College,320,41,203,13,11,6,45,0,0,13,9,5,0,0,1521,2013,10,5,103,349.0
OSU,248,48,203,26,15,1,10,2,1,16,13,7,1,0,1762,Northwestern,94,43,343,31,25,4,42,1,1,6,14,5,1,0,1838,2013,10,5,77,194.0
Washington,139,40,350,48,33,10,89,0,1,11,14,6,2,1,1701,Stanford,179,41,105,20,12,7,53,0,1,8,14,4,1,0,1899,2013,10,5,24,264.0
Georgia Tech,335,62,66,19,6,3,15,1,2,20,16,6,5,4,2159,Miami (FL),227,31,324,22,17,7,54,2,2,11,6,3,0,0,1441,2013,10,5,2390,59.0
Texas Tech,114,43,404,57,36,9,76,0,1,6,21,10,0,0,1891,Kansas,53,37,220,35,18,12,81,3,1,6,16,3,3,1,1709,2013,10,5,2305,2641.0
Cincinnati,110,33,240,36,24,5,39,2,2,7,14,7,1,0,1766,USF,112,37,129,18,11,5,45,1,0,4,15,5,0,0,1834,2013,10,5,58,2132.0
Kansas State,144,38,192,28,18,12,92,2,3,9,12,5,1,1,2132,Oklahoma State,85,25,245,40,24,1,7,1,0,7,14,4,0,0,1468,2013,10,5,197,2306.0
Texas State,120,31,76,16,11,5,55,2,0,7,11,3,2,1,1568,LA-Lafayette,212,50,360,26,21,8,67,1,0,13,14,9,2,0,2032,2013,10,5,309,326.0
Georgia State,15,22,160,22,12,10,60,1,0,1,12,4,0,0,1582,Alabama,181,30,296,34,29,4,30,0,0,10,9,6,0,0,2018,2013,10,5,333,2247.0
Penn State,70,38,340,55,30,5,20,1,0,9,22,11,5,1,2111,Indiana,150,41,336,39,24,5,42,0,1,7,15,4,1,0,1489,2013,10,5,84,213.0
West Virginia,118,34,276,41,17,6,76,0,1,7,15,3,5,1,1770,Baylor,468,62,396,33,20,10,100,1,3,22,16,11,1,1,1830,2013,10,5,239,277.0
Arkansas,111,29,164,43,17,8,57,1,1,7,16,6,1,0,1658,Florida,115,41,240,22,16,8,84,0,0,6,13,5,0,0,1942,2013,10,5,57,8.0
LSU,223,39,340,29,25,5,27,0,1,8,11,6,2,2,2012,Miss St,216,36,252,31,16,5,41,1,1,11,11,4,2,0,1588,2013,10,5,344,99.0
N Illinois,454,63,244,35,21,9,80,0,2,28,17,10,0,0,2158,Kent State,147,24,245,37,17,3,15,1,1,4,16,7,1,0,1442,2013,10,5,2309,2459.0
Oregon,349,62,406,34,19,5,41,1,2,15,18,9,4,2,1914,Colorado,94,36,280,34,12,2,20,0,2,5,15,0,3,1,1686,2013,10,5,38,2483.0
Cent Michigan,184,41,110,21,11,2,24,1,1,11,13,7,0,0,1856,Miami (OH),123,36,171,29,14,9,74,1,0,8,15,5,2,1,1744,2013,10,5,193,2117.0
Maryland,33,25,201,32,15,4,40,1,0,1,15,2,0,0,1545,FSU,183,43,431,39,26,4,26,0,0,12,11,6,0,0,2055,2013,10,5,52,120.0
FIU,160,50,181,23,13,8,70,0,2,9,14,2,2,2,2158,Southern Miss,71,24,243,45,26,3,19,2,2,5,15,6,2,2,1442,2013,10,5,2572,2229.0
Air Force,231,57,82,16,7,1,5,1,2,15,18,10,1,0,1865,Navy,273,51,54,10,6,1,5,0,0,14,14,8,0,0,1735,2013,10,5,2426,2005.0
FAU,280,46,299,36,23,1,5,0,0,10,17,11,1,1,2140,UAB,51,25,256,33,18,2,12,0,0,4,15,6,1,0,1460,2013,10,5,5,2226.0
Ball State,160,40,346,41,23,1,15,0,0,7,14,5,1,0,1886,UVA,236,41,223,42,22,13,93,3,1,10,18,8,3,1,1714,2013,10,5,258,2050.0
Minnesota,136,41,145,21,14,6,35,1,1,9,15,8,1,1,2028,Michigan,113,35,235,17,13,2,10,0,0,7,13,10,0,0,1572,2013,10,5,130,135.0
UMass,184,32,96,25,11,8,62,0,1,8,13,4,1,1,1657,Bowling Green,232,43,216,22,13,2,20,0,0,8,12,5,1,0,1943,2013,10,5,189,113.0
South Alabama,159,42,471,41,26,11,93,0,0,10,16,7,3,1,1931,Troy,129,38,305,34,24,6,60,1,0,9,14,6,1,1,1669,2013,10,5,2653,6.0
Washington St,49,21,521,67,41,7,75,0,1,4,19,7,2,1,1965,Cal,79,29,506,62,34,11,96,3,2,5,19,7,3,0,1635,2013,10,5,25,265.0
Rutgers,12,27,228,37,20,4,33,0,4,3,13,3,4,3,1608,Louisville,151,36,310,31,21,7,70,2,1,7,13,9,0,0,1992,2013,10,10,97,164.0
San Diego State,214,46,249,26,15,6,40,1,1,10,16,9,3,0,1998,Air Force,169,49,150,12,6,6,45,1,0,10,14,3,3,2,1602,2013,10,10,2005,21.0
Arizona,145,33,363,44,28,5,52,0,0,9,17,8,0,0,1587,USC,249,45,297,30,15,7,50,0,0,13,13,6,0,0,2013,2013,10,10,30,12.0
Temple,176,31,200,25,12,8,90,1,1,8,11,4,1,1,1380,Cincinnati,205,42,270,37,31,11,105,1,0,12,17,11,1,1,2220,2013,10,11,2132,218.0
Kansas,46,34,152,26,13,6,44,1,1,5,16,2,1,0,1615,TCU,207,41,173,22,14,3,20,3,2,9,11,2,0,0,1985,2013,10,12,2628,2305.0
Hawaii,129,26,325,47,24,10,77,1,0,4,16,6,2,0,1347,UNLV,194,57,385,56,34,6,57,0,1,14,20,8,2,0,2253,2013,10,12,2439,62.0
Buffalo,290,56,132,23,12,9,110,0,0,19,14,4,4,3,2218,W Michigan,38,26,164,34,16,7,50,2,2,3,12,2,0,0,1382,2013,10,12,2711,2084.0
Boston College,94,39,192,21,13,8,57,1,1,5,15,3,1,0,1881,Clemson,162,37,334,45,30,5,35,2,0,9,17,4,4,2,1719,2013,10,12,228,103.0
ECU,63,35,480,55,41,7,65,1,1,3,16,4,0,0,1783,Tulane,85,28,225,40,24,10,74,0,1,5,17,5,0,0,1817,2013,10,12,2655,151.0
Indiana,92,27,259,47,25,7,65,0,1,4,18,8,1,0,1352,Michigan State,238,47,235,31,22,10,100,1,1,11,15,10,0,0,2248,2013,10,12,127,84.0
Missouri,142,37,233,31,22,10,57,0,0,7,12,5,0,0,1837,Georgia,164,31,290,45,25,5,40,2,2,8,11,4,1,1,1763,2013,10,12,61,142.0
Miami (OH),117,30,173,35,15,2,10,0,3,7,11,1,3,1,1532,UMass,127,44,249,36,19,5,55,0,2,10,16,7,1,1,2068,2013,10,12,113,193.0
UAB,217,41,188,30,19,9,72,0,0,11,12,5,0,0,1779,FIU,94,36,302,34,17,5,52,1,1,6,14,4,1,1,1821,2013,10,12,2229,5.0
Bowling Green,160,29,224,34,20,4,30,1,0,7,11,4,2,0,1666,Miss St,245,41,177,25,19,9,71,0,1,13,11,4,3,1,1934,2013,10,12,344,189.0
W Carolina,66,31,107,17,6,3,20,0,1,3,14,2,0,0,1722,Auburn,511,43,201,22,17,3,20,0,1,20,7,6,1,0,1878,2013,10,12,2,
Tulsa,204,46,226,17,14,0,0,1,0,13,13,6,1,1,1806,UTEP,222,47,166,30,12,1,15,0,2,12,17,7,3,1,1794,2013,10,12,2638,202.0
Stanford,143,29,246,27,15,6,33,2,0,5,13,6,1,0,1626,Utah,181,39,234,34,23,4,30,0,1,13,14,6,1,1,1974,2013,10,12,254,24.0
Rice,157,41,183,22,9,5,45,0,0,8,14,5,0,0,1519,UTSA,264,49,170,31,17,6,55,1,0,10,16,4,6,4,2081,2013,10,12,2636,242.0
Baylor,114,37,332,21,12,6,45,1,0,7,13,4,2,2,1236,Kansas State,327,58,118,22,10,4,37,0,1,14,15,7,1,0,2364,2013,10,12,2306,239.0
Northwestern,44,25,197,39,17,4,30,0,1,2,17,2,1,1,1305,Wisconsin,286,51,241,28,17,2,10,1,2,14,14,7,1,0,2295,2013,10,12,275,77.0
South Carolina,277,54,260,35,24,3,25,1,0,21,16,9,5,5,2605,Arkansas,218,24,30,13,4,3,31,2,1,5,7,2,1,0,995,2013,10,12,8,2579.0
Nebraska,251,56,184,31,16,8,75,0,3,12,21,11,2,2,2236,Purdue,32,25,184,36,14,7,53,1,1,4,14,3,3,0,1364,2013,10,12,2509,158.0
New Mexico,257,50,179,24,12,2,9,2,1,14,17,7,3,3,2141,Wyoming,285,46,247,33,19,2,18,1,0,17,16,8,2,2,1459,2013,10,12,2751,167.0
Pitt,23,26,187,29,13,7,53,0,0,1,14,4,1,0,1549,VT,76,38,239,34,19,4,45,0,0,5,20,8,0,0,2051,2013,10,12,259,221.0
Boise State,112,40,335,45,30,5,43,0,3,8,17,8,1,1,1976,Utah State,127,39,221,31,16,8,70,1,2,5,15,3,1,1,1624,2013,10,12,328,68.0
San Jose State,177,45,431,35,28,3,24,1,1,13,18,11,0,0,2216,Colorado State,137,27,310,34,19,2,10,0,2,8,10,3,1,1,1384,2013,10,12,36,23.0
Oregon,265,50,366,31,24,9,86,0,0,15,14,8,2,1,2025,Washington,194,42,182,32,19,5,54,1,1,12,20,10,1,1,1575,2013,10,12,264,2483.0
Mid Tennessee,139,27,66,30,14,1,15,2,1,8,15,5,1,0,1331,North Texas,303,61,113,19,13,6,70,1,2,18,17,10,0,0,2269,2013,10,12,249,2393.0
Florida,111,40,129,28,16,8,72,0,0,8,17,6,4,3,2051,LSU,175,39,152,17,9,5,42,1,0,9,9,5,0,0,1549,2013,10,12,99,57.0
UL Monroe,80,31,112,32,16,8,50,0,2,3,15,2,1,1,1688,Texas State,210,38,148,34,12,15,156,0,2,9,13,2,0,0,1912,2013,10,12,326,2433.0
UVA,242,49,263,44,27,5,38,0,0,9,20,8,0,0,2265,Maryland,136,30,332,34,18,6,48,3,0,6,12,4,0,0,1335,2013,10,12,120,258.0
USF,122,34,106,28,8,7,58,0,1,5,17,5,0,0,1732,UConn,207,37,149,43,15,4,40,1,0,10,18,6,1,1,1868,2013,10,12,41,58.0
Akron,110,36,262,56,24,10,91,0,1,7,23,9,4,1,1963,N Illinois,179,39,220,35,16,4,31,0,0,6,15,1,1,1,1637,2013,10,12,2459,2006.0
Troy,249,59,385,43,25,9,98,1,2,14,22,13,2,0,2043,Georgia State,52,26,370,50,22,7,60,0,1,3,16,5,0,0,1557,2013,10,12,2247,2653.0
Syracuse,362,40,74,21,10,8,72,0,2,11,14,5,0,0,1599,North Carolina St,129,45,226,50,24,4,35,0,1,8,23,7,5,2,2001,2013,10,12,152,183.0
Kent State,223,46,184,30,20,5,36,1,1,13,14,5,3,2,2212,Ball State,118,23,305,46,23,4,50,1,2,6,13,7,2,1,1388,2013,10,12,2050,2309.0
Iowa State,143,39,168,39,15,6,35,0,0,9,18,5,2,1,1784,Texas Tech,251,45,415,56,35,4,30,2,1,14,16,5,2,2,1816,2013,10,12,2641,66.0
Alabama,299,44,369,36,22,7,65,2,0,16,14,10,1,1,2159,Kentucky,94,34,76,18,7,6,50,0,0,7,12,2,2,1,1441,2013,10,12,96,333.0
Memphis,127,40,222,41,21,12,86,4,0,6,20,7,3,2,2156,Houston,38,29,209,32,14,9,85,1,0,5,14,4,1,0,1444,2013,10,12,248,235.0
Oklahoma,130,33,133,26,12,8,63,0,2,9,13,2,1,0,1485,Texas,255,60,190,22,13,3,15,1,1,13,20,13,1,0,2115,2013,10,12,251,201.0
Colorado,99,35,169,30,18,8,75,1,3,7,14,7,1,1,1580,Arizona State,276,58,256,22,11,3,25,0,0,18,14,7,1,1,2020,2013,10,12,9,38.0
Cent Michigan,208,44,224,29,20,7,64,0,1,9,17,9,0,0,2152,Ohio,107,34,332,36,25,4,55,2,2,8,10,5,1,1,1448,2013,10,12,195,2117.0
Idaho,165,39,212,41,15,7,50,0,1,8,21,8,2,1,1610,Arkansas State,190,45,375,32,22,14,110,0,1,13,14,6,1,0,1965,2013,10,12,2032,70.0
Navy,230,50,89,14,6,5,35,2,1,13,12,5,2,2,1511,Duke,134,37,301,39,32,3,35,0,0,10,16,10,4,2,2089,2013,10,12,150,2426.0
Marshall,139,34,216,35,18,7,56,0,1,7,18,9,2,1,1489,FAU,208,47,187,29,16,2,20,0,1,11,13,5,0,0,2111,2013,10,12,2226,276.0
E Michigan,194,34,223,27,17,3,27,1,1,12,11,3,5,3,1755,Army,513,54,38,7,5,3,25,0,0,23,9,7,1,1,1845,2013,10,12,349,2199.0
Michigan,149,54,240,29,15,7,62,1,2,9,18,4,0,0,2173,Penn State,85,44,305,45,23,5,56,2,2,6,16,3,3,2,1427,2013,10,12,213,130.0
Georgia Tech,237,52,163,24,11,10,76,1,1,12,20,10,1,0,2203,BYU,189,42,244,27,19,8,60,0,0,11,10,3,0,0,1397,2013,10,12,252,59.0
Oregon State,102,28,496,53,35,4,27,0,2,10,12,7,0,0,2038,Washington St,113,22,270,55,29,4,33,2,4,5,14,6,3,2,1562,2013,10,12,265,204.0
Cal,105,37,215,43,26,9,87,1,1,7,17,4,4,2,1800,UCLA,78,34,410,41,31,9,64,0,0,4,15,7,0,0,1800,2013,10,12,26,25.0
Texas A&M,241,45,346,39,31,8,65,1,1,11,14,9,2,1,1972,Ole Miss,133,33,329,40,25,8,65,0,1,9,14,6,2,1,1628,2013,10,12,145,245.0
LA-Lafayette,254,52,90,12,5,8,89,1,0,15,13,8,0,0,1796,W Kentucky,133,38,338,29,23,6,36,2,2,8,10,2,4,0,1804,2013,10,15,98,309.0
Miami (FL),234,45,322,35,19,4,30,0,4,11,18,8,0,0,1741,UNC,105,36,395,43,32,7,44,0,2,7,15,5,0,0,1859,2013,10,17,153,2390.0
UCF,196,32,250,33,21,5,46,1,1,10,11,5,1,0,1758,Louisville,104,24,341,38,29,6,47,2,0,9,11,7,0,0,1842,2013,10,18,97,2116.0
North Texas,165,44,221,24,16,4,44,0,1,8,13,6,1,0,1971,LA Tech,37,23,367,55,37,5,50,1,2,3,18,7,1,0,1629,2013,10,19,2348,249.0
FSU,121,38,444,35,22,12,104,0,1,9,12,8,0,0,2121,Clemson,123,41,203,45,22,7,96,2,2,10,15,5,5,3,1479,2013,10,19,228,52.0
Duke,180,44,292,40,22,8,70,0,1,11,16,4,4,4,1707,UVA,100,39,263,38,20,6,35,0,1,8,17,6,2,1,1893,2013,10,19,258,150.0
Purdue,66,34,160,25,14,3,30,1,1,6,15,5,1,1,1739,Michigan State,182,41,112,26,14,2,14,0,0,14,13,5,1,1,1861,2013,10,19,127,2509.0
Indiana,162,33,410,43,24,3,20,0,2,11,14,8,1,0,1286,Michigan,248,54,503,29,21,4,15,2,0,15,11,7,1,1,2314,2013,10,19,130,84.0
Ball State,159,43,324,38,25,6,40,1,1,8,17,9,1,0,1976,W Michigan,164,26,204,34,19,12,101,1,1,5,14,3,3,1,1624,2013,10,19,2711,2050.0
Old Dominion,93,20,312,53,31,14,109,0,1,5,15,5,3,1,1840,Pitt,266,45,104,18,11,10,112,0,0,8,10,4,1,0,1760,2013,10,19,221,295.0
Nevada,165,52,208,30,22,5,25,0,0,14,14,5,2,1,2243,Boise State,407,46,150,21,18,3,25,0,1,16,12,8,0,0,1357,2013,10,19,68,2440.0
Washington St,2,12,557,89,58,4,35,1,4,1,15,5,3,2,2139,Oregon,383,44,336,33,24,9,75,3,0,15,10,3,2,1,1461,2013,10,19,2483,265.0
UCLA,74,27,192,39,24,7,43,0,2,6,15,5,0,0,1369,Stanford,192,50,227,25,18,6,65,0,1,11,17,9,0,0,2231,2013,10,19,24,26.0
N Illinois,437,53,155,30,20,4,35,0,1,20,15,9,1,0,1956,Cent Michigan,75,30,271,32,16,4,24,1,1,6,11,3,1,0,1644,2013,10,19,2117,2459.0
Utah State,337,42,155,24,16,5,43,0,0,16,13,7,2,1,1593,New Mexico,160,43,140,20,11,5,40,1,0,9,15,3,3,2,2007,2013,10,19,167,328.0
Rice,409,67,106,15,9,3,31,1,0,20,13,5,0,0,2311,New Mexico St,160,36,168,21,8,5,29,1,2,5,15,6,0,0,1289,2013,10,19,166,242.0
Akron,147,39,227,32,23,7,40,3,0,11,13,5,2,2,1967,Miami (OH),77,36,226,34,23,5,60,1,1,6,16,8,1,1,1633,2013,10,19,193,2006.0
Syracuse,75,26,133,29,13,9,91,1,2,2,12,3,0,0,1341,Georgia Tech,394,67,88,5,3,0,0,0,1,22,8,5,0,0,2259,2013,10,19,59,183.0
Southern Miss,121,36,112,28,11,6,56,1,1,5,16,4,3,2,1466,ECU,122,44,354,44,34,6,55,1,0,6,17,11,2,1,2134,2013,10,19,151,2572.0
Georgia State,160,35,208,36,20,10,84,0,1,8,15,4,3,2,1875,Texas State,296,42,47,12,5,3,35,0,1,11,11,5,1,0,1725,2013,10,19,326,2247.0
Oregon State,74,28,496,46,36,8,80,2,0,8,11,5,2,2,2008,Cal,75,30,291,47,32,8,100,2,2,6,17,7,3,1,1592,2013,10,19,25,204.0
Kent State,247,33,181,26,14,7,54,0,0,9,12,3,3,1,1516,South Alabama,257,53,224,24,16,6,44,0,0,17,11,6,2,0,2084,2013,10,19,6,2309.0
Navy,419,93,95,13,5,4,40,1,0,30,21,11,5,4,2228,Toledo,321,46,105,20,11,8,70,0,1,16,12,6,2,1,1372,2013,10,19,2649,2426.0
SMU,139,33,321,43,27,3,30,2,1,6,15,6,0,0,1595,Memphis,122,40,198,36,26,9,110,1,1,9,14,4,2,1,2005,2013,10,19,235,2567.0
Florida,59,31,92,29,15,8,59,2,1,5,15,3,0,0,1758,Missouri,205,37,295,36,18,7,50,1,1,11,14,4,0,0,1842,2013,10,19,142,57.0
Army,255,58,83,19,8,4,30,2,2,17,14,5,1,0,1948,Temple,158,44,203,16,10,6,50,0,1,10,11,4,0,0,1652,2013,10,19,218,349.0
TCU,126,36,199,37,18,9,85,1,3,7,17,6,2,0,1988,Oklahoma State,95,35,320,44,20,9,70,1,3,5,18,7,1,0,1612,2013,10,19,197,2628.0
Utah,172,42,157,32,15,5,60,0,2,9,18,5,2,1,1847,Arizona,300,58,168,30,18,3,31,2,0,15,20,12,3,0,1753,2013,10,19,12,254.0
Maryland,39,23,344,51,27,4,40,1,2,4,12,3,4,1,1678,Wake Forest,47,24,260,38,28,4,50,0,0,1,15,7,0,0,1922,2013,10,19,154,120.0
Ohio,148,34,399,33,26,7,60,0,1,7,12,7,0,0,1688,E Michigan,315,39,162,28,14,8,57,1,2,13,13,6,1,0,1912,2013,10,19,2199,195.0
UConn,56,32,321,42,24,7,44,0,3,7,15,6,1,0,1897,Cincinnati,137,36,388,30,21,3,35,2,1,7,10,4,1,0,1703,2013,10,19,2132,41.0
BYU,264,71,417,44,29,14,125,0,3,15,21,7,2,1,2037,Houston,48,29,435,47,31,10,88,0,3,5,16,5,0,0,1563,2013,10,19,248,252.0
Auburn,379,60,236,25,11,5,43,1,0,18,14,7,1,1,1936,Texas A&M,133,40,469,42,30,5,34,0,2,10,13,5,2,1,1664,2013,10,19,245,2.0
LSU,114,35,274,33,19,2,20,0,3,8,11,5,1,1,1622,Ole Miss,176,43,349,41,31,5,30,2,0,10,18,11,0,0,1978,2013,10,19,145,99.0
Iowa,130,27,245,34,19,3,30,0,1,9,13,8,0,0,1500,OSU,273,51,222,27,22,3,22,0,0,19,14,10,1,0,2100,2013,10,19,194,2294.0
Arkansas,165,39,91,25,7,2,20,1,2,11,15,6,2,1,1860,Alabama,352,37,180,24,15,0,0,0,0,15,9,5,1,0,1740,2013,10,19,333,8.0
Charleston So,148,45,48,14,7,6,33,1,1,7,16,5,1,1,2207,Colorado,218,31,198,21,15,2,25,0,0,10,10,5,1,1,1393,2013,10,19,38,
Minnesota,176,49,123,14,9,9,89,0,0,10,13,4,0,0,2115,Northwestern,94,26,234,46,25,5,40,1,2,6,16,6,2,2,1485,2013,10,19,77,135.0
Texas Tech,111,31,462,50,36,7,80,2,0,5,15,9,0,0,1537,West Virginia,183,39,254,43,27,5,50,1,0,6,17,7,3,1,2063,2013,10,19,277,2641.0
Washington,-5,25,217,40,16,8,54,1,0,2,17,4,0,0,1280,Arizona State,314,51,271,42,26,4,30,1,1,15,17,7,0,0,2320,2013,10,19,9,264.0
Georgia,107,35,114,28,16,6,45,2,1,8,14,4,2,1,1490,Vanderbilt,119,38,218,35,21,7,63,0,2,9,15,5,2,2,2110,2013,10,19,238,61.0
UMass,85,33,162,28,14,7,72,2,1,6,15,5,1,0,1590,Buffalo,215,48,167,27,18,5,40,0,0,12,14,4,0,0,2010,2013,10,19,2084,113.0
USC,129,31,201,34,20,11,95,0,1,7,13,2,2,0,1878,Notre Dame,129,40,166,25,14,6,38,1,0,6,14,4,1,0,1722,2013,10,19,87,30.0
Colorado State,290,54,219,23,18,6,46,0,1,15,14,8,1,1,2127,Wyoming,165,34,251,37,22,3,35,1,2,4,17,7,1,0,1473,2013,10,19,2751,36.0
South Carolina,218,42,166,22,8,9,84,1,1,11,14,4,1,1,1658,Tennessee,146,41,179,36,19,5,40,0,0,8,17,5,0,0,1942,2013,10,19,2633,2579.0
Oklahoma,235,45,180,26,16,7,50,1,1,11,14,7,1,0,2002,Kansas,185,39,16,13,5,6,65,0,0,8,11,2,1,0,1598,2013,10,19,2305,201.0
Iowa State,41,33,133,27,15,5,45,1,2,5,16,4,2,1,1743,Baylor,291,53,423,39,29,6,35,0,0,14,18,10,3,2,1857,2013,10,19,239,66.0
Wisconsin,289,46,189,21,16,8,93,0,0,15,8,4,1,1,2058,Illinois,72,29,319,34,26,5,45,2,0,6,11,5,1,0,1542,2013,10,19,356,275.0
UNLV,133,25,161,42,27,4,38,0,0,7,15,5,4,1,1573,Fresno State,206,39,435,51,35,4,40,0,1,10,16,11,2,1,2027,2013,10,19,278,2439.0
LA-Lafayette,265,58,205,28,18,4,30,0,1,12,21,12,1,1,2538,Arkansas State,79,25,89,21,11,4,44,0,1,5,12,5,1,0,1062,2013,10,22,2032,309.0
Marshall,213,52,235,35,19,6,61,1,1,14,16,9,2,1,1631,Mid Tennessee,308,60,277,40,22,6,75,1,1,13,20,10,5,4,1969,2013,10,24,2393,276.0
Kentucky,160,40,165,35,19,4,40,0,0,10,18,4,5,4,1566,Miss St,152,42,295,37,25,8,82,0,0,8,18,10,3,1,2034,2013,10,24,344,96.0
Boise State,214,44,285,46,29,5,39,3,1,8,18,8,5,2,1645,BYU,229,50,339,41,27,7,55,0,0,12,19,7,1,1,1955,2013,10,25,252,68.0
Michigan State,269,55,208,16,15,5,34,1,0,17,16,14,0,0,2346,Illinois,25,21,103,21,13,7,66,1,1,3,10,3,1,0,1254,2013,10,26,356,127.0
Temple,217,36,376,38,27,6,55,0,0,11,13,4,4,1,1913,SMU,190,29,538,53,37,9,75,3,0,8,13,8,0,0,1687,2013,10,26,2567,218.0
Houston,211,38,400,35,28,11,100,0,0,11,12,7,0,0,1714,Rutgers,204,41,216,31,18,4,38,1,5,12,15,8,2,2,1886,2013,10,26,164,248.0
Tennessee,127,28,195,28,13,3,32,0,2,4,12,3,2,1,1562,Alabama,204,37,275,28,19,4,45,1,0,11,11,7,1,1,2038,2013,10,26,333,2633.0
Arizona,405,50,265,32,21,5,69,1,1,17,16,7,1,1,1769,Colorado,137,42,212,33,17,2,20,0,1,7,17,7,2,0,1831,2013,10,26,38,12.0
South Alabama,109,22,300,43,27,2,15,1,1,6,13,4,2,1,1359,Texas State,234,53,218,26,15,11,98,0,1,14,17,8,2,2,2241,2013,10,26,326,6.0
LA Tech,141,47,192,32,20,5,55,0,3,12,15,3,2,1,1958,FIU,69,38,128,26,11,6,60,1,2,7,16,5,2,0,1642,2013,10,26,2229,2348.0
E Michigan,164,46,173,32,13,7,47,0,0,12,18,6,2,2,2202,N Illinois,327,44,331,28,21,4,50,0,0,14,10,6,2,1,1398,2013,10,26,2459,2199.0
Duke,91,28,107,26,7,6,26,0,4,6,11,0,1,1,1233,VT,173,46,214,38,21,6,67,0,4,12,18,4,6,4,2367,2013,10,26,259,150.0
Vanderbilt,95,44,234,32,17,1,5,0,3,7,14,3,4,2,2107,Texas A&M,182,32,376,46,33,7,35,4,1,11,11,7,3,2,1493,2013,10,26,245,238.0
Louisville,132,40,353,30,26,9,100,0,0,8,13,8,0,0,2503,USF,38,20,95,19,8,2,25,1,1,2,9,1,0,0,1097,2013,10,26,58,97.0
Nebraska,189,30,139,30,16,3,21,1,1,10,12,4,0,0,1463,Minnesota,271,54,159,17,8,3,35,0,0,16,13,5,1,1,2137,2013,10,26,135,158.0
Notre Dame,135,37,331,26,18,1,5,0,0,7,11,5,1,1,1750,Air Force,290,65,49,12,8,5,40,2,0,18,17,7,3,1,1850,2013,10,26,2005,87.0
West Virginia,103,29,264,41,19,3,25,2,1,4,15,4,2,0,1468,Kansas State,157,43,291,21,18,4,33,2,0,6,13,8,0,0,2132,2013,10,26,2306,277.0
Texas,187,52,228,19,9,6,50,0,2,7,15,4,1,0,2039,TCU,45,24,201,39,17,8,86,2,1,4,16,4,0,0,1561,2013,10,26,2628,251.0
Ball State,157,37,277,36,26,2,9,1,0,9,12,4,0,0,1710,Akron,226,44,211,35,17,8,57,1,2,13,16,6,1,0,1878,2013,10,26,2006,2050.0
UConn,91,30,142,32,14,5,55,2,2,3,12,2,3,1,1426,UCF,176,38,351,35,26,8,72,1,1,7,13,8,1,0,2174,2013,10,26,2116,41.0
Wake Forest,59,25,302,46,25,6,58,0,1,4,16,8,2,2,1944,Miami (FL),200,40,191,28,17,6,46,0,0,9,13,6,1,0,1656,2013,10,26,2390,154.0
Oklahoma State,342,47,78,27,10,7,41,0,1,13,12,3,1,0,1584,Iowa State,154,48,192,38,18,10,72,2,1,11,20,4,1,1,2016,2013,10,26,66,197.0
UNLV,149,42,335,42,29,3,35,1,0,10,15,5,1,1,2016,Nevada,130,36,357,40,24,13,105,1,1,6,15,2,3,1,1584,2013,10,26,2440,2439.0
North Carolina St,188,42,128,33,17,2,13,1,2,5,18,6,2,1,1853,FSU,224,34,342,34,20,3,30,0,2,11,8,3,1,1,1747,2013,10,26,52,152.0
Cal,131,29,352,59,34,3,35,1,0,3,22,7,4,1,1869,Washington,262,44,380,34,21,6,63,0,0,8,16,6,0,0,1731,2013,10,26,264,25.0
Stanford,185,33,88,18,8,5,43,2,0,8,9,2,0,0,1287,Oregon State,17,24,271,57,41,6,50,1,0,5,17,6,5,1,2313,2013,10,26,204,24.0
Troy,91,30,306,33,20,10,104,0,1,7,13,6,1,1,1411,W Kentucky,133,41,399,48,31,5,37,2,0,8,16,7,3,2,2189,2013,10,26,98,2653.0
Tulsa,205,46,139,30,13,8,94,1,3,12,15,4,3,2,1666,Tulane,137,41,164,29,17,6,45,0,2,5,16,6,1,1,1934,2013,10,26,2655,202.0
Baylor,306,44,437,38,21,4,30,2,0,13,14,8,1,0,1327,Kansas,154,50,154,33,11,9,80,1,0,7,22,8,2,0,2273,2013,10,26,2305,239.0
Boston College,202,38,59,22,11,5,42,1,0,6,16,5,1,0,1776,UNC,110,44,282,29,22,4,50,0,0,8,16,8,0,0,1824,2013,10,26,153,103.0
Northwestern,225,52,104,14,11,5,55,2,0,13,14,8,1,0,1813,Iowa,136,41,169,27,19,2,10,0,1,8,14,6,2,1,1787,2013,10,26,2294,77.0
Idaho,87,36,166,30,12,7,75,1,0,6,16,4,3,1,1576,Ole Miss,292,45,280,29,22,8,60,0,0,15,10,3,2,2,2024,2013,10,26,145,70.0
FAU,97,25,150,26,11,5,34,1,0,3,13,2,0,0,1465,Auburn,422,59,206,18,12,6,55,0,1,18,11,5,2,1,2135,2013,10,26,2,2226.0
North Texas,229,62,300,27,18,2,10,2,2,15,17,11,2,2,2511,Southern Miss,39,21,210,31,12,4,40,2,3,2,11,2,0,0,1089,2013,10,26,2572,249.0
Furman,92,35,106,29,17,3,18,0,1,7,16,4,1,1,2118,LSU,332,36,340,26,17,7,75,1,2,16,7,5,0,0,1482,2013,10,26,99,
UTEP,248,55,116,12,7,3,19,2,1,12,14,5,1,0,1950,Rice,265,47,259,20,8,6,43,0,0,13,14,7,0,0,1650,2013,10,26,242,2638.0
Abil Christian,146,24,428,49,33,10,76,1,1,5,14,4,3,2,1726,New Mexico St,224,45,245,31,24,7,79,1,2,12,13,7,0,0,1874,2013,10,26,166,
Texas Tech,72,25,388,54,34,3,42,1,2,7,14,5,3,1,1545,Oklahoma,277,50,249,22,14,6,40,1,0,15,14,7,1,1,2055,2013,10,26,201,2641.0
UAB,189,34,317,43,23,5,36,1,2,13,15,11,1,0,1696,UTSA,248,42,275,25,18,3,30,0,0,12,11,8,0,0,1904,2013,10,26,2636,5.0
Georgia Tech,394,52,113,9,5,9,97,3,2,14,12,7,1,0,1516,UVA,68,31,376,62,43,5,45,0,1,5,20,9,3,2,2084,2013,10,26,258,59.0
Wyoming,332,43,267,34,22,3,22,1,1,15,16,9,1,1,1442,San Jose State,160,44,482,37,27,2,25,1,0,10,14,5,2,2,2158,2013,10,26,23,2751.0
Miami (OH),85,40,155,34,15,4,25,0,1,6,20,7,3,2,1706,Ohio,229,42,306,33,22,6,54,1,0,8,15,7,1,1,1894,2013,10,26,195,193.0
Toledo,242,41,130,23,15,7,69,1,0,12,11,5,1,1,1872,Bowling Green,135,36,208,26,17,5,34,0,0,9,15,9,3,1,1728,2013,10,26,189,2649.0
Pitt,135,38,203,27,20,7,45,1,0,8,14,7,0,0,2046,Navy,220,47,105,18,8,4,27,0,1,16,12,6,1,1,1554,2013,10,26,2426,221.0
South Carolina,75,35,423,56,35,9,65,2,1,7,17,5,5,3,2067,Missouri,155,41,249,25,10,6,50,0,1,7,14,4,0,0,1533,2013,10,26,142,2579.0
Utah,71,38,130,31,12,2,15,1,3,8,17,6,4,2,1667,USC,30,30,230,32,21,4,20,0,0,3,15,3,1,1,1933,2013,10,26,30,254.0
Fresno State,43,19,298,57,35,5,50,0,0,3,17,7,2,1,1489,San Diego State,170,48,337,39,21,8,80,1,1,9,21,10,4,1,2111,2013,10,26,21,278.0
Clemson,247,57,304,41,28,4,36,2,1,14,17,8,1,0,1996,Maryland,82,25,282,45,19,10,54,2,2,4,16,5,1,0,1604,2013,10,26,120,228.0
Buffalo,206,39,285,31,20,6,65,0,0,10,13,7,1,0,2048,Kent State,103,30,260,32,20,8,50,0,2,7,11,3,1,0,1552,2013,10,26,2309,2084.0
W Michigan,118,35,275,37,23,10,83,0,0,8,17,7,5,3,1985,UMass,112,42,220,25,16,2,15,0,0,5,16,7,4,2,1615,2013,10,26,113,2711.0
Georgia State,136,33,108,31,12,3,20,1,3,6,15,3,1,0,1644,UL Monroe,225,38,309,44,30,3,33,2,0,9,16,8,2,0,1956,2013,10,26,2433,2247.0
Penn State,120,40,237,34,19,2,10,1,2,9,16,8,1,0,1599,OSU,408,51,278,26,20,6,49,0,0,18,10,7,0,0,2001,2013,10,26,194,213.0
Colorado State,231,49,177,26,15,12,115,1,1,10,18,7,0,0,2006,Hawaii,32,29,386,57,31,7,50,2,2,3,17,2,4,2,1594,2013,10,26,62,36.0
UCLA,219,52,64,19,13,5,59,0,2,11,18,9,1,0,1930,Oregon,325,53,230,28,21,5,50,2,0,16,12,7,2,1,1670,2013,10,26,2483,26.0
Cincinnati,108,41,329,37,29,8,75,0,1,7,17,11,1,0,2018,Memphis,92,28,140,33,17,7,60,1,1,5,12,2,5,4,1582,2013,10,30,235,2132.0
Arizona State,282,57,275,31,22,4,20,1,1,15,14,7,2,2,2247,Washington St,2,11,300,54,29,5,43,1,1,2,16,6,1,0,1353,2013,10,31,265,9.0
USF,53,34,311,41,26,19,170,1,1,4,16,4,2,1,2317,Houston,95,26,293,30,23,4,33,2,0,5,10,5,1,0,1283,2013,10,31,248,58.0
UL Monroe,108,40,354,32,21,5,40,0,0,8,16,9,0,0,1818,Troy,144,31,367,55,32,11,115,2,0,8,18,7,5,3,1782,2013,10,31,2653,2433.0
Rice,133,42,222,28,18,2,25,1,2,7,13,2,3,1,1891,North Texas,149,43,104,13,7,6,43,0,1,9,15,7,1,0,1709,2013,10,31,249,242.0
USC,242,44,247,21,17,9,68,0,1,13,14,7,0,0,2170,Oregon State,92,16,277,45,26,1,15,0,3,7,11,2,2,2,1430,2013,11,1,204,30.0
Auburn,233,46,133,9,8,7,66,0,0,12,11,6,0,0,1546,Arkansas,222,47,124,27,12,4,51,2,1,13,16,9,2,1,2054,2013,11,2,8,2.0
Michigan,-48,29,216,30,15,3,39,0,1,2,14,2,1,0,1659,Michigan State,142,39,252,33,18,5,25,0,1,6,18,9,0,0,1941,2013,11,2,127,130.0
VT,55,29,391,41,24,6,50,2,2,1,13,5,2,1,1695,Boston College,196,42,93,14,11,1,5,0,0,6,12,2,1,1,1905,2013,11,2,103,259.0
Kent State,162,33,138,31,15,6,60,2,3,8,15,8,2,1,1626,Akron,173,47,131,21,9,5,25,1,0,11,15,7,1,0,1974,2013,11,2,2006,2309.0
Pitt,-5,21,233,37,25,2,10,0,1,2,13,5,0,0,1692,Georgia Tech,276,53,84,10,5,3,35,2,0,16,12,6,2,1,1908,2013,11,2,59,221.0
Georgia,156,35,258,26,16,6,45,1,0,9,12,7,1,0,1586,Florida,145,41,174,29,13,7,70,0,0,10,19,8,2,1,2014,2013,11,2,57,61.0
Boise State,132,31,305,27,19,2,20,2,0,6,11,5,1,1,1200,Colorado State,229,56,397,53,36,3,25,1,1,19,20,9,7,4,2400,2013,11,2,36,68.0
Northwestern,245,47,81,21,8,3,15,0,1,12,14,2,0,0,1701,Nebraska,195,50,277,42,22,4,40,0,4,13,16,5,1,1,1899,2013,11,2,158,77.0
Kansas,140,36,166,23,12,7,44,1,0,8,14,4,1,0,1834,Texas,221,44,197,32,21,6,54,0,2,8,17,9,2,1,1766,2013,11,2,251,2305.0
Clemson,175,43,435,45,34,3,25,0,1,8,17,6,2,1,1710,UVA,114,39,163,46,19,6,74,1,2,4,22,6,1,0,1890,2013,11,2,258,228.0
Wisconsin,218,45,144,19,11,7,60,0,1,10,15,4,1,1,1926,Iowa,110,32,179,40,16,4,30,0,2,7,18,4,4,2,1674,2013,11,2,2294,275.0
Tulane,62,28,105,31,11,5,45,0,4,4,15,4,0,0,1410,FAU,194,49,137,22,11,6,35,1,1,11,15,6,0,0,2190,2013,11,2,2226,2655.0
Miami (FL),83,29,192,28,16,2,5,0,2,7,12,4,3,1,1287,FSU,192,44,325,29,21,6,55,0,2,10,15,11,0,0,2313,2013,11,2,52,2390.0
UTEP,127,44,71,17,9,3,35,1,3,6,15,4,0,0,2166,Texas A&M,234,30,330,30,21,4,34,1,0,11,8,2,1,1,1434,2013,11,2,245,2638.0
New Mexico,253,41,170,20,10,6,45,0,1,15,10,5,1,1,1724,San Diego State,249,41,234,22,17,7,40,0,0,12,14,8,4,3,1876,2013,11,2,21,167.0
Oklahoma State,281,55,211,34,18,10,97,0,2,12,16,5,2,2,1799,Texas Tech,124,26,425,71,45,8,75,1,2,9,15,4,2,0,1801,2013,11,2,2641,197.0
Southern Miss,74,33,323,48,24,13,76,1,1,5,19,7,2,1,2244,Marshall,304,27,332,37,28,3,17,2,0,8,9,4,2,2,1356,2013,11,2,276,2572.0
Texas State,108,38,228,23,19,3,30,0,0,6,14,6,2,2,1903,Idaho,145,38,181,35,20,4,39,1,0,8,17,9,4,2,1697,2013,11,2,70,326.0
Navy,331,70,88,9,6,0,0,0,0,21,16,10,3,1,2256,Notre Dame,264,36,242,20,12,5,55,0,2,14,5,2,1,1,1344,2013,11,2,87,2426.0
Iowa State,122,34,126,36,17,3,20,0,3,7,15,4,2,0,1654,Kansas State,226,48,221,20,13,1,10,1,0,8,15,7,0,0,1946,2013,11,2,2306,66.0
Tennessee,94,24,240,42,26,9,65,1,2,5,13,2,2,0,1575,Missouri,339,54,163,25,12,5,35,0,0,15,19,10,0,0,2025,2013,11,2,142,2633.0
Miss St,150,35,235,43,28,6,25,2,3,10,13,6,1,1,2026,South Carolina,160,34,147,20,10,4,20,0,0,6,11,1,0,0,1574,2013,11,2,2579,344.0
UNC,152,38,275,38,24,8,80,0,1,10,15,5,1,0,1776,North Carolina St,212,48,176,29,14,6,32,0,2,10,17,6,2,0,1824,2013,11,2,152,153.0
Army,308,70,109,14,8,5,30,0,0,21,13,5,3,1,2252,Air Force,343,46,111,8,7,4,31,1,0,9,12,7,1,1,1348,2013,11,2,2005,349.0
Mid Tennessee,259,34,170,23,12,4,37,0,1,11,12,4,1,0,1281,UAB,299,56,57,9,6,1,5,1,1,14,12,2,2,2,2319,2013,11,2,5,2393.0
E Michigan,82,27,227,27,12,3,20,0,1,4,12,4,0,0,1510,Toledo,334,53,395,29,20,3,25,1,0,20,10,7,1,1,2090,2013,11,2,2649,2199.0
New Mexico St,120,42,330,36,26,4,45,0,1,8,15,7,1,1,2250,LA-Lafayette,209,32,231,20,14,2,25,1,1,11,7,3,0,0,1350,2013,11,2,309,166.0
W Kentucky,203,46,241,29,18,4,30,1,1,13,13,7,2,2,2018,Georgia State,85,27,325,41,26,6,65,0,2,6,15,6,3,1,1582,2013,11,2,2247,98.0
Nevada,218,42,206,24,14,8,74,0,1,7,16,4,2,1,1944,Fresno State,160,33,487,55,39,8,80,1,0,12,15,7,4,1,1656,2013,11,2,278,2440.0
San Jose State,312,45,180,31,16,6,52,0,2,14,15,6,2,2,2015,UNLV,86,27,265,49,26,2,13,0,2,6,16,7,1,1,1585,2013,11,2,2439,23.0
N Illinois,354,49,258,17,12,1,15,2,0,18,7,4,0,0,1546,UMass,155,45,169,25,10,5,40,1,2,7,18,5,2,1,2054,2013,11,2,113,2459.0
Illinois,90,24,321,52,33,9,71,0,2,8,13,8,1,0,1549,Penn State,250,48,240,32,20,11,95,1,0,10,18,8,3,2,2051,2013,11,2,213,356.0
Alabama St.,149,38,148,28,12,11,90,2,0,8,16,7,1,0,1618,Kentucky,233,44,189,29,17,4,29,0,0,11,17,8,3,2,1982,2013,11,2,96,
Hawaii,59,25,260,44,22,5,66,0,3,4,18,6,2,0,1246,Utah State,163,44,370,42,28,4,35,0,1,8,19,11,0,0,2354,2013,11,2,328,62.0
OSU,345,41,295,36,28,6,48,0,1,17,12,8,1,0,2112,Purdue,27,27,89,29,13,3,25,1,1,3,12,2,0,0,1488,2013,11,2,2509,194.0
Minnesota,248,52,325,26,17,3,23,1,0,9,14,6,3,1,2282,Indiana,227,37,269,38,21,3,40,1,0,11,15,6,0,0,1318,2013,11,2,84,135.0
Colorado,134,40,247,36,25,6,40,1,0,6,17,8,1,0,2159,UCLA,139,33,273,24,19,11,122,0,0,6,11,6,0,0,1441,2013,11,2,26,38.0
Wake Forest,40,18,173,54,22,7,65,0,1,4,18,4,1,0,1672,Syracuse,183,45,169,31,19,7,56,0,0,9,19,6,1,0,1928,2013,11,2,183,154.0
ECU,74,19,299,36,24,5,60,0,0,4,11,4,1,1,1163,FIU,73,43,194,33,21,3,40,0,1,11,16,6,3,1,2437,2013,11,2,2229,151.0
Temple,119,33,203,31,21,8,55,1,2,10,13,5,3,2,1854,Rutgers,69,28,371,39,27,9,75,1,0,3,12,4,2,1,1746,2013,11,2,164,218.0
Arkansas State,189,47,160,25,21,11,73,1,0,11,14,5,1,1,1892,South Alabama,143,40,228,30,15,3,35,0,1,8,14,3,1,0,1708,2013,11,2,6,2032.0
Arizona,187,51,261,38,24,7,58,0,0,12,16,4,2,1,1977,Cal,130,26,289,56,34,8,82,0,2,6,16,4,3,2,1623,2013,11,2,25,12.0
UTSA,286,39,114,20,16,2,20,1,0,11,12,3,0,0,1838,Tulsa,157,36,221,45,25,3,20,2,2,11,20,9,3,2,1762,2013,11,2,202,2636.0
West Virginia,148,36,267,41,25,4,50,0,2,6,15,5,0,0,1706,TCU,60,29,394,58,40,7,67,2,2,8,15,6,0,0,1894,2013,11,2,2628,277.0
Bowling Green,189,41,258,30,21,3,30,0,1,14,9,5,1,1,1949,Miami (OH),97,37,131,25,15,5,37,3,0,8,13,5,2,0,1651,2013,11,5,193,189.0
Ohio,69,34,164,38,17,4,55,1,0,3,17,5,1,0,1674,Buffalo,252,42,169,23,13,7,88,0,1,11,15,6,0,0,1926,2013,11,5,2084,195.0
Cent Michigan,113,27,284,32,20,6,65,2,1,5,11,4,1,1,1647,Ball State,250,44,299,29,20,3,35,0,0,14,10,1,4,2,1953,2013,11,6,2050,2117.0
Troy,192,39,277,45,26,8,76,0,0,12,17,9,3,2,1806,LA-Lafayette,193,44,185,13,8,5,50,1,1,11,11,6,3,1,1517,2013,11,7,309,2653.0
Oklahoma,87,34,150,35,15,13,97,0,2,2,17,4,3,1,1757,Baylor,255,54,204,26,13,12,119,0,0,15,15,5,3,2,1843,2013,11,7,239,201.0
Oregon,62,24,250,34,20,10,81,2,0,4,10,3,4,3,1046,Stanford,274,66,103,13,7,2,10,0,0,19,21,14,1,1,2554,2013,11,7,24,2483.0
Air Force,257,48,188,23,15,3,30,0,0,15,12,6,4,3,1496,New Mexico,451,65,28,3,1,2,15,0,0,26,10,5,2,2,2104,2013,11,8,167,2005.0
Louisville,81,30,288,37,21,12,101,0,1,4,13,4,1,0,1935,UConn,58,33,179,38,20,2,10,2,3,6,17,6,2,2,1665,2013,11,8,41,97.0
Nevada,164,33,247,47,31,3,11,0,0,5,19,8,4,2,1883,Colorado State,331,37,239,27,20,3,65,0,1,11,12,6,0,0,1717,2013,11,9,36,2440.0
Old Dominion,88,30,533,56,40,7,65,0,1,4,17,8,3,2,1803,Idaho,177,47,328,34,16,4,50,1,2,13,15,6,3,0,1797,2013,11,9,70,295.0
Texas,152,41,283,49,27,5,37,1,1,6,23,10,1,1,1875,West Virginia,109,47,290,36,18,3,33,3,2,10,18,7,1,0,1725,2013,11,9,277,251.0
Utah State,153,45,288,28,16,7,34,2,0,11,17,10,1,0,1623,UNLV,150,42,252,39,17,5,50,0,1,12,16,6,3,1,1977,2013,11,9,2439,328.0
UTEP,56,42,128,20,14,5,40,0,1,6,16,4,1,1,1986,North Texas,317,43,154,24,10,6,35,0,0,12,13,5,1,1,1614,2013,11,9,249,2638.0
Fresno State,234,42,366,47,34,6,55,0,0,14,14,9,1,1,2170,Wyoming,156,31,140,33,19,8,58,1,1,4,16,5,4,2,1430,2013,11,9,2751,278.0
San Diego State,174,35,235,31,18,7,60,1,1,9,12,4,2,2,1720,San Jose State,81,25,301,48,27,4,22,0,2,2,16,6,1,0,1880,2013,11,9,23,21.0
FIU,91,32,142,19,12,2,13,3,1,4,11,3,2,0,1734,Mid Tennessee,249,49,307,25,19,3,29,1,0,13,11,7,1,0,1866,2013,11,9,2393,2229.0
UCLA,249,49,227,26,18,5,54,1,0,13,18,9,1,0,1992,Arizona,239,47,186,33,20,5,44,1,1,11,14,5,2,0,1608,2013,11,9,12,26.0
Arkansas State,259,58,235,23,16,6,56,1,0,15,16,8,3,1,2143,UL Monroe,137,28,191,37,17,4,30,0,2,9,14,2,2,1,1457,2013,11,9,2433,2032.0
Kansas,202,49,114,25,10,8,80,0,1,10,20,5,3,1,2260,Oklahoma State,85,31,274,39,20,3,21,0,0,4,15,6,0,0,1340,2013,11,9,197,2305.0
Vanderbilt,126,44,57,12,6,8,57,0,0,9,13,4,2,2,1740,Florida,39,34,305,46,30,11,84,1,3,6,14,5,3,2,1860,2013,11,9,57,238.0
FSU,89,34,207,39,22,5,40,1,1,7,15,5,1,0,1738,Wake Forest,103,40,63,25,7,10,100,1,6,4,17,5,0,0,1862,2013,11,9,154,52.0
Tulane,149,38,199,36,18,14,105,1,2,8,12,6,0,0,2251,UTSA,132,29,183,25,10,8,94,2,0,6,13,6,0,0,1349,2013,11,9,2636,2655.0
Syracuse,242,45,140,24,15,12,115,1,1,12,14,3,2,2,1815,Maryland,81,36,211,40,21,2,10,2,2,6,17,5,4,1,1785,2013,11,9,120,183.0
TCU,123,38,245,36,20,5,35,0,2,6,19,6,1,1,1788,Iowa State,110,42,173,40,19,4,35,2,0,8,20,7,1,1,1812,2013,11,9,66,2628.0
Iowa,318,52,191,20,12,6,35,1,0,22,12,8,1,0,1918,Purdue,53,28,213,34,20,2,20,1,0,3,17,8,2,1,1682,2013,11,9,2509,2294.0
Arizona State,149,39,144,31,19,3,14,1,0,9,13,3,0,0,1642,Utah,126,46,121,21,6,7,80,0,2,8,18,5,2,2,1958,2013,11,9,254,9.0
UVA,112,40,204,43,22,5,45,0,2,7,20,8,3,0,2012,UNC,201,41,214,29,16,13,102,0,1,9,15,7,0,0,1588,2013,11,9,153,258.0
LSU,43,31,241,23,16,7,73,2,0,4,12,7,2,0,1569,Alabama,193,42,179,20,14,4,35,0,0,13,10,5,1,1,2031,2013,11,9,333,99.0
Kansas State,291,45,76,11,7,6,62,0,0,13,9,5,0,0,1779,Texas Tech,105,32,354,64,47,10,80,1,2,7,17,9,2,1,1821,2013,11,9,2641,2306.0
Illinois,162,34,450,58,38,9,70,0,1,10,19,11,3,0,2096,Indiana,371,43,279,28,21,6,55,1,1,14,11,4,3,3,1504,2013,11,9,84,356.0
UAB,288,56,176,17,10,2,15,2,0,14,16,7,4,2,2341,Marshall,381,32,276,20,14,8,50,0,0,15,6,3,1,1,1259,2013,11,9,276,5.0
Southern Miss,59,21,298,52,25,3,19,0,4,2,15,6,1,0,1604,LA Tech,311,48,158,37,22,3,34,1,0,13,19,9,1,1,1996,2013,11,9,2348,2572.0
Auburn,444,53,35,7,3,1,5,1,1,23,9,4,1,1,1695,Tennessee,226,43,128,25,16,4,30,0,1,12,13,4,1,0,1905,2013,11,9,2633,2.0
North Carolina St,164,48,248,33,13,6,50,1,3,10,18,6,1,0,1992,Duke,123,31,198,34,20,2,13,1,3,5,15,3,1,1,1608,2013,11,9,150,152.0
BYU,163,39,207,42,19,6,35,0,1,9,19,7,1,1,1438,Wisconsin,229,45,196,32,23,2,10,1,1,11,17,7,1,1,2162,2013,11,9,275,252.0
Arkansas,196,34,193,32,18,6,47,0,1,13,12,3,2,2,1619,Ole Miss,103,38,428,38,29,5,35,0,2,8,13,6,1,0,1981,2013,11,9,145,8.0
VT,183,47,366,31,25,11,71,0,0,9,14,8,1,0,2370,Miami (FL),28,24,324,29,16,2,10,2,0,3,12,3,3,2,1230,2013,11,9,2390,259.0
USC,256,29,243,22,17,7,71,0,0,10,9,5,0,0,1617,Cal,190,43,293,53,37,6,60,0,0,13,17,6,4,1,1983,2013,11,9,25,30.0
Notre Dame,138,24,318,39,18,5,45,1,2,3,14,5,2,1,1407,Pitt,112,41,243,35,22,5,45,0,0,8,13,3,0,0,2193,2013,11,9,221,87.0
SMU,48,20,403,47,38,8,78,0,0,2,12,5,1,1,1632,Cincinnati,163,45,299,32,27,6,59,1,2,12,16,10,2,1,1968,2013,11,9,2132,2567.0
W Kentucky,135,40,199,24,16,5,30,1,1,10,12,7,1,0,1783,Army,277,46,70,12,8,6,46,2,0,12,15,9,2,1,1817,2013,11,9,349,98.0
Appalachian St,32,32,221,39,22,11,65,1,1,2,19,7,2,1,1992,Georgia,127,30,441,42,30,7,52,1,2,7,9,5,2,0,1608,2013,11,9,61,2026.0
Colorado,128,37,171,25,14,1,4,1,2,6,15,6,2,0,1748,Washington,316,51,312,29,22,6,50,0,0,13,13,8,4,2,1852,2013,11,9,264,38.0
W Michigan,120,38,348,40,24,8,75,0,1,9,17,7,0,0,1974,E Michigan,267,45,136,22,9,7,70,1,1,14,13,6,3,2,1626,2013,11,9,2199,2711.0
Miss St,299,43,257,42,23,4,40,0,1,17,13,4,2,1,2092,Texas A&M,91,33,446,39,30,10,105,0,3,7,13,6,0,0,1508,2013,11,9,245,344.0
Boston College,320,35,230,25,17,2,24,2,0,10,13,5,1,1,1671,New Mexico St,159,29,389,57,43,10,79,0,1,8,18,9,0,0,1929,2013,11,9,166,103.0
Tulsa,188,40,175,44,19,1,15,1,3,12,20,10,3,1,1743,ECU,121,37,384,50,34,3,15,1,0,10,16,10,1,0,1857,2013,11,9,151,202.0
UT Martin,164,42,122,19,8,6,60,1,1,6,14,4,1,1,1906,Memphis,153,39,189,22,15,12,123,1,1,7,13,6,0,0,1694,2013,11,9,235,
Nebraska,128,43,145,23,12,5,31,2,0,8,16,6,1,1,1636,Michigan,-21,36,196,27,18,2,18,0,0,0,15,3,3,1,1964,2013,11,9,130,158.0
Penn State,190,36,163,25,14,1,10,2,0,11,9,1,3,1,1472,Minnesota,195,46,186,25,15,5,45,1,0,8,17,9,3,3,2128,2013,11,9,135,213.0
Hawaii,218,47,246,33,29,10,82,2,0,16,14,7,2,2,1822,Navy,383,61,59,8,4,4,35,0,0,18,13,6,3,1,1778,2013,11,9,2426,62.0
Missouri,223,30,203,28,17,2,20,2,0,5,12,6,2,2,1354,Kentucky,134,51,235,28,18,5,45,1,0,10,18,6,2,1,2246,2013,11,9,96,142.0
Houston,136,29,231,46,24,8,72,0,2,9,12,5,2,0,1487,UCF,188,45,210,24,17,2,16,2,1,12,12,5,1,1,2113,2013,11,9,2116,248.0
Buffalo,104,30,497,59,36,5,49,2,0,3,19,11,1,0,1783,Toledo,323,50,228,20,11,4,35,1,0,13,11,4,1,0,1817,2013,11,12,2649,2084.0
Ohio,56,29,116,33,18,3,27,1,1,4,16,2,4,2,1583,Bowling Green,207,41,253,20,13,4,40,0,1,11,10,6,0,0,2017,2013,11,12,189,195.0
Ball State,170,34,324,49,35,6,45,0,1,7,14,7,1,0,1993,N Illinois,224,40,345,33,26,0,0,1,0,15,12,6,2,2,1607,2013,11,13,2459,2050.0
Miami (OH),112,40,64,14,5,4,20,1,1,7,12,2,1,1,1562,Kent State,300,46,147,23,13,5,45,1,0,13,13,4,4,2,2038,2013,11,13,2309,193.0
Marshall,163,45,456,58,33,2,21,4,1,11,21,14,1,1,1904,Tulsa,184,44,161,39,13,2,10,1,1,10,17,3,3,2,1696,2013,11,14,202,276.0
Georgia Tech,248,45,192,26,15,6,55,1,1,12,15,7,1,0,2068,Clemson,168,37,383,30,23,7,65,0,1,10,11,4,1,1,1532,2013,11,14,228,59.0
Washington,102,36,330,40,25,11,113,2,2,8,17,8,2,1,1557,UCLA,222,53,184,23,14,8,96,2,0,10,16,8,1,0,2043,2013,11,15,26,264.0
San Jose State,58,30,326,45,28,3,25,1,0,5,15,5,3,0,1758,Nevada,311,51,171,27,20,5,40,1,0,16,12,6,1,0,1842,2013,11,16,2440,23.0
Purdue,41,20,223,33,21,5,61,2,1,4,11,4,2,1,1411,Penn State,289,58,212,23,16,2,15,1,1,18,12,10,0,0,2189,2013,11,16,213,2509.0
Iowa State,103,34,188,36,22,6,59,0,2,11,14,5,0,0,1810,Oklahoma,405,44,118,23,12,6,54,0,0,15,15,7,2,2,1790,2013,11,16,201,66.0
Memphis,183,39,59,13,6,9,81,1,1,10,10,2,0,0,1758,USF,127,29,198,34,18,9,70,1,4,5,13,6,1,1,1796,2013,11,16,58,235.0
Idaho State,159,41,128,57,25,2,14,2,1,8,24,8,3,3,2141,BYU,421,46,157,23,12,8,67,0,3,13,13,6,1,1,1459,2013,11,16,252,304.0
LA Tech,146,29,181,30,15,6,62,2,2,9,13,5,3,1,1185,Rice,415,69,167,23,13,5,47,1,0,25,19,14,2,2,2415,2013,11,16,242,2348.0
Syracuse,143,50,104,28,15,3,20,1,1,9,18,6,3,2,2502,FSU,225,19,298,26,22,2,10,0,1,7,4,1,0,0,1098,2013,11,16,52,183.0
UAB,144,34,210,34,16,9,89,1,2,8,17,8,2,1,1907,ECU,278,45,347,31,21,4,38,0,2,17,10,4,3,3,1693,2013,11,16,151,5.0
Washington St,101,27,319,53,39,5,51,0,1,8,16,7,2,1,2048,Arizona,195,45,200,38,26,4,30,2,0,10,18,6,5,3,1552,2013,11,16,12,265.0
West Virginia,144,32,242,42,23,6,47,0,2,4,15,6,1,0,1737,Kansas,315,54,61,12,5,9,90,1,0,12,15,5,1,0,1863,2013,11,16,2305,277.0
Florida,200,41,107,14,10,8,65,0,1,8,11,4,1,0,1861,South Carolina,164,35,213,28,14,5,45,0,0,6,16,5,3,2,1739,2013,11,16,2579,57.0
Michigan State,168,48,193,32,15,6,60,0,0,9,21,11,1,1,2317,Nebraska,182,32,210,32,17,3,30,4,1,7,12,5,1,1,1283,2013,11,16,158,127.0
Houston,74,29,121,35,16,3,35,0,0,5,16,5,2,0,1331,Louisville,129,41,203,29,19,6,55,1,0,10,16,6,0,0,2269,2013,11,16,97,248.0
Maryland,184,39,135,26,12,4,39,1,1,8,17,6,0,0,1560,VT,54,38,210,31,19,4,35,0,0,4,16,4,0,0,2040,2013,11,16,259,120.0
Colorado State,347,49,302,28,20,1,5,0,0,21,11,8,1,1,1778,New Mexico,278,46,249,18,11,6,59,0,2,14,10,5,4,1,1822,2013,11,16,167,36.0
Utah,116,42,181,30,13,4,50,0,1,8,18,9,0,0,2157,Oregon,145,35,288,28,19,10,80,0,0,8,10,2,1,1,1443,2013,11,16,2483,254.0
Stanford,210,35,127,25,14,6,70,1,2,9,12,4,0,0,1834,USC,23,27,288,37,25,4,45,1,0,3,14,4,1,1,1766,2013,11,16,30,24.0
Georgia,117,25,415,49,33,8,60,0,1,8,12,6,2,1,1503,Auburn,323,57,243,27,16,8,65,0,0,19,15,5,2,2,2097,2013,11,16,2,61.0
Michigan,139,44,226,43,24,1,15,0,0,10,17,3,3,2,1778,Northwestern,143,49,179,34,23,3,20,0,1,11,20,6,2,1,1822,2013,11,16,77,130.0
Miami (FL),186,29,379,49,30,7,69,0,1,8,15,5,2,0,1919,Duke,358,52,185,24,16,5,55,0,0,18,13,5,2,2,1681,2013,11,16,150,2390.0
Troy,-13,22,326,42,29,6,47,1,1,2,13,4,0,0,1495,Ole Miss,382,61,369,32,20,7,50,1,1,17,17,11,3,1,2105,2013,11,16,145,2653.0
Cent Michigan,118,37,167,25,16,3,30,2,3,7,15,10,1,0,1863,W Michigan,164,35,147,36,14,5,50,0,1,9,19,9,2,0,1737,2013,11,16,2711,2117.0
OSU,441,42,150,30,13,7,49,1,0,17,13,4,1,1,1735,Illinois,132,38,288,50,33,7,48,0,2,9,18,7,1,0,1865,2013,11,16,356,194.0
Oregon State,70,26,320,46,31,7,69,1,4,2,15,5,3,2,1956,Arizona State,156,39,183,37,22,5,33,0,2,7,17,8,0,0,1644,2013,11,16,9,204.0
UConn,158,34,227,43,25,6,64,0,2,8,16,6,2,1,1905,SMU,107,24,353,52,33,5,48,0,0,6,14,4,2,1,1695,2013,11,16,2567,41.0
Cincinnati,112,28,507,43,28,7,70,1,1,5,12,5,1,1,1688,Rutgers,108,33,249,51,27,8,70,0,2,7,20,8,2,1,1912,2013,11,16,164,2132.0
North Carolina St,35,26,325,40,26,4,20,1,0,1,17,6,1,0,1554,Boston College,420,53,53,15,8,5,27,1,0,15,15,7,0,0,2046,2013,11,16,103,152.0
Wyoming,55,31,210,41,28,4,32,2,2,4,15,5,3,0,1547,Boise State,241,53,283,39,29,6,63,2,1,12,19,9,1,1,2053,2013,11,16,68,2751.0
UCF,253,36,404,40,27,8,72,0,0,11,13,5,2,1,2014,Temple,136,24,382,45,26,8,55,0,1,8,15,9,0,0,1586,2013,11,16,218,2116.0
LA-Lafayette,261,46,234,16,10,5,68,1,0,15,12,8,0,0,1666,Georgia State,183,39,298,44,26,7,69,1,1,10,18,9,5,2,1934,2013,11,16,2247,309.0
Akron,133,36,208,33,20,4,30,3,0,8,13,1,4,1,1776,UMass,172,42,151,28,17,4,18,0,2,7,17,7,3,0,1824,2013,11,16,113,2006.0
South Alabama,120,36,180,36,21,3,25,0,0,11,15,5,5,3,1703,Navy,351,51,168,17,10,4,40,0,0,20,10,5,1,1,1897,2013,11,16,2426,6.0
Oklahoma State,183,40,197,22,16,5,50,0,1,9,13,5,0,0,1683,Texas,151,43,238,43,29,3,24,0,3,11,19,10,2,1,1917,2013,11,16,251,197.0
Kentucky,142,40,120,28,14,10,85,0,4,8,16,7,2,0,1648,Vanderbilt,116,37,197,25,20,9,74,0,0,6,15,4,3,2,1952,2013,11,16,238,96.0
San Diego State,234,39,265,34,17,6,44,4,0,13,15,4,2,1,1736,Hawaii,161,47,194,37,18,5,33,1,1,9,19,8,1,0,1864,2013,11,16,62,21.0
FAU,333,60,35,12,6,5,70,0,0,14,14,3,4,3,2059,Southern Miss,20,25,169,37,12,3,38,1,2,4,13,4,0,0,1541,2013,11,16,2572,2226.0
Indiana,102,30,122,30,12,7,40,1,1,7,12,3,0,0,1335,Wisconsin,554,50,122,15,7,3,20,0,0,22,10,3,1,1,2265,2013,11,16,275,84.0
Texas State,158,33,210,30,18,9,57,0,0,7,14,4,4,1,1623,Arkansas State,328,57,96,18,14,4,29,0,1,17,14,6,3,2,1977,2013,11,16,2032,326.0
Cal,197,34,214,52,26,4,37,1,1,7,17,4,5,3,1639,Colorado,121,38,364,36,23,4,33,0,1,6,14,6,0,0,1956,2013,11,16,38,25.0
Alabama,196,33,187,32,18,5,41,2,2,9,12,4,1,1,1857,Miss St,53,29,144,29,15,1,5,0,1,2,15,4,3,0,1743,2013,11,16,344,333.0
Texas Tech,134,34,320,54,29,8,93,2,1,5,17,7,2,1,1862,Baylor,340,57,335,31,17,12,128,1,0,19,14,7,1,0,1738,2013,11,16,239,2641.0
UNC,149,35,173,27,15,7,65,2,0,7,12,4,1,1,1381,Pitt,46,40,313,39,23,7,41,2,0,5,18,8,2,1,2219,2013,11,16,221,153.0
FIU,95,31,105,24,9,2,20,1,0,6,13,3,1,1,1539,UTEP,327,53,80,7,3,3,33,0,0,13,13,3,2,2,2061,2013,11,16,2638,2229.0
TCU,99,31,249,34,24,7,51,1,1,7,15,6,2,1,1841,Kansas State,154,35,257,29,13,5,45,1,1,8,14,6,1,1,1759,2013,11,16,2306,2628.0
Buffalo,311,53,206,37,23,6,75,0,1,17,18,11,0,0,2185,Miami (OH),135,34,65,20,5,5,45,2,1,5,10,1,1,0,1415,2013,11,19,193,2084.0
Kent State,312,42,225,33,20,6,85,0,0,11,15,7,1,1,2172,Ohio,69,34,135,29,12,8,99,0,1,5,12,2,1,0,1428,2013,11,19,195,2309.0
N Illinois,364,55,202,22,17,2,10,0,0,19,15,10,1,0,1818,Toledo,184,46,235,30,17,1,15,1,3,13,17,10,1,1,1782,2013,11,20,2649,2459.0
Rutgers,69,19,152,43,15,3,19,0,1,4,14,3,4,3,1294,UCF,118,44,334,31,22,1,5,0,0,10,13,9,0,0,2306,2013,11,21,2116,164.0
Rice,328,61,139,20,10,4,30,2,0,17,17,8,1,1,2008,UAB,138,37,195,33,13,4,35,0,0,8,16,5,2,1,1592,2013,11,21,5,242.0
UNLV,330,58,141,18,15,7,35,1,0,20,13,7,1,1,2150,Air Force,228,55,70,13,4,3,35,1,0,14,16,8,1,0,1450,2013,11,21,2005,2439.0
Navy,432,62,46,6,4,1,15,0,0,26,12,8,2,1,1763,San Jose State,160,39,440,56,42,4,51,1,1,11,19,11,3,3,1837,2013,11,22,23,2426.0
Colorado State,38,34,147,39,16,5,35,0,2,5,20,6,3,1,1769,Utah State,148,48,43,18,8,5,40,0,0,7,17,4,1,0,1831,2013,11,23,328,36.0
Memphis,135,35,144,24,11,3,25,1,1,8,12,2,3,2,1760,Louisville,122,40,220,36,26,8,72,0,0,8,19,11,2,0,1840,2013,11,23,97,235.0
W Kentucky,321,46,152,32,20,8,77,0,0,14,16,8,3,0,2058,Texas State,21,29,109,30,15,2,15,1,4,3,16,5,2,2,1542,2013,11,23,326,98.0
Georgia State,184,40,248,26,14,6,34,4,0,9,14,5,0,0,1840,Arkansas State,138,45,152,19,14,3,30,2,0,8,12,1,3,1,1760,2013,11,23,2032,2247.0
Marshall,270,31,288,34,17,8,58,0,0,11,14,6,1,0,1274,FIU,97,45,167,29,15,6,59,0,1,8,17,4,3,0,2326,2013,11,23,2229,276.0
Miss St,191,37,297,32,21,2,20,1,1,15,10,4,0,0,1835,Arkansas,225,43,114,17,10,3,25,2,1,11,12,6,2,0,1765,2013,11,23,8,344.0
Cal,73,31,310,35,19,4,49,0,1,5,13,2,1,0,1694,Stanford,186,35,417,35,24,2,20,1,0,5,17,11,3,3,1906,2013,11,23,24,25.0
BYU,247,47,168,36,21,6,47,0,1,11,20,11,2,0,1569,Notre Dame,235,47,235,28,15,4,25,0,1,11,16,8,2,0,2031,2013,11,23,87,252.0
Cincinnati,172,40,401,51,30,6,53,1,2,11,19,7,2,1,2192,Houston,33,31,245,41,18,3,30,2,0,3,17,4,2,1,1408,2013,11,23,248,2132.0
Oklahoma,301,52,171,21,14,5,52,0,1,15,15,9,1,1,2107,Kansas State,24,22,348,29,17,4,24,0,2,3,9,3,0,0,1493,2013,11,23,2306,201.0
Texas A&M,75,18,224,41,16,6,50,0,2,5,14,5,2,0,1181,LSU,324,55,193,20,11,13,111,0,0,13,17,11,1,0,2419,2013,11,23,99,245.0
Chattanooga,93,35,82,15,10,6,50,1,1,5,14,4,1,0,2064,Alabama,251,32,184,20,15,2,20,1,0,13,7,4,3,1,1536,2013,11,23,333,
USC,243,41,206,30,20,3,25,1,0,9,16,8,0,0,2004,Colorado,124,31,188,33,17,3,35,1,1,8,11,3,1,0,1596,2013,11,23,38,30.0
Tulsa,248,56,120,22,12,4,36,1,3,16,19,10,1,0,2062,LA Tech,141,36,195,43,22,5,44,0,4,8,19,8,2,0,1538,2013,11,23,2348,202.0
Kentucky,62,30,149,17,10,3,15,3,0,2,12,3,2,1,1492,Georgia,230,40,372,42,31,7,60,1,1,15,9,5,1,1,2108,2013,11,23,61,96.0
Arizona State,223,50,225,27,20,3,20,1,0,11,12,4,2,1,1912,UCLA,151,41,253,26,18,6,45,0,1,10,12,3,3,2,1688,2013,11,23,26,9.0
Wisconsin,197,45,127,26,16,2,25,0,1,8,16,4,2,1,2111,Minnesota,102,32,83,23,7,5,26,3,0,7,13,3,3,1,1489,2013,11,23,135,275.0
The Citadel,176,57,-4,5,1,1,9,1,0,11,17,4,3,3,2287,Clemson,208,43,350,32,24,1,15,1,0,13,11,7,2,2,1313,2013,11,23,228,
Old Dominion,225,38,146,34,15,7,59,1,0,8,14,1,1,0,1732,UNC,312,40,409,28,21,6,45,1,0,12,10,5,2,1,1868,2013,11,23,153,295.0
Boise State,95,34,202,36,21,5,38,0,2,6,15,2,1,0,1398,San Diego State,61,45,288,38,23,3,30,2,1,4,19,8,4,3,2202,2013,11,23,21,68.0
Idaho,59,35,286,45,21,7,45,0,4,7,16,4,1,0,1952,FSU,336,40,309,39,23,6,65,1,1,14,16,12,1,1,1648,2013,11,23,52,70.0
Nebraska,168,41,192,36,21,7,54,2,0,7,17,3,0,0,1756,Penn State,170,44,217,33,16,3,25,0,1,9,14,2,0,0,1844,2013,11,23,213,158.0
Indiana,122,39,320,53,32,4,23,0,0,7,21,7,8,5,2052,OSU,311,39,160,17,11,3,25,2,1,15,7,5,0,0,1548,2013,11,23,194,84.0
Michigan State,171,40,293,23,16,4,30,0,0,10,12,4,1,0,1899,Northwestern,80,26,239,46,27,2,15,0,3,5,15,4,3,1,1701,2013,11,23,77,127.0
New Mexico St,157,43,141,27,13,4,35,1,0,11,13,4,0,0,1828,FAU,256,44,329,23,16,7,47,0,1,10,12,6,1,1,1772,2013,11,23,2226,166.0
UConn,124,41,111,19,8,5,65,0,1,5,14,3,4,3,1713,Temple,92,33,280,46,26,6,59,2,1,7,17,8,3,1,1887,2013,11,23,218,41.0
Vanderbilt,90,31,195,31,24,7,74,3,1,4,13,4,1,1,1905,Tennessee,184,45,53,20,11,5,61,0,3,12,13,4,1,0,1695,2013,11,23,2633,238.0
Baylor,94,36,359,48,28,3,10,3,0,6,18,7,3,0,1477,Oklahoma State,154,46,440,27,21,7,65,0,0,8,17,9,1,0,2123,2013,11,23,197,239.0
Boston College,254,40,120,15,6,3,28,2,1,7,14,5,0,0,1576,Maryland,100,34,178,31,19,5,44,1,0,4,13,2,2,2,2024,2013,11,23,120,103.0
ECU,170,40,275,31,24,3,25,0,0,7,12,8,1,1,1690,North Carolina St,129,39,312,44,28,5,24,0,0,8,21,11,5,3,1910,2013,11,23,152,151.0
UTSA,184,31,274,49,30,6,56,0,1,9,20,14,0,0,2010,North Texas,105,28,229,46,26,4,20,0,1,8,15,6,2,1,1590,2013,11,23,249,2636.0
Ga Southern,429,54,0,3,0,4,41,2,0,16,10,3,4,2,1823,Florida,157,37,122,25,14,2,20,0,0,10,15,5,2,1,1777,2013,11,23,57,290.0
UMass,128,39,45,16,6,3,35,1,3,8,12,3,2,0,1760,Cent Michigan,67,36,231,21,13,5,50,0,0,3,12,5,1,0,1840,2013,11,23,2117,113.0
Pitt,21,27,218,41,28,6,45,1,1,5,17,9,0,0,1906,Syracuse,148,39,159,28,18,8,77,0,0,7,17,6,1,0,1694,2013,11,23,183,221.0
Washington,530,58,162,24,15,4,43,0,0,18,17,10,1,1,1987,Oregon State,106,22,308,49,26,2,10,1,3,5,14,5,0,0,1613,2013,11,23,204,264.0
Oregon,198,39,308,41,27,8,66,1,2,12,12,6,3,1,1471,Arizona,304,65,178,22,19,2,20,0,0,17,16,11,1,1,2129,2013,11,23,12,2483.0
Duke,121,35,257,32,25,4,35,1,0,9,11,3,0,0,1757,Wake Forest,124,40,124,27,12,6,33,1,1,9,18,10,1,1,1843,2013,11,23,154,150.0
Illinois,123,37,257,31,24,3,15,2,2,10,11,5,2,1,1792,Purdue,120,29,163,29,20,6,45,0,1,4,15,4,3,1,1808,2013,11,23,2509,356.0
SMU,51,30,229,41,28,1,5,0,2,4,14,5,2,1,1831,USF,42,22,217,34,19,13,107,0,2,4,15,4,1,0,1769,2013,11,23,58,2567.0
Mid Tennessee,246,45,172,25,11,3,40,0,0,14,13,5,0,0,1580,Southern Miss,82,32,289,47,27,3,25,0,2,7,16,4,2,1,2020,2013,11,23,2572,2393.0
Hawaii,125,42,499,50,37,6,55,1,1,7,16,5,3,2,1848,Wyoming,295,50,498,48,29,3,35,3,0,15,20,11,2,2,1752,2013,11,23,2751,62.0
UVA,243,46,240,45,23,10,61,1,3,10,20,11,0,0,2269,Miami (FL),90,25,214,27,13,7,70,1,1,5,14,5,0,0,1331,2013,11,23,2390,258.0
Coastal Carolina,72,27,222,35,18,5,37,1,2,4,16,4,2,1,1529,South Carolina,352,45,287,27,20,3,40,0,0,14,9,5,3,3,2071,2013,11,23,2579,
UTEP,49,33,183,27,16,6,47,2,1,0,17,8,0,0,1747,Tulane,277,43,205,25,16,4,35,0,0,13,14,10,1,0,1853,2013,11,23,2655,2638.0
New Mexico,168,40,157,13,8,4,34,0,0,6,13,2,2,1,1735,Fresno State,284,42,538,41,29,3,15,0,0,17,16,9,2,2,1865,2013,11,23,278,167.0
Kansas,187,41,92,31,11,5,45,1,1,7,16,3,7,2,1684,Iowa State,202,43,300,20,15,4,33,1,1,10,11,3,1,1,1916,2013,11,23,66,2305.0
Bowling Green,296,46,264,26,13,8,60,0,1,15,10,3,1,1,2363,E Michigan,61,26,4,18,1,2,14,1,2,3,12,1,0,0,1237,2013,11,23,2199,189.0
Alabama A&M,47,30,205,31,14,4,30,2,1,3,15,5,4,1,1799,Georgia Tech,428,52,48,6,2,1,5,0,0,17,6,3,0,0,1801,2013,11,23,59,
UL Monroe,71,39,203,28,19,6,66,0,0,5,16,6,1,0,1866,South Alabama,217,44,207,27,16,4,30,0,1,11,16,9,0,0,1734,2013,11,23,6,2433.0
Missouri,260,51,225,26,15,7,43,0,1,15,14,8,2,1,1983,Ole Miss,126,29,252,43,27,5,35,0,1,5,15,8,1,0,1617,2013,11,23,145,142.0
Michigan,60,29,98,28,13,2,20,1,0,4,14,4,0,0,1595,Iowa,168,44,239,30,19,3,31,1,3,9,15,4,3,1,2005,2013,11,23,2294,130.0
Utah,134,35,347,46,21,1,15,0,2,8,17,6,2,0,1777,Washington St,90,18,488,62,39,7,46,2,0,3,17,9,1,0,1823,2013,11,23,265,254.0
W Michigan,93,35,163,32,15,5,32,1,0,7,14,5,2,1,1848,N Illinois,425,54,39,17,5,5,22,0,0,21,16,7,2,2,1752,2013,11,26,2459,2711.0
Texas Tech,94,28,302,52,31,11,102,2,1,6,19,5,3,2,1581,Texas,281,61,182,20,11,6,67,2,0,15,15,5,2,2,2019,2013,11,28,251,2641.0
Ole Miss,117,35,201,43,28,7,50,1,3,8,20,8,1,1,1632,Miss St,99,43,197,39,19,5,39,1,1,7,17,5,2,2,1968,2013,11,28,344,145.0
USF,83,33,211,34,15,11,89,1,1,3,17,7,1,0,1922,UCF,77,30,219,27,17,6,47,3,2,7,9,1,0,0,1678,2013,11,29,2116,58.0
Arkansas,182,34,178,29,19,2,15,1,1,6,12,5,0,0,1874,LSU,238,38,232,29,18,7,33,1,1,12,12,7,1,0,1726,2013,11,29,99,8.0
SMU,83,34,212,52,27,10,90,1,3,5,20,4,7,3,1896,Houston,120,30,245,42,25,7,60,0,2,6,17,7,2,0,1704,2013,11,29,248,2567.0
FIU,81,34,89,28,11,5,35,0,0,6,14,1,4,3,1794,FAU,179,42,252,20,11,7,80,1,1,11,13,6,0,0,1708,2013,11,29,2226,2229.0
Toledo,230,45,158,33,16,5,55,0,1,14,13,4,5,2,1859,Akron,85,35,259,30,18,9,74,1,0,6,12,3,2,2,1741,2013,11,29,2006,2649.0
Bowling Green,260,48,230,26,11,6,43,1,1,8,17,6,3,1,2071,Buffalo,15,24,221,45,21,3,25,1,1,2,17,5,3,1,1529,2013,11,29,2084,189.0
E Michigan,193,38,151,29,15,7,64,2,1,13,12,5,1,0,1827,Cent Michigan,295,39,92,14,9,5,62,1,1,13,9,6,0,0,1773,2013,11,29,2117,2199.0
Miami (OH),138,51,143,27,11,2,10,2,1,10,19,7,4,3,2045,Ball State,140,31,445,33,27,3,20,1,0,6,10,4,0,0,1555,2013,11,29,2050,193.0
Miami (FL),180,34,296,28,17,4,30,0,0,8,11,4,0,0,1565,Pitt,220,33,281,43,24,4,25,1,1,12,14,6,2,2,2035,2013,11,29,221,2390.0
Fresno State,127,16,519,51,38,8,97,0,1,6,11,4,3,3,1237,San Jose State,159,45,577,46,38,5,45,2,0,10,16,11,2,2,2363,2013,11,29,23,278.0
Oregon State,231,39,314,47,29,6,36,2,1,11,16,6,4,1,2129,Oregon,283,45,285,34,17,6,40,1,2,15,16,8,3,2,1471,2013,11,29,2483,204.0
UMass,153,51,137,19,6,6,64,1,3,8,16,3,1,1,2135,Ohio,215,29,246,30,19,8,73,2,1,7,10,2,0,0,1465,2013,11,29,195,113.0
ECU,149,29,291,52,29,4,33,0,3,9,18,7,2,2,1562,Marshall,267,53,272,28,17,3,20,1,1,14,14,10,1,1,2038,2013,11,29,276,151.0
Texas State,233,38,192,31,11,8,80,0,1,9,14,4,3,1,1874,Troy,164,35,297,27,21,9,81,0,0,7,13,5,1,1,1726,2013,11,29,2653,326.0
Washington St,44,23,282,59,32,5,49,0,2,7,16,4,2,1,1863,Washington,224,53,181,20,15,7,72,1,1,13,15,6,0,0,1737,2013,11,29,264,265.0
Iowa,155,44,126,17,9,2,20,0,0,7,15,6,1,0,1859,Nebraska,89,37,199,37,19,5,42,1,2,8,14,3,3,1,1741,2013,11,29,158,2294.0
Rutgers,68,31,296,36,17,4,32,1,2,5,14,4,3,3,1812,UConn,61,29,311,33,25,7,44,0,0,3,15,9,0,0,1788,2013,11,30,41,164.0
Army,254,56,152,21,8,2,13,2,0,15,13,6,2,1,1844,Hawaii,285,52,323,34,24,11,127,2,1,15,14,6,2,2,1756,2013,11,30,62,349.0
Tulane,26,21,97,31,14,5,40,1,0,2,14,1,2,1,1209,Rice,124,55,180,28,14,5,31,2,0,9,20,8,1,1,2391,2013,11,30,242,2655.0
VT,126,42,238,30,14,7,54,1,1,8,14,4,1,0,2049,UVA,109,27,176,40,17,9,83,0,1,6,16,5,2,0,1551,2013,11,30,258,259.0
FSU,129,32,327,31,19,6,55,0,1,5,15,9,0,0,1869,Florida,78,24,115,25,20,6,45,2,0,3,11,1,3,2,1731,2013,11,30,57,52.0
Penn State,126,28,339,30,21,9,45,0,0,1,13,5,0,0,1753,Wisconsin,120,30,339,55,29,4,35,0,3,9,17,8,3,2,1847,2013,11,30,275,213.0
Boston College,191,33,168,19,11,4,27,1,1,8,10,3,0,0,1407,Syracuse,210,51,270,43,29,5,35,0,1,17,18,12,1,0,2193,2013,11,30,183,103.0
South Alabama,242,54,280,30,19,4,50,1,0,12,19,10,2,1,2333,Georgia State,24,25,321,34,17,3,25,2,1,2,10,0,3,2,1267,2013,11,30,2247,6.0
North Texas,377,50,173,26,17,8,56,1,1,14,16,7,0,0,2076,Tulsa,122,35,114,38,14,1,5,0,2,10,18,3,1,1,1524,2013,11,30,202,249.0
Wake Forest,111,24,155,34,16,3,25,0,1,7,13,4,1,1,1311,Vanderbilt,132,45,271,37,26,1,10,1,1,11,19,6,4,4,2289,2013,11,30,238,154.0
Temple,206,47,328,32,20,7,59,0,1,12,19,8,5,4,2112,Memphis,60,29,168,33,20,6,53,1,0,2,12,2,3,1,1488,2013,11,30,235,218.0
UL Monroe,122,32,272,29,19,4,33,0,0,5,15,7,2,1,1700,LA-Lafayette,167,35,304,41,23,4,30,0,3,8,16,11,1,0,1900,2013,11,30,309,2433.0
Tennessee,218,43,199,23,14,3,35,1,1,11,14,7,0,0,1718,Kentucky,139,33,254,38,25,7,75,1,0,9,14,5,1,0,1882,2013,11,30,96,2633.0
Northwestern,146,51,414,45,31,2,5,0,0,7,20,12,1,0,2183,Illinois,185,32,307,45,31,4,21,0,1,11,15,7,0,0,1417,2013,11,30,356,77.0
OSU,393,46,133,15,6,3,25,1,1,17,8,3,0,0,1599,Michigan,152,35,451,47,32,4,35,1,0,9,14,8,2,1,2001,2013,11,30,130,194.0
Southern Miss,102,31,370,39,24,6,50,0,1,5,12,4,1,1,1811,UAB,145,36,286,31,18,11,98,4,1,11,10,4,1,0,1789,2013,11,30,5,2572.0
Colorado,48,25,273,47,24,2,13,2,1,3,14,2,2,1,1680,Utah,155,44,233,33,19,5,43,2,1,7,17,6,1,1,1920,2013,11,30,254,38.0
Duke,187,46,274,36,23,5,55,1,0,10,15,8,1,0,2123,UNC,225,39,223,36,17,9,85,0,2,13,12,2,4,3,1477,2013,11,30,153,150.0
New Mexico,300,53,62,17,10,3,20,2,1,15,15,6,1,0,2166,Boise State,172,40,260,25,17,3,14,0,0,9,13,4,2,2,1409,2013,11,30,68,167.0
Iowa State,244,53,331,39,25,8,54,1,1,10,20,8,3,3,2210,West Virginia,212,36,356,38,21,6,45,2,2,6,16,4,2,0,1390,2013,11,30,277,66.0
Alabama,218,35,277,29,17,6,45,0,0,11,13,4,2,1,1854,Auburn,296,52,97,16,11,3,21,1,0,17,15,8,1,0,1746,2013,11,30,2,333.0
Wyoming,28,29,162,29,16,7,71,1,1,2,15,4,2,0,1562,Utah State,154,45,156,30,20,5,55,1,1,12,16,8,1,1,2038,2013,11,30,328,2751.0
Texas A&M,184,35,195,35,24,4,27,1,0,8,19,9,2,2,1717,Missouri,225,44,238,30,19,4,32,0,0,11,14,5,1,1,1883,2013,11,30,142,245.0
Georgia,138,37,299,36,22,6,55,0,1,8,15,7,1,1,1430,Georgia Tech,263,58,232,24,11,3,29,0,2,16,15,7,2,1,2170,2013,11,30,59,61.0
Kansas State,208,45,160,21,10,8,80,1,1,12,13,5,0,0,1991,Kansas,72,38,151,36,17,5,25,2,4,7,15,4,3,2,1609,2013,11,30,2305,2306.0
Arizona,249,49,175,30,15,2,15,1,3,14,18,9,3,0,1661,Arizona State,204,52,274,25,13,4,20,0,1,12,17,6,2,2,1939,2013,11,30,9,12.0
San Diego State,88,29,239,46,24,7,49,0,2,5,16,8,4,0,1802,UNLV,131,33,270,30,20,3,34,0,0,9,12,6,0,0,1798,2013,11,30,2439,21.0
Clemson,127,29,225,28,19,8,52,3,3,9,11,6,0,0,1311,South Carolina,140,50,178,28,15,3,20,0,0,10,19,10,1,0,2289,2013,11,30,2579,228.0
Maryland,173,38,259,25,13,4,34,1,0,10,13,7,0,0,1668,North Carolina St,151,54,200,31,21,4,40,0,0,13,17,6,6,2,1932,2013,11,30,152,120.0
LA Tech,42,20,151,37,20,5,44,0,1,3,14,2,3,1,1303,UTSA,191,49,284,24,19,11,83,1,2,9,17,8,0,0,2297,2013,11,30,2636,2348.0
Arkansas State,223,53,134,28,19,10,97,0,1,15,16,11,0,0,2110,W Kentucky,151,28,255,37,21,7,65,3,0,7,11,5,1,1,1490,2013,11,30,98,2032.0
Idaho,209,37,250,42,21,8,95,1,1,8,18,4,5,3,1786,New Mexico St,181,43,190,28,18,1,5,2,1,15,15,7,0,0,1814,2013,11,30,166,70.0
Notre Dame,64,24,199,34,16,3,15,0,2,4,12,5,0,0,1518,Stanford,261,51,158,18,12,5,52,0,2,12,13,8,0,0,2082,2013,11,30,24,87.0
Purdue,31,16,485,49,33,6,46,0,0,3,12,4,2,2,1544,Indiana,401,54,291,40,26,1,5,0,2,26,18,16,0,0,2056,2013,11,30,84,2509.0
UCLA,188,43,208,27,18,4,45,0,0,10,15,8,1,0,1775,USC,140,36,174,28,17,3,30,2,0,9,14,6,1,0,1825,2013,11,30,30,26.0
UTEP,177,36,122,24,14,3,25,1,0,9,14,5,1,1,1728,Mid Tennessee,304,48,325,27,19,2,20,0,1,13,16,11,0,0,1872,2013,11,30,2393,2638.0
Minnesota,124,50,125,25,9,3,14,1,2,8,20,8,2,1,2321,Michigan State,181,31,143,20,10,2,15,1,1,7,8,0,1,0,1279,2013,11,30,127,135.0
Baylor,164,52,206,38,19,15,140,0,1,10,23,7,4,4,1866,TCU,122,33,288,47,21,3,10,1,3,6,14,5,2,1,1734,2013,11,30,2628,239.0
Air Force,154,44,125,20,11,2,27,1,0,7,15,4,4,2,1588,Colorado State,234,49,395,34,26,5,37,0,0,14,14,9,2,1,2012,2013,11,30,36,2005.0
BYU,394,45,98,18,14,14,142,1,0,16,13,6,2,1,1463,Nevada,104,47,259,33,23,4,25,0,1,5,14,6,0,0,2137,2013,11,30,2440,252.0
Louisville,177,41,255,37,23,7,60,0,1,11,12,5,1,1,1922,Cincinnati,124,39,304,41,22,2,18,0,2,8,17,8,2,1,1678,2013,12,5,2132,97.0
Bowling Green,181,40,393,27,21,8,60,1,0,10,10,4,2,2,2066,N Illinois,235,42,219,40,21,4,20,0,2,13,15,8,1,0,1534,2013,12,6,2459,189.0
UCF,96,32,242,35,24,4,40,1,0,7,13,6,0,0,1688,SMU,78,23,235,39,25,7,63,0,1,3,15,7,3,0,1912,2013,12,7,2567,2116.0
Memphis,72,29,185,40,20,5,40,1,1,6,17,7,2,0,1601,UConn,75,26,463,55,37,2,16,0,0,7,17,8,2,2,1999,2013,12,7,41,235.0
Stanford,240,44,277,18,12,8,70,1,0,9,12,4,3,2,2019,Arizona State,138,43,173,25,17,5,38,0,0,9,16,5,4,1,1581,2013,12,7,9,24.0
Marshall,106,37,265,41,24,4,40,0,1,8,17,7,2,1,1660,Rice,248,48,239,18,10,9,81,0,0,14,14,8,0,0,1940,2013,12,7,242,276.0
Texas,163,35,54,34,12,6,49,0,2,8,17,2,2,1,1702,Baylor,221,54,287,38,21,9,69,0,0,13,19,7,1,0,1898,2013,12,7,239,251.0
LA-Lafayette,69,33,143,26,9,6,55,2,2,6,13,2,2,1,1448,South Alabama,192,52,171,24,13,5,56,0,0,9,16,5,1,0,2152,2013,12,7,6,309.0
USF,10,20,141,31,14,11,99,1,1,2,16,6,0,0,1350,Rutgers,176,45,179,24,19,8,81,1,0,15,11,5,0,0,2250,2013,12,7,164,58.0
Oklahoma,165,40,193,33,16,5,59,0,1,11,15,2,3,3,2060,Oklahoma State,200,35,200,35,19,7,59,1,1,7,13,2,1,0,1540,2013,12,7,197,201.0
Utah State,51,40,253,35,16,8,85,0,2,3,16,4,4,1,1836,Fresno State,56,34,404,53,36,7,59,3,2,7,14,6,6,3,1764,2013,12,7,278,328.0
Duke,99,31,140,42,21,3,32,1,2,6,20,7,0,0,1844,FSU,239,43,330,32,19,6,65,1,2,13,11,6,0,0,1756,2013,12,7,52,150.0
Missouri,231,34,303,37,21,7,40,0,1,7,12,2,3,1,1540,Auburn,545,74,132,11,9,10,63,2,0,26,14,7,1,1,2060,2013,12,7,2,142.0
OSU,273,40,101,23,8,5,62,0,0,14,10,1,2,0,1629,Michigan State,134,32,304,40,24,3,20,0,1,8,15,5,2,2,1971,2013,12,7,127,194.0
Army,157,45,50,11,5,4,50,2,1,8,11,2,2,0,1520,Navy,343,57,10,7,2,1,10,0,0,13,15,4,3,2,2080,2013,12,14,2426,349.0
