HomeID,VisID,SpreadMed
25,62,21.5
2449,2127,-21.0
2105,2278,
2913,2188,
2134,209,
2681,2830,
308,2385,
2839,2842,
15,2557,
154,2655,-14.25
568,2364,
125,2838,
2851,2772,
97,2429,-38.5
2623,616,
2339,2129,
2170,2316,
2117,2506,-37.5
132,389,
2197,2710,
2535,2369,
55,2453,
188,190,
2382,2643,
2822,2695,
2927,2568,
2523,2017,
118,2688,
2110,2277,
2594,2894,
236,2560,
2635,2747,
210,2487,
48,2169,
2249,2666,
2619,155,
2132,2630,-37.5
2687,196,
2816,2025,
2817,2844,
41,311,-27.5
2633,2026,-21.5
2362,2651,
152,2729,-20.0
2222,2477,
2754,2184,
2229,84,10.0
2587,134,
2033,200,
328,2692,-21.25
2231,2403,
2056,2398,
2586,2201,
90,2118,
98,242,-19.0
238,2579,-5.0
2271,199,
2823,2028,
254,253,-28.0
3101,2424,
137,2438,
2815,2122,
2214,138,
2888,2191,
135,204,-13.5
2146,2570,
70,147,-14.5
167,233,-17.0
2439,2296,-39.5
2049,2704,
2115,322,
481,379,
2846,2808,
2199,2400,-39.0
284,2071,
402,2776,
2247,2050,-5.0
471,286,
127,231,-38.0
2532,2015,
183,2142,-22.0
2084,399,-20.75
479,114,
218,349,-15.0
40,18,
2779,3110,
81,2702,
398,2422,
2909,2884,
109,2749,
239,2466,-50.5
38,36,-7.0
24,2306,-13.0
2032,2649,-4.0
2440,13,-20.0
205,2003,
103,59,3.0
103,59,3.0
2127,2310,
2102,143,
2148,2699,
2963,80,
587,2128,
2022,2559,
248,201,13.0
2967,452,
2085,359,
191,2782,
2974,455,
120,47,-50.0
277,142,-9.5
352,2553,
344,6,-28.0
194,189,-27.5
2062,2667,
309,68,18.5
2426,2230,-17.0
130,62,-38.0
367,2583,
77,2711,-3.5
2509,2198,-22.0
274,2951,
2970,3162,
365,2280,
2060,223,
259,2335,-32.0
2329,2405,
437,128,
46,2166,
175,237,
323,247,
2175,2516,
126,391,
293,2972,
2886,131,
2551,2336,
2354,216,
2075,611,
2601,2205,
2038,2315,
215,2441,
2969,390,
2745,2442,
366,2213,
3178,110242,
2725,2827,
2234,388,
291,3111,
2108,2700,
2707,2986,
374,354,
109418,409,
2392,2682,
2686,2748,
2781,174,
2800,2614,
2676,2089,
351,2304,
2812,2919,
221,222,-28.0
2248,2079,
146,246,
2074,2733,
2467,2528,
2845,332,
2151,2891,
433,2968,
262,266,
2600,375,
162,509,
396,2283,
32,6353,
613,2911,
271,2302,
49,2802,
2359,2101,
2524,273,
556,620,
263,72,
2257,74,
418,2045,
2832,2743,
2939,2152,
2123,2237,
2698,2107,
65,133,
446,421,
2347,2938,
2331,330,
2141,2723,
561,63,
2005,2000,-42.5
67,2740,
255,101,
2106,2044,
2744,2564,
2907,2741,
264,164,-25.0
2415,107,
2043,425,
2189,2896,
597,268,
2714,11,
2401,3179,
2803,2771,
2876,2324,
2001,2069,
282,2086,
2323,2637,
2210,2241,
2294,193,-27.5
275,99,12.5
213,2309,-24.0
258,257,-12.0
245,26,-4.5
197,2545,-49.0
356,93,-33.0
195,326,-17.5
415,272,
6845,6584,
2508,2318,
2721,2964,
8,2348,-21.0
2097,495,
2458,2826,
304,2829,
490,2940,
2483,302,-48.5
2843,173,
2502,2120,
153,61,-3.5
256,2413,
2368,2083,
150,2428,-34.5
2233,2646,
2419,2042,
290,2542,-57.0
2790,89,
2390,50,-53.0
2220,2804,
2226,79,-9.5
2736,2882,
2444,53,
2653,2046,-41.0
2047,297,
2448,395,
2757,2373,
151,2717,-18.0
2006,2678,-29.0
2287,2674,
86,2286,
2588,2810,
58,119,-27.0
341,2242,
2634,2029,
2916,2658,
2377,2627,
202,23,-3.75
2273,2292,
2181,2825,
2755,2355,
249,2567,7.5
2258,2256,
338,2193,
2018,2644,
417,2828,
2305,227,-28.0
2168,2119,
2805,2657,
2746,424,
2393,2010,-47.5
2264,319,
3066,559,
2636,2011,-24.0
56,2529,
2206,60,
2433,2582,-14.0
2639,2194,
2849,2274,
2371,2980,
2116,2569,-26.0
2224,129,
2534,2824,
235,2546,-30.5
75,2023,
2673,2013,
317,2171,
3,548,
2738,2900,
2121,2262,
96,2572,-3.0
57,113,-35.0
158,278,-29.0
2519,2930,
333,30,-13.5
2628,2571,-35.0
2758,2904,
2320,324,
2638,166,-9.5
2641,2617,-38.0
2295,2155,
2402,487,
66,2460,-9.5
2654,2395,
265,331,-27.5
583,124,
110243,2834,
599,3071,
386,29,
21,160,-30.5
16,2848,
2,228,9.0
301,2703,
149,2598,
12,252,1.0
2751,2459,7.0
9,2464,-27.5
3112,2871,
295,2261,-24.0
2396,2232,
2504,2640,
2450,2207,
251,87,3.5
52,145,-4.5
2438,2214,
2118,2231,
138,2687,
196,2815,
2122,90,
2749,402,
2808,2969,
2951,110,
2583,284,
2884,15,
2487,2038,
2221,2818,
2229,120,11.75
183,97,17.0
2015,471,
18,2871,
135,282,-24.5
151,152,6.0
2509,2132,3.25
130,2116,-36.0
61,2447,-53.0
452,174,
248,2320,-42.5
158,2751,-25.75
2782,2967,
2681,2985,
113,103,15.75
2842,587,
390,427,
349,242,-8.5
184,2108,
209,2205,
221,213,-3.0
164,47,-43.0
197,2117,-17.5
245,2504,-53.0
2528,365,
223,215,
286,426,
228,2653,-35.0
52,2127,
2168,2523,
2911,5829,
109,479,
2666,2707,
323,2700,
83,2419,
2846,341,
297,3112,
455,2249,
2045,2758,
2779,2467,
216,118,
218,2619,-23.75
2079,2646,
2601,2017,
2256,3111,
2972,481,
273,375,
319,2033,
2129,2858,
2399,2257,
2702,2909,
246,2175,
2849,2845,
227,399,
2529,2674,
2654,556,
2339,2876,
2089,2441,
2230,2207,
2559,367,
2392,2222,
354,72,
2986,2148,
2369,2560,
2667,2248,
395,2105,
352,391,
2422,2234,
65,3214,
2354,247,
2838,110254,
2262,2373,
190,2812,
351,2551,
30,328,-16.5
2850,2721,
421,2524,
2237,2069,
2553,2688,
75,565,
409,124,
2286,2564,
2042,2964,
272,2595,
277,2754,-17.5
2152,2738,
2424,2146,
2816,2699,
2316,2166,
81,374,
63,2600,
2686,146,
3071,2691,
101,446,
268,109418,
2745,2056,
417,2189,
2283,2832,
133,67,
266,255,
396,126,
2044,263,
114,293,
236,2506,
2295,433,
2968,2723,
60,2310,
330,2839,
2005,2247,-23.5
559,2043,
6845,306,
2825,561,
2772,3066,
2802,2106,
2101,262,
74,86,
2398,386,
2919,2685,
389,2594,
2740,2891,
2900,2744,
2557,2383,
2305,195,-2.5
2940,2206,
630,2834,
11,2123,
101161,418,
59,2382,
2323,2232,
203,411,
233,2692,
2213,2913,
17,2333,
2071,2134,
275,2006,-21.5
333,98,-27.0
2426,41,-3.5
2026,295,-21.0
2449,331,
194,202,-28.0
57,96,-14.0
87,2440,-27.5
189,155,-18.0
77,2287,-12.0
150,154,-6.75
239,2567,-34.5
238,2393,-2.75
2444,2676,
2710,2464,
145,2747,-44.0
147,2803,
84,2050,-16.5
2075,2304,
256,2115,
237,2843,
128,2025,
2830,2060,
2486,2094,
210,611,
2848,2120,
36,2636,-8.5
2714,2001,
23,2502,
2119,2805,
193,2197,-10.0
2396,2698,
2637,2347,
379,173,
2657,2013,
2460,149,
2169,2405,
264,70,-36.5
2400,2010,
2315,2385,
38,304,-45.0
2804,2097,
276,2415,-42.5
257,2450,
2771,2022,
110242,2402,
2643,231,
2309,2448,-11.5
388,398,
2107,2736,
2516,2047,
2184,2083,
2292,2366,
2429,2210,-22.0
3162,2781,
2651,2074,
2368,46,
2390,2226,-25.5
490,2336,
2717,2241,
2362,2800,
322,48,
119,2598,
222,2329,
2413,2678,
2023,2121,
2261,2729,
2188,2291,
2086,2233,
2828,366,
2331,2822,
2571,2181,
251,2638,-31.0
2348,2569,-34.5
2938,3,
93,2623,
2046,2635,
2029,2824,
2844,568,
79,2546,
2273,2682,
2644,2614,
2258,291,
199,2888,
2335,294,
125,437,
2748,2018,
2568,2823,
53,2401,
548,2757,
2639,2371,
2403,137,
425,2587,
200,2264,
2894,2817,
129,2886,
308,131,
2617,2695,
160,107,
338,3179,
56,2683,
2191,2271,
2649,311,-31.0
309,2377,-5.5
2170,2837,
2224,2477,
2110,2535,
2882,2220,
2634,2296,
249,2065,-10.5
2711,2428,-36.5
2572,2542,-56.25
324,50,
2016,2011,
201,2433,-46.0
2628,8,-10.5
2000,2458,
6,290,13.5
2028,2927,
2364,132,
344,2579,-7.5
2743,2790,
2242,2062,
58,2459,-14.5
134,2851,
13,301,
356,153,7.0
2,2032,-20.5
99,55,-31.0
254,252,-3.0
142,2199,-23.0
2294,66,-15.5
2570,2704,
166,167,11.0
253,2545,
509,583,
2633,259,-11.0
26,2439,-27.0
2655,2582,-32.0
3101,613,
2658,2829,
2277,2640,
162,2359,
2194,2904,
2155,2141,
2627,2586,
110243,108358,
2588,241,
205,49,
302,2584,
2278,2049,
2201,2703,
2930,108382,
278,16,
2923,2519,
9,2641,2.0
2475,2508,
68,265,-13.0
21,25,-5.5
2483,258,-24.0
12,2755,-44.0
62,2630,
2699,2986,
2016,2029,
2132,248,7.5
2827,2970,
2038,2583,
2951,2383,
2221,2725,
2060,2771,
114,2967,
108,227,
2871,2442,
242,239,34.0
328,2032,-9.5
2636,9,21.5
3178,548,
2205,223,
2646,2686,
213,218,-8.5
275,2247,-35.0
2184,2168,
2682,129,
237,2702,
2148,2666,
235,2305,-20.0
2628,66,-25.0
2026,2390,4.0
2477,2392,
2085,365,
164,167,-7.5
276,2006,-17.5
228,2569,-53.5
293,2776,
2619,257,
109,2528,
81,481,
367,2071,
2633,195,-27.0
452,2779,
97,52,-2.0
2385,2188,
110254,2316,
118,323,
2843,2972,
209,215,
189,2393,6.5
2294,2449,-14.5
2974,2842,
2022,2487,
479,2884,
2532,2818,
59,238,-6.5
402,18,
171,2598,
319,199,
2274,352,
2886,2222,
2129,2291,
110,274,
2858,210,
2441,2830,
375,101,
398,2969,
366,297,
2559,2134,
379,2909,
2644,2062,
2102,2845,
2249,2128,
3162,184,
2015,2354,
2828,286,
2911,2601,
241,2637,
2045,2850,
247,2808,
2707,455,
2175,216,
3111,2079,
2516,291,
2803,225,
2913,351,
471,388,
2614,2242,
89,2018,
2551,2882,
2782,374,
2248,246,
40,15,
2234,2667,
2256,417,
109418,271,
2193,2717,
2557,2108,
2310,330,
41,258,-3.25
2189,2023,
2074,2419,
190,2233,
2119,490,
43,2142,
426,317,
2107,2105,
2373,2213,
2141,263,
2600,133,
2043,2772,
409,2800,
273,433,
2151,2812,
265,70,-28.25
2964,63,
2703,2824,
2700,2422,
49,2564,
72,75,
2286,2359,
80,2398,
2155,262,
6353,2790,
6845,2685,
2146,11,
3214,421,
2318,2721,
2553,3,
2741,354,
2181,2816,
65,266,
2748,83,
2044,2651,
2851,425,
255,2832,
143,2121,
2968,124,
2698,2170,
446,509,
2467,2749,
55,324,
561,2744,
202,2448,-31.5
2919,2891,
2587,559,
2519,2757,
173,2781,
2938,2056,
2123,2714,
2674,2907,
2802,2152,
2106,396,
2257,2295,
556,587,
2524,126,
2069,3101,
2900,2101,
138,2438,
2262,86,
2306,2226,-23.5
2838,2273,
2817,389,
2271,2823,
611,2315,
2333,2923,
2115,2075,
2649,278,-22.0
2094,2930,
2050,2198,-13.0
2876,2825,
630,2758,
2117,2439,-12.0
2324,2323,
2287,2197,
2747,2304,
2630,487,
2214,2403,
2001,2237,
2201,2837,
183,58,12.5
197,221,-2.5
130,38,-17.5
153,256,-24.5
193,98,17.5
158,2483,-3.0
222,119,
47,2261,
2309,2405,-15.0
145,333,10.5
2459,21,13.0
259,103,-6.5
113,2229,1.25
2751,302,-23.5
2579,151,-1.5
2120,2049,
568,2894,
356,2711,3.0
2207,60,
2594,2364,
147,2848,
36,2458,-21.5
96,166,-22.0
2065,2634,
2382,2635,
2447,2916,
2283,2003,
2754,2523,
219,2329,
204,304,-43.5
2529,2368,
155,233,
2688,17,
163,322,
3112,2846,
290,2433,-27.0
2428,395,
391,2171,
2210,2220,
2413,2339,
2736,2676,
2729,2450,
152,295,-24.5
2232,2805,
284,2089,
2047,2258,
2097,2506,
131,437,
2083,172,
2429,2199,1.5
2804,110242,
2241,2643,
154,48,-24.0
2641,2348,-11.0
386,2486,
341,2896,
308,2224,
2582,2011,
79,93,
620,2086,
2567,2335,-15.0
132,2844,
399,107,
306,3071,
200,2191,
2655,2426,6.75
2904,2810,
3066,134,
2033,2028,
231,236,
2546,282,
2116,120,11.0
125,128,
2331,2839,
2834,108358,
2110,2466,
2586,2292,
2042,32,
267,2013,
2464,2424,
2733,359,
2010,2504,
174,175,
2264,2568,
191,427,
2377,2617,
137,2118,
294,2206,
50,2657,
159,160,
2980,2746,
2,245,-1.25
2347,2639,
332,424,
2166,2940,
3110,390,
2302,188,
309,6,-1.5
2571,13,
2296,2755,
2336,2369,
2687,2815,
99,344,-13.0
2822,2444,
2572,2653,-9.5
2560,53,
146,2963,
2371,203,
2638,349,3.5
2453,2673,
331,2460,
57,249,-33.0
142,61,7.0
87,127,-7.5
201,194,2.0
8,326,-28.5
2658,2395,
2277,2000,
2231,2122,
90,196,
2627,2025,
77,150,-4.0
583,2399,
24,30,-7.5
2194,2588,
2692,16,
2320,2534,
2402,2654,
2640,2400,
2570,613,
264,2502,-42.5
2401,2695,
2888,2927,
2440,2084,-12.5
2829,2278,
29,415,
252,26,3.5
25,251,8.0
23,254,13.5
12,62,-24.0
205,2475,
110243,2704,
2128,2707,
2017,2986,
59,228,10.5
2583,2022,
18,114,
2199,2751,6.0
2567,2628,22.0
254,30,-3.0
333,2309,-42.5
274,109,
174,237,
2646,2102,
2528,2779,
2830,284,
452,2884,
164,2294,15.0
587,2974,
2776,2557,
131,2838,
110,402,
218,2429,-24.5
2442,3112,
66,23,-8.5
127,275,-3.5
135,36,-17.0
2818,2827,
145,61,-7.0
311,256,
2509,2440,-3.5
2487,2441,
2205,2291,
58,52,4.0
2967,2843,
258,2117,5.5
259,151,-14.5
268,2286,
2329,163,
2771,2038,
323,2175,
2725,398,
365,175,
2085,3110,
332,317,
2666,2699,
2304,2207,
352,2018,
455,2148,
216,2248,
7,348,
2700,2667,
246,2234,
81,2749,
2399,2295,
2970,2871,
247,388,
41,183,-1.75
83,2274,
2405,2127,
2394,340,
2746,89,
2230,219,
2977,121,
2105,2369,
2601,2402,
437,2224,
103,2681,-44.5
2940,2804,
2280,3162,
2969,2354,
2896,2532,
2972,379,
390,2782,
2551,2075,
2385,2134,
2808,2015,
395,2339,
471,2221,
2702,40,
227,160,
2129,2071,
2614,146,
2803,2115,
2559,2188,
2316,2292,
2171,2748,
2731,33,
2089,2060,
107,159,
2184,338,
2845,2963,
2419,2362,
351,2107,
359,427,
2023,2262,
190,86,
2302,191,
2747,2193,
2121,80,
2233,2074,
2839,2444,
433,2257,
236,2535,
2844,2594,
2657,2323,
2181,2413,
196,2231,
67,49,
124,2101,
2810,2639,
75,306,
396,72,
425,3066,
110263,271,
225,108,
195,2241,-30.5
2816,2911,
3,143,
2106,2042,
2450,2428,
162,2968,
2383,184,
2359,65,
2600,2900,
262,2919,
63,2564,
421,2151,
2842,2249,
559,2851,
2422,118,
2891,255,
266,2155,
2398,418,
6353,272,
2237,11,
133,2802,
101,273,
2674,2166,
46,171,
2745,2416,
2825,2586,
2685,109418,
2772,2587,
583,446,
2364,2817,
60,2396,
2118,2214,
2723,2588,
375,509,
2197,2046,
6845,2141,
263,2964,
2682,125,
282,2287,
2438,2687,
2170,2560,
2083,2678,
2630,2635,
172,43,
2242,2644,
199,200,
13,149,
2001,2123,
2741,2738,
2310,2119,
2714,2146,
611,2858,
84,154,-7.0
295,2636,-5.5
204,68,16.75
2006,2026,4.5
2132,193,-13.5
257,2142,
153,221,-7.25
2222,308,
113,344,22.5
130,213,-16.25
2633,57,-4.0
2459,2710,-2.75
277,252,-8.0
87,150,-21.0
2913,3111,
32,2740,
2781,374,
147,155,
210,2315,
142,2169,-52.0
2120,3101,
128,2886,
2003,2743,
389,568,
98,238,-8.75
2273,2392,
278,202,16.5
304,16,
2191,319,
2400,2504,
2029,2296,
2483,38,-13.25
50,2569,
391,2980,
215,367,
223,209,
2062,2849,
2,99,3.5
2736,330,
2097,2086,
322,222,
2757,2553,
242,249,-7.0
2220,2676,
490,2232,
2226,2050,3.0
2619,2529,
324,231,
2805,3178,
188,426,
2916,2377,
129,2477,
2010,2582,
2542,2065,
56,294,
2815,90,
2729,2210,
2704,2627,
2011,2640,
2506,53,
326,248,31.0
2711,290,-9.25
2673,110242,
2084,349,13.0
2894,132,
112,336,
2882,2822,
399,2598,
2032,2110,-17.0
2393,2348,-4.5
301,2168,
2617,2000,
2464,331,
2122,137,
2695,2453,
2545,2466,
6,2447,-17.0
2415,47,
2335,55,
2653,166,-20.0
2013,2698,
2523,556,
2755,2016,
2028,2264,
3071,74,
2229,2116,10.0
93,2546,
2904,2045,
2568,2033,
2025,2201,
2403,138,
2927,2271,
424,2733,
2331,2336,
134,2043,
2306,2623,
96,2579,-2.5
77,158,8.25
239,197,-7.0
2837,2658,
2570,2424,
2277,2534,
411,386,
2401,2161,
2654,2876,
613,2069,
26,24,3.0
253,2502,
2823,2888,
235,189,-17.5
2638,2572,13.5
2655,309,-3.0
110243,2703,
276,97,31.5
245,8,-7.0
2049,2829,
2439,70,-14.5
2278,2848,
302,2692,
9,25,-4.0
328,2005,5.5
12,264,17.0
2395,2824,
2170,2401,
2560,2695,
2699,455,
2448,2261,
248,41,-27.5
2641,2305,-27.5
2828,2516,
2688,2213,
108,46,
159,219,
264,24,-3.5
252,2649,-3.0
8,2016,-50.0
227,225,
238,57,14.0
118,246,
171,163,
194,164,-38.5
109,452,
2477,125,
183,87,13.5
417,479,
197,251,-2.0
209,2559,
2026,2247,-19.0
367,2385,
151,2116,-3.0
59,2390,8.0
218,2567,-12.0
2193,236,
114,110,
174,2383,
66,239,17.0
2294,77,-11.0
150,258,-3.0
284,2771,
2336,351,
2969,471,
2598,556,
2274,89,
398,2221,
2441,2583,
2886,437,
175,390,
374,2085,
2532,2442,
2142,172,
293,15,
2951,2280,
2207,2551,
2790,2003,
2038,2089,
2249,587,
291,2373,
2970,2818,
2405,2230,
126,2800,
2166,56,
2368,2097,
2258,2108,
2168,2181,
509,433,
33,2394,
2896,2846,
286,2938,
2171,2980,
2849,2646,
103,2084,-18.0
2248,2700,
2779,81,
2871,341,
2392,129,
340,7,
2015,247,
216,2422,
2415,2169,
336,348,
2676,395,
2175,2234,
2858,215,
3066,2844,
2086,301,
3110,365,
2413,2674,
2256,366,
83,352,
110263,421,
2148,2128,
80,3,
40,2776,
294,2184,
184,2528,
3162,3111,
2105,2331,
112,121,
2830,2022,
2884,2702,
2667,323,
2601,2825,
2651,2151,
388,2808,
273,2399,
256,48,
2678,2382,
317,188,
2018,391,
427,426,
2731,2977,
43,2329,
2839,2913,
2557,274,
2354,2725,
2749,237,
191,332,
2733,2302,
2017,2232,
2467,481,
2262,2419,
2707,2842,
2838,308,
2362,2233,
2189,190,
2919,2155,
2134,2205,
272,2745,
2283,2524,
2056,2194,
2748,2746,
2316,2119,
2237,2146,
359,424,
2657,2882,
6353,409,
155,13,
2060,2487,
2741,2044,
2079,297,
306,396,
2968,2152,
2310,2673,
2371,241,
2824,2837,
2449,2287,
67,6845,
263,63,
2042,72,
2687,90,
2257,101,
2123,2278,
2986,2666,
2295,583,
2738,2743,
2738,2743,
2738,2743,
86,2023,
137,196,
2810,2834,
2891,2359,
2553,2519,
559,132,
2141,2685,
146,2845,
2851,2364,
2964,49,
2043,2894,
2101,162,
2802,2600,
2071,210,
268,266,
2286,65,
418,2121,
2909,2972,
2347,2758,
173,2782,
2450,47,
2832,262,
134,2817,
2900,124,
193,195,2.25
38,204,-20.0
271,2744,
271,2744,
271,2744,
2231,2815,
3101,2714,
32,2106,
2634,2630,
2876,2323,
2927,199,
2458,2464,
2535,2747,
2011,2029,
2586,2816,
2069,2424,
2214,2122,
2772,2594,
2644,2686,
231,338,
282,2623,
11,2570,
446,375,
2438,2403,
2740,2723,
2740,2723,
2740,2723,
189,2199,1.0
61,2633,3.5
2,2433,-32.5
2717,2643,
2050,2459,-3.25
2703,2395,
120,2509,-11.0
52,153,-10.5
152,154,-14.0
322,107,
113,2655,2.5
2309,2006,8.5
257,119,
2000,2110,
2568,200,
311,2803,
130,275,-11.5
158,356,-20.5
425,568,
160,2729,
2210,222,
277,2306,-3.5
2005,2426,-7.0
213,135,-3.5
2534,2617,
2486,205,
2579,245,20.0
2754,233,
2508,2930,
2291,611,
2065,2428,
2848,2049,
17,2850,
128,2682,
2028,319,
167,23,-11.0
2805,60,
331,302,
203,2333,
149,253,
379,2967,
2460,79,
2046,93,
70,2653,15.0
2823,2191,
2755,2504,
415,2721,
548,2047,
2628,201,3.5
2502,304,
324,2127,
2075,2220,
138,2118,
2241,490,
2681,2529,
131,2273,
2843,18,
50,2542,
330,2940,
2963,2614,
2102,2062,
2444,2107,
2339,2736,
2429,295,9.0
2812,354,
2827,3112,
2804,2304,
25,254,1.5
2315,223,
2188,2129,
145,235,-15.5
249,2393,17.0
98,2277,-53.25
2546,2197,
2587,389,
2822,2369,
143,2757,
2229,2226,3.0
110242,53,
2033,2271,
2335,2523,
2453,2698,
2296,2400,
2348,2638,-22.5
2571,2710,
2224,2222,
2132,58,7.5
2117,2711,3.5
2635,2198,
2013,2396,
74,75,
333,96,-37.0
2377,2447,
2572,242,-26.0
2264,2888,
326,2916,-16.0
221,276,-16.5
99,142,-12.0
6,21,19.0
2640,2010,
2654,2292,
613,2001,
166,309,5.5
2320,2545,
2658,2025,
2627,110243,
228,97,0.0
2402,2911,
84,127,5.0
30,9,-9.0
2829,2120,
16,147,
2201,2704,
265,2483,2.5
2094,2318,
411,2923,
29,2475,
36,2751,-5.5
68,328,-24.5
26,12,-11.0
2439,278,-9.5
62,2440,3.5
2032,290,7.0
2804,2075,
2643,2822,
2842,2148,
2560,2805,
2448,2450,
235,218,-9.5
2348,98,3.0
2210,160,
2060,2038,
330,2207,
18,379,
103,228,17.75
295,113,-12.0
202,2567,-15.5
167,68,19.0
41,2132,3.0
344,2,3.75
201,251,11.5
2646,146,
110,2843,
2636,2572,17.0
2967,2909,
2757,80,
223,2559,
2305,2628,30.0
135,2294,-2.5
152,87,-2.5
58,151,-14.0
587,2707,
2682,2838,
213,120,2.0
222,227,
237,81,
2224,131,
2974,2249,
611,2134,
225,56,
2329,2142,
221,59,-6.5
2516,2079,
2676,2339,
2003,6353,
297,2258,
2723,2738,
2723,2738,
2723,2738,
583,273,
2771,2441,
2022,284,
388,2725,
219,2115,
2230,322,
2295,375,
46,163,
2221,2354,
121,2731,
308,2886,
402,114,
332,359,
2257,509,
2280,417,
2256,548,
231,2535,
2551,2220,
43,159,
2213,2828,
481,293,
2487,2583,
3130,3111,
2108,2688,
2749,2383,
338,2402,
247,2969,
2782,2085,
2846,2442,
108,172,
2913,2105,
175,173,
2528,174,
2849,2614,
2666,110255,
2651,2790,
47,2405,
33,336,
2168,2413,
348,2977,
2128,2699,
2129,209,
2086,2368,
2089,2830,
455,2986,
184,2779,
2746,83,
2818,2896,
341,2970,
2315,2071,
107,2083,
426,191,
2678,2193,
2845,2242,
2800,2812,
351,2839,
2023,2074,
2362,190,
2107,2336,
424,427,
2302,317,
2373,286,
2369,2444,
2394,7,
2233,2189,
2121,2398,
2419,86,
3,418,
354,126,
2938,366,
2069,11,
2424,613,
200,2028,
2101,2802,
49,6845,
60,2657,
2594,559,
340,112,
124,2600,
266,2832,
3214,109418,
195,189,-11.75
396,74,
479,2467,
2827,2532,
2588,2045,
2911,2825,
2888,2033,
65,255,
2141,2964,
2155,2286,
2685,263,
241,2194,
2519,143,
2232,2310,
2980,352,
568,134,
2205,367,
2396,2119,
55,2635,
2844,2043,
2686,2102,
2331,2882,
132,425,
2733,188,
2524,2741,
89,391,
2118,2438,
2062,2963,
2237,2714,
75,3071,
2745,271,
2564,67,
2674,2181,
556,2017,
306,2042,
2146,2049,
2169,2261,
433,101,
15,2951,
2758,2371,
2044,2151,
2359,268,
409,2283,
2586,2654,
2152,2900,
2815,137,
319,2568,
2743,272,
2743,272,
2743,272,
2623,2449,
599,421,
2523,2598,
2001,2570,
2630,2046,
2123,3101,
2010,2016,
262,2891,
90,2231,
2504,2011,
2364,3066,
2122,138,
2401,110242,
2426,248,15.5
196,2214,
2006,193,-11.25
2287,2754,
233,2460,
199,2823,
2199,2649,20.5
2876,2601,
2323,490,
72,32,
2271,2264,
389,2851,
2744,2740,
2744,2740,
2744,2740,
2751,2005,13.0
127,252,-3.5
2117,2050,-12.5
48,311,
2247,326,-10.0
2447,2617,
245,2633,-7.5
256,2729,
153,259,3.0
197,66,-14.0
194,84,-28.0
150,349,-5.0
2084,2309,3.0
399,257,
356,2509,-9.0
30,38,-5.0
2721,2508,
210,2188,
390,2781,
331,2458,
205,203,
2318,29,
236,2382,
301,2166,
2930,2486,
96,238,-3.0
2333,415,
2403,2687,
2710,282,
2848,2829,
2428,50,
149,2400,
23,62,-3.0
2695,2170,
2241,2506,
2681,171,
374,3110,
2704,2658,
215,2385,
2198,2546,
2292,2816,
2711,2459,-17.5
2673,2698,
2440,278,-7.5
2834,2056,
2306,2641,-9.5
2191,2927,
2639,386,
2545,2377,
437,2477,
2197,2634,
2466,2316,
2717,2747,
2025,2824,
164,130,30.0
79,2571,
2000,2320,
2347,2810,
154,183,-4.5
2817,2772,
119,2619,
2433,70,-2.5
129,128,
2858,2291,
147,2464,
125,2222,
2399,446,
2894,2587,
249,276,13.5
8,333,14.5
2916,2534,
2274,2171,
2483,264,10.5
2627,2703,
2638,2229,-5.0
162,133,
110243,2201,
253,302,
2837,2395,
2390,52,-1.5
2692,2502,
204,25,13.5
2278,2120,
16,155,
2850,411,
254,12,-9.5
2094,2923,
2475,17,
36,328,6.0
9,26,8.0
24,265,-7.5
21,2439,-16.5
2226,2429,-13.0
2304,2736,
2940,395,
2579,61,8.0
309,2026,10.5
2249,2017,
2986,2128,
2506,2405,
2038,2830,
97,150,-35.0
2175,118,
2655,235,12.0
278,21,19.0
252,344,-7.5
2808,398,
367,611,
160,256,
2385,2205,
311,399,
417,481,
2598,2803,
2699,2842,
2776,2884,
2022,2060,
201,2306,-14.0
2487,2771,
228,152,-21.0
349,322,-33.5
164,356,4.0
246,2667,
274,452,
2477,2886,
110,2909,
348,340,
2442,341,
120,135,-3.5
294,2168,
61,238,-13.75
2193,231,
2166,2086,
131,2682,
2509,2294,11.25
2583,2089,
2641,277,3.0
59,290,-10.5
258,221,3.5
2781,175,
323,216,
2896,2827,
2369,2107,
2065,2448,
121,336,
2963,2644,
2083,2142,
2015,2221,
2980,2274,
2336,2913,
2804,2676,
2222,128,
2383,2528,
47,2569,
3111,102118,
53,2232,
2018,83,
2911,2586,
2220,2304,
437,308,
2115,2681,
7,33,
366,2373,
3112,2818,
2888,2568,
56,2674,
2725,471,
2871,2846,
2702,109,
352,89,
2413,2368,
2790,354,
390,374,
2422,2248,
2800,2044,
2230,43,
3162,2085,
2108,297,
2213,2516,
293,2280,
2666,455,
365,2782,
2707,2974,
2148,587,
3066,389,
2339,2207,
2258,2688,
2234,2700,
2559,2129,
15,2467,
3110,173,
2970,2532,
107,108,
2119,2323,
351,2331,
146,2849,
188,332,
2736,395,
2181,301,
317,2733,
159,119,
2557,40,
2977,112,
172,2529,
114,2843,
2940,2551,
86,2362,
2839,2822,
2731,2394,
2845,2646,
81,184,
2074,2262,
424,426,
190,2023,
2241,324,
2838,2392,
2703,2837,
255,2286,
2428,2542,
2398,3,
2152,162,
2891,266,
2919,65,
126,2651,
2816,2601,
2805,490,
2194,2371,
2310,2396,
133,124,
402,379,
2291,215,
2743,271,
2743,271,
2743,271,
2824,2704,
2359,262,
273,2257,
2151,2524,
2146,613,
2600,2101,
2045,2639,
2169,50,
32,306,
2741,409,
155,253,
597,109418,
418,2757,
195,2199,-7.0
72,2106,
386,2588,
2071,223,
2938,548,
101,2295,
2056,241,
55,2046,
6845,2964,
143,2553,
2224,2273,
2043,2364,
2283,6353,
2687,2231,
446,433,
2951,479,
2772,559,
2261,2415,
2402,2876,
2802,2968,
46,2329,
2075,330,
209,210,
2882,2316,
60,2013,
63,67,
2123,2424,
2698,2695,
134,425,
2740,2745,
193,2309,1.5
2393,98,1.5
2189,2419,
2810,2758,
2685,2564,
80,2519,
138,196,
2011,2400,
2623,2710,
2643,236,
2535,2678,
319,2823,
391,2748,
2170,110242,
2817,2594,
49,2141,
200,2927,
163,225,
2834,2347,
272,2723,
272,2723,
272,2723,
2271,2028,
219,171,
132,568,
2016,2640,
282,233,
2214,2815,
2714,2069,
137,90,
2438,2122,
2851,2894,
12,30,14.0
2633,333,13.5
84,158,3.5
127,77,-6.25
2729,48,
113,2348,19.0
2029,2010,
2084,2050,11.0
2390,153,-6.0
2649,189,-32.0
2459,2117,-2.0
2005,167,-14.0
2653,2247,-19.5
2449,2571,
2006,2711,13.5
2692,147,
52,154,-23.5
239,2305,-33.5
257,222,
183,259,22.5
17,2094,
17,2094,
2619,227,
2120,2848,
2444,2105,
204,254,7.0
18,2972,
2570,2237,
2486,2721,
2617,2545,
205,2333,
2401,2673,
2382,2717,
2534,2000,
125,2654,
57,142,-13.5
203,2930,
149,16,
70,166,-4.0
2201,2627,
2502,13,
375,583,
2686,2062,
427,2302,
284,2441,
2134,2858,
2134,2858,
2003,2812,
2047,2256,
2429,2229,1.0
268,2832,
2171,2746,
2754,2460,
74,2042,
2377,2110,
2032,6,-4.5
2033,2191,
509,2399,
359,191,
2184,2523,
2296,2582,
2264,199,
2403,2118,
8,145,9.75
2744,2738,
2744,2738,
2744,2738,
2635,2197,
2453,2560,
242,2636,2.5
2825,2292,
248,202,-22.5
276,2226,-11.5
338,2335,
302,2458,
2587,2844,
93,2630,
2433,326,-10.0
2079,2828,
2287,79,
2464,304,
58,41,-20.0
2242,2102,
2320,2466,
2634,2198,
251,66,-17.0
2188,2315,
87,24,-3.0
99,2572,-24.5
2116,218,-3.75
3071,396,
2318,2475,
38,9,-11.0
275,194,10.5
2277,2447,
2395,2025,
2658,110243,
11,3101,
2049,2278,
2923,2850,
29,411,
415,2508,
68,36,-28.5
265,26,-10.5
23,2440,-2.5
62,2439,-9.5
2364,2587,
2191,2264,
259,2390,-4.5
6,2653,9.25
2193,455,
68,252,-7.5
2598,2184,
43,219,
218,58,6.25
118,2248,
25,2483,2.5
21,23,-23.0
2241,338,
189,193,0.0
2368,2166,
481,479,
379,110,
225,172,
2294,275,4.0
2830,2487,
2305,197,23.25
471,2808,
2085,390,
452,2702,
2579,113,-20.0
2280,15,
135,164,-17.5
110254,2825,
2467,417,
227,311,
2884,2557,
2909,18,
2306,251,1.0
2776,109,
587,2699,
97,152,-19.0
174,81,
2383,2779,
131,129,
2974,2148,
41,2116,4.5
77,84,-3.0
33,348,
2528,2749,
349,249,-17.5
2649,2117,-10.0
107,2329,
340,2977,
103,183,-3.5
2738,2740,
2738,2740,
2738,2740,
163,108,
2105,351,
2354,388,
109418,421,
48,2619,
2415,2428,
2394,121,
2842,2986,
341,3112,
110242,2560,
2089,2022,
509,101,
293,2951,
336,7,
2256,286,
2913,2444,
2234,323,
433,583,
2230,46,
2676,2075,
2291,2134,
2886,2392,
2667,216,
2700,2175,
2849,2686,
2972,2967,
548,366,
2828,2258,
2746,2274,
2222,437,
2060,284,
2422,246,
2083,322,
2601,2586,
2309,195,1.0
2551,2304,
2896,2970,
2688,297,
2102,2644,
2441,2038,
2532,2871,
47,2448,
128,2477,
2529,2523,
395,2220,
2516,2108,
2827,2846,
175,3110,
2614,2646,
2771,2583,
2413,294,
291,2938,
83,2980,
2086,2168,
40,274,
2969,2725,
2128,2666,
2803,2681,
2207,2804,
2221,247,
2894,3066,
398,2015,
173,365,
2315,209,
2074,2362,
191,317,
2245,2017,
237,184,
2262,2189,
89,2748,
2419,2023,
2233,86,
2249,2707,
2302,424,
112,2731,
2747,2643,
426,2733,
171,159,
2736,2940,
2838,2224,
2569,2169,
427,332,
2373,2047,
2371,2810,
2657,2310,
418,80,
223,2129,
2257,446,
6353,2741,
2079,2213,
262,268,
409,2151,
2237,2703,
2745,2743,
2844,2851,
2964,2685,
354,2283,
425,2594,
330,2339,
2450,2065,
215,2205,
568,2772,
63,49,
2005,62,-17.0
2832,2891,
2295,273,
236,2678,
2460,2623,
2171,2018,
2968,2600,
2316,308,
32,74,
188,359,
559,2817,
490,60,
124,2152,
2045,386,
67,2141,
2564,263,
2101,133,
210,2559,
2698,2401,
2232,2119,
2816,2402,
324,2115,
2106,306,
2331,2369,
147,331,
2524,2044,
2197,93,
2013,2805,
2424,2714,
266,2359,
2042,3071,
2723,2744,
2723,2744,
2723,2744,
2882,2107,
134,132,
2900,162,
2118,2687,
2635,2546,
271,272,
271,272,
271,272,
2071,2188,
2273,125,
2815,138,
2839,2336,
2121,2553,
2654,2911,
2398,143,
2050,2006,-3.5
79,282,
50,2261,
2927,319,
2201,487,
2400,2755,
2673,2170,
3,2519,
2781,2782,
2568,2271,
24,38,-1.5
3101,2146,
2069,2570,
2286,2919,
2122,2403,
2399,375,
2323,2396,
196,2438,
2458,16,
199,2033,
2640,2296,
2858,367,
233,2287,
2571,2754,
258,153,10.5
2818,2442,
2231,137,
241,2834,
90,2214,
2155,255,
2198,55,
613,2123,
2210,257,
2026,70,-21.5
119,160,
158,2509,-24.5
130,356,-40.0
2247,2630,-12.0
2335,2405,
242,2504,-21.5
2447,2534,
222,399,
333,245,-18.0
2426,235,-1.5
2459,2084,-24.0
2000,2916,
2848,2278,
277,2628,-6.0
2711,2199,-25.5
202,2655,-10.5
301,2674,
2829,2049,
142,2393,-8.75
2097,56,
2930,205,
415,2486,
26,254,-3.5
2721,203,
2028,2888,
2508,2333,
611,2385,
389,2043,
304,155,
2545,2277,
2823,200,
2582,2029,
2046,2382,
2843,402,
2812,2651,
276,2429,-8.25
2439,36,-1.5
2800,2790,
2292,2876,
2127,2506,
2003,126,
2682,556,
2963,2242,
2,8,-10.5
264,204,-37.0
2132,151,1.0
2704,2395,
98,295,-15.5
2535,2717,
2453,2822,
2710,2449,
2347,2056,
2695,53,
326,309,6.0
2194,2758,
2025,2837,
2466,2377,
2636,2638,-10.5
2588,2639,
2229,2348,18.0
2627,2658,
2464,149,
2567,248,23.5
2110,2320,
120,127,2.75
96,344,6.0
238,2634,-28.0
213,194,17.5
2641,201,16.5
253,2692,
2850,2094,
110243,2824,
166,290,14.0
396,75,
167,2433,-15.5
11,2001,
99,145,-8.5
13,302,
29,17,
9,265,7.5
411,2318,
2475,2923,
2440,2751,8.0
328,278,-20.5
2888,200,
221,259,3.5
2986,587,
290,2026,6.5
2084,2006,19.5
2649,195,-15.5
30,25,-19.5
2808,2221,
58,2426,-6.0
171,43,
328,21,4.5
278,2005,16.0
2085,173,
2127,2083,
258,97,32.5
2682,2477,
109,2557,
2884,40,
452,2776,
356,135,8.5
367,2291,
151,41,-6.5
113,2681,-23.0
2523,2115,
127,130,24.5
479,2280,
248,2116,-9.5
2646,2062,
2117,2309,-11.75
2056,2810,
160,2619,
2529,2598,
2129,210,
2184,2803,
209,2071,
2148,2249,
66,2306,6.0
197,277,4.5
2188,223,
2385,2858,
2830,2771,
110,2967,
399,2210,
2509,213,14.5
2134,215,
142,96,-7.5
2749,174,
114,2909,
2699,2974,
59,150,-6.5
2977,2394,
336,340,
152,103,-14.0
172,163,
322,46,
2329,2230,
583,2257,
128,2273,
284,2038,
2108,2828,
2886,2838,
2782,3110,
2119,2657,
246,2700,
2448,50,
2666,2842,
2702,274,
3162,2316,
2222,131,
2142,107,
110242,2695,
2725,2015,
341,2827,
2667,118,
374,175,
247,471,
2258,2079,
2551,2736,
286,2047,
2022,2441,
2790,2524,
2261,2569,
2553,80,
455,2128,
2102,2849,
2871,2896,
2089,2487,
2248,323,
2688,2516,
297,2213,
121,33,
2757,2398,
143,2963,
402,2972,
2304,395,
273,509,
2651,2003,
2368,301,
2846,2818,
101,2399,
2812,126,
421,3214,
2168,56,
219,225,
354,2800,
417,293,
2405,338,
2980,89,
2748,352,
15,481,
2369,2839,
2166,294,
2559,2315,
2274,2018,
2779,237,
2707,2882,
7,112,
388,2969,
2175,2422,
2392,308,
398,2354,
365,2781,
2951,2467,
2951,2467,
216,2234,
548,2373,
317,427,
2747,2382,
2220,2940,
2419,2233,
2310,2323,
2207,2676,
332,2302,
86,2074,
2362,2189,
359,426,
2678,231,
2262,190,
159,108,
2560,2698,
2733,191,
2107,2913,
424,188,
348,2731,
49,2685,
2546,2046,
262,255,
2450,2415,
133,2968,
386,2639,
266,2919,
2044,409,
3,2121,
330,2804,
2587,3066,
490,2013,
2674,2086,
2045,2588,
263,67,
2506,324,
2703,2025,
2146,2123,
2594,132,
2738,2745,
2359,2155,
2643,2193,
2832,2286,
2424,11,
75,2042,
2364,2894,
60,2232,
2442,2970,
2295,446,
268,65,
155,2692,
2118,2122,
162,124,
2741,2283,
2542,47,
2181,2097,
2772,134,
2152,2101,
2564,6845,
2141,63,
2824,2627,
2817,568,
2586,2402,
306,72,
559,425,
559,425,
2805,2396,
2687,137,
433,375,
2043,2851,
74,2106,
2938,2256,
2686,2614,
389,2844,
83,2171,
2740,2743,
2740,2743,
2740,2743,
2802,2900,
2822,351,
2151,6353,
2105,2336,
2001,3101,
2519,418,
2623,79,
2016,2582,
2438,2815,
2876,2816,
2630,2198,
3071,32,
2403,196,
2583,2060,
391,2746,
2287,2571,
2834,2371,
2264,2927,
613,2237,
2205,611,
2214,2231,
2744,272,
2744,272,
2744,272,
2568,199,
2033,2823,
233,2710,
2271,319,
55,2197,
2714,2570,
129,437,
2755,2029,
2170,2453,
2296,2504,
2729,311,
254,264,10.5
84,120,-3.5
138,90,
87,2390,-2.5
251,239,4.0
344,2535,-21.5
2335,2241,
61,57,-7.0
2226,98,21.0
256,227,
2717,236,
2545,2110,
194,77,-26.0
48,119,
2199,193,-7.0
218,2132,-8.5
2628,2641,-9.5
2723,271,
2723,271,
2723,271,
154,349,-7.0
331,149,
366,291,
93,2634,
2486,2508,
2065,2169,
2655,2567,1.5
2754,282,
2444,2331,
3112,2532,
17,2318,
2028,2191,
2333,2930,
205,2721,
2011,2010,
2094,411,
203,415,
304,253,
2483,9,-9.25
2758,241,
6,2247,-5.25
2843,379,
2837,2704,
2502,2458,
2292,2911,
2339,2075,
2069,316,
2916,2617,
2636,249,-4.5
2348,242,-29.5
2242,146,
2377,2000,
125,2224,
2572,276,-17.0
53,2673,
2751,68,14.5
2644,2845,
2229,2393,17.5
2320,2277,
2032,2433,-21.0
275,158,-8.75
2347,2194,
2460,2449,
2534,2640,
110254,2601,
201,2305,-40.0
2654,2825,
2466,2447,
145,2,4.25
2579,2633,14.5
245,166,-42.5
2395,110243,
52,228,4.5
2638,295,5.0
235,202,-6.0
2658,2201,
2278,2829,
2049,2120,
16,13,
2923,29,
2475,2850,
23,2439,3.0
204,265,14.0
12,24,4.0
62,167,-2.5
2050,2711,17.5
2459,189,-17.0
2006,2649,10.0
2006,2649,10.0
195,2084,-18.0
195,2084,-18.0
2447,2320,
2249,2699,
66,201,21.0
66,201,21.0
2247,2032,4.0
2247,2032,4.0
38,26,-13.5
193,2117,-1.0
41,218,10.5
68,23,-31.5
2426,87,-7.5
2967,18,
2532,2846,
2532,2846,
2134,367,
2909,402,
163,219,
2681,2184,
81,2528,
2273,2222,
2115,2529,
223,210,
587,2666,
2776,2702,
2776,2702,
2,238,-23.0
164,84,13.0
481,2951,
311,222,
349,2005,0.0
109418,3214,
103,97,25.0
356,127,9.75
2583,2830,
2974,2986,
77,275,6.0
274,2884,
2557,452,
3110,2781,
2280,2467,
374,173,
2477,131,
184,2749,
2441,2060,
2234,118,
2803,2523,
2127,2241,
2641,251,3.0
344,245,10.0
2017,2128,
237,2383,
2487,284,
145,290,-28.0
2828,297,
246,323,
2224,2886,
2842,455,
2390,221,-4.5
153,59,-12.5
2329,2083,
225,43,
340,121,
2977,7,
509,2295,
2614,2845,
2221,388,
2827,2871,
2651,2800,
2213,2108,
2230,2142,
294,2181,
2018,2980,
2644,2646,
2399,433,
2911,2876,
2746,352,
2079,2688,
2676,330,
2003,354,
2075,2207,
2119,2586,
80,2102,
2822,2105,
391,83,
2896,2442,
2707,2148,
2175,2248,
126,2741,
2198,93,
308,2682,
291,2256,
2779,174,
2771,2089,
390,365,
2601,2654,
2168,2674,
286,548,
399,48,
2086,2413,
2731,336,
143,418,
282,2460,
437,2838,
2686,2242,
109,40,
348,2394,
2972,110,
2913,2331,
3066,2043,
2304,2940,
2970,3112,
2038,2022,
338,2805,
421,3162,
101,583,
379,114,
15,417,
128,2392,
2858,2205,
471,398,
375,2257,
2700,216,
2804,2339,
2415,2065,
2171,89,
2516,2258,
2748,2274,
2790,2812,
2894,389,
2448,2569,
2015,2969,
108,171,
247,2725,
2818,341,
3111,2691,
2291,2385,
175,2085,
2808,2354,
2422,2667,
332,426,
112,33,
2849,2963,
395,2551,
46,107,
2188,209,
2315,2129,
427,2733,
2107,2839,
2373,2938,
2560,2401,
231,2747,
2362,2262,
191,188,
351,2369,
190,2419,
2023,2233,
2310,490,
172,159,
2062,146,
317,424,
2189,2074,
2302,359,
568,2594,
479,293,
2155,2891,
2844,2364,
2810,2194,
2710,2287,
2123,2069,
2692,2464,
253,147,
2619,2729,
6353,2044,
132,2817,
2919,2832,
2519,2121,
2283,2151,
2851,2587,
324,2405,
2323,60,
2237,2424,
32,75,
2106,3071,
137,2214,
2743,2744,
2743,2744,
2743,2744,
2546,55,
2504,2016,
2316,556,
124,2802,
263,49,
2717,2678,
119,2210,
2968,2900,
2232,2013,
2639,2045,
2197,2630,
65,262,
200,2271,
2643,2535,
2220,2736,
2169,2428,
409,2524,
2071,2559,
425,2772,
63,6845,
272,2738,
272,2738,
272,2738,
56,2368,
446,273,
2600,162,
2825,2816,
255,268,
2964,2564,
2964,2564,
2402,2292,
2146,2001,
2056,2371,
72,74,
2506,2335,
2698,53,
2042,396,
2685,67,
133,2152,
2588,386,
134,559,
2458,155,
2815,2403,
2553,2398,
2393,2636,-19.5
2453,110242,
319,2888,
2011,2296,
215,611,
2745,2723,
2823,2264,
2231,138,
2191,2568,
2122,2687,
2010,2755,
271,2740,
271,2740,
271,2740,
2695,2673,
79,233,
196,2118,
2757,3,
241,2347,
2396,2657,
11,613,
199,2028,
2571,2623,
2201,2824,
154,258,-2.0
90,2438,
129,125,
2927,2033,
2382,2193,
2026,326,-31.0
24,204,-16.5
257,256,
228,183,-27.5
2449,2754,
2029,2400,
130,120,-30.5
2132,252,7.75
2572,2429,-17.0
135,2509,-18.25
150,259,12.75
2306,197,-1.75
2721,2930,
36,278,-17.0
8,57,3.5
2617,2110,
2916,2545,
239,2628,-7.0
2653,113,-23.0
242,2226,-3.5
2567,235,3.0
2486,2333,
2318,2923,
2579,142,-4.5
2570,3101,
2633,2635,-41.0
2850,29,
2097,2166,
2120,2829,
2120,2829,
265,12,-16.0
17,411,
2508,203,
2046,2634,
2116,2655,-16.5
309,70,-4.5
2433,6,9.5
2336,2444,
415,205,
2542,2450,
2582,2640,
249,2348,19.5
98,2229,-34.5
2047,366,
2534,2377,
149,304,
2000,2466,
152,52,7.0
277,2305,-32.0
302,2502,
30,2483,-16.5
295,276,-8.75
2704,2025,
21,62,-20.0
2834,2758,
213,2294,-6.5
96,61,2.5
110243,2837,
202,151,-10.0
2638,2277,-26.0
2627,2395,
2658,2703,
194,158,-17.5
99,333,7.0
2278,2714,
2049,2848,
13,331,
2094,2475,
2751,328,-4.0
167,2440,-15.0
25,264,19.0
2050,2199,-1.5
2309,2711,21.0
2006,189,-10.5
2459,2649,7.0
2128,2842,
2986,2249,
150,153,11.0
290,309,-6.5
9,254,4.0
2909,2843,
2909,2843,
2909,2843,
2442,2827,
52,103,-21.0
219,108,
159,225,
2884,109,
174,184,
611,2559,
2441,2583,
2273,437,
2858,2315,
2749,2779,
323,2422,
2116,2132,-10.5
2477,308,
2426,202,-3.0
84,213,6.5
2305,66,10.5
121,348,
7,2731,
2682,2886,
2633,96,-14.0
131,125,
2134,223,
251,277,1.0
2089,2038,
338,2506,
336,2977,
2699,2707,
2699,2707,
2699,2707,
2967,402,
2385,209,
274,2776,
2528,237,
118,2700,
367,210,
2598,2115,
417,2951,
333,344,-29.5
2523,2681,
119,2729,
398,247,
481,2280,
201,239,-18.0
151,2567,-7.0
57,2579,-12.5
2509,77,13.5
2782,175,
2754,79,
160,399,
18,110,
2017,2316,
2022,2830,
2060,284,
2205,2129,
2184,2529,
479,15,
127,164,-17.0
2972,114,
183,152,7.5
2394,112,
33,340,
43,163,
455,587,
421,2399,
67,2964,
2193,2161,
2413,2097,
2467,293,
2047,2938,
2369,2913,
2368,2168,
2222,129,
2291,2071,
2781,2085,
3110,3162,
2062,2614,
3111,3178,
2248,2234,
2894,2844,
352,2171,
2666,2974,
126,2790,
548,291,
2213,2258,
110242,2698,
2702,2557,
2524,6353,
2084,193,10.0
2969,2221,
2364,389,
2287,2623,
2657,330,
171,172,
2274,391,
2771,2487,
354,2651,
2392,2224,
2980,2748,
2851,3066,
2256,2373,
2871,2818,
388,2015,
2725,2808,
2354,471,
2336,2822,
2108,2079,
65,2155,
2667,2175,
80,143,
2018,2746,
222,256,
2688,2828,
2261,2542,
215,2188,
365,374,
173,390,
2812,409,
2151,2741,
216,246,
2242,2849,
2142,322,
366,286,
297,2516,
2846,2970,
341,2532,
40,452,
2800,2003,
89,83,
2210,227,
2733,332,
424,191,
2023,2362,
359,317,
2838,128,
2233,2262,
2839,2105,
146,2644,
2845,2686,
426,2302,
2121,2757,
86,2189,
2074,190,
2678,2643,
188,427,
2564,2141,
2400,2016,
6845,263,
2371,2347,
324,2803,
2383,81,
2587,2043,
2685,63,
2569,2450,
74,306,
2692,13,
2825,2402,
3071,72,
2424,2001,
2891,268,
2194,2834,
75,2106,
2816,2654,
2428,47,
2271,2888,
2395,2201,
418,2553,
2703,2704,
2703,2704,
2703,2704,
2810,241,
2331,2107,
2169,2448,
2619,311,
132,2772,
2429,242,-11.5
2710,2460,
568,559,
2118,2815,
2674,294,
2101,2968,
155,2464,
2824,2658,
2876,2586,
2963,2102,
2286,266,
2882,2148,
396,32,
2181,2086,
2738,271,
2738,271,
2738,271,
53,2170,
2458,149,
2044,2283,
93,55,
2504,2582,
2594,134,
319,200,
162,2802,
2069,2146,
236,2747,
2817,425,
2152,2600,
255,2919,
2247,2433,-12.5
2758,2056,
386,2045,
258,2390,10.0
2398,2519,
490,3179,
2639,2588,
2832,2359,
2736,2075,
2740,272,
2740,272,
2740,272,
2900,133,
138,137,
3101,2237,
107,2230,
2191,199,
2695,556,
2438,2231,
2296,2010,
2401,2453,
2723,2743,
2723,2743,
2723,2743,
613,2714,
2264,2033,
2032,166,-18.5
2744,2745,
11,2049,
2120,2278,
252,253,-32.0
2292,2601,
2630,2546,
2687,2214,
2277,2617,
2640,2029,
3112,2896,
2755,2011,
2571,233,
2348,2636,-22.5
2110,2447,
87,349,-14.0
98,249,-28.5
2653,2026,-2.0
147,302,
2444,351,
120,194,27.5
228,221,-21.5
275,356,-24.5
142,238,-3.5
259,59,-14.0
197,2641,-10.5
295,2572,-1.0
2439,2751,7.5
2335,2127,
248,2655,-26.25
61,2,9.5
2535,2382,
257,48,
46,2083,
2449,282,
2333,2721,
301,56,
411,2475,
231,2717,
2923,17,
50,2415,
205,2508,
2483,24,3.0
2570,2123,
29,2094,
326,70,9.5
203,2486,
2634,2635,
2829,2848,
2122,196,
2850,2318,
2028,2568,
2403,90,
2046,2198,
2837,2627,
2226,2638,-4.5
2927,2823,
331,304,
2320,2916,
235,58,3.5
97,154,-34.5
2930,415,
2673,2560,
2466,2534,
62,68,22.0
276,2393,7.5
8,99,7.0
2310,2232,
2025,110243,
245,145,-7.5
158,135,-7.0
264,30,-9.0
2545,2000,
2294,130,24.0
26,204,-11.5
16,2502,
12,38,17.5
328,167,1.5
2005,36,-7.0
265,25,-17.5
2440,21,21.5
2117,195,-1.5
189,2309,2.5
2649,2050,-20.5
2199,2459,1.0
2447,2545,
324,2335,
248,97,17.5
2916,2277,
2653,2032,-10.0
2132,235,7.0
68,2439,-30.0
2502,331,
2127,338,
2083,2230,
227,119,
2089,2736,
53,2822,
2115,2184,
294,2368,
2302,354,
174,426,
2628,197,-6.0
3162,18,
242,2638,-2.0
2646,2746,
245,2636,-25.5
2986,2291,
61,309,-21.25
356,2294,8.0
2846,471,
2974,2038,
349,2415,-43.5
2681,2598,
172,219,
2729,257,
158,120,-13.25
127,194,20.0
2529,2803,
2222,2395,
2509,275,27.5
118,2516,
2702,2280,
239,2306,-2.5
2097,301,
59,258,-10.5
225,171,
322,2329,
108,43,
152,2390,2.5
2600,272,
2745,6353,
2673,2882,
47,2169,
2810,203,
2166,2413,
56,2181,
311,160,
396,2938,
2444,2657,
3071,86,
399,2619,
271,143,
2371,29,
103,41,-8.0
2894,2049,
99,57,-14.0
2261,2450,
2141,2919,
2142,46,
2900,583,
163,159,
2569,2542,
2747,2678,
256,2210,
2241,2405,
2428,2448,
2429,2393,5.0
50,2065,
2264,2118,
2214,134,
2586,2146,
2198,2197,
252,113,-27.5
149,147,
2546,2634,
254,2483,-11.5
55,2630,
2247,290,3.0
2026,2433,-26.5
2635,93,
2016,2296,
2623,2754,
233,2449,
79,2710,
221,150,-8.0
2640,2755,
2382,231,
2837,11,
135,77,1.0
2029,2504,
2193,2535,
2534,2110,
130,84,-24.25
153,2643,-23.5
2305,251,23.5
2655,218,15.0
2751,21,9.75
2711,2084,-35.0
183,52,23.0
48,222,
2633,142,-17.5
38,265,-6.0
87,259,-1.0
66,2641,3.5
2617,2466,
2464,253,
151,2426,7.75
2440,328,7.0
2579,2717,-30.5
302,16,
96,2046,-46.5
304,2692,
2460,2571,
2582,2400,
166,326,-9.75
249,2572,6.0
25,24,10.0
2226,295,8.5
333,236,-49.0
278,62,3.0
6,2506,-28.0
2567,58,12.5
2377,2320,
154,228,23.5
344,8,-1.0
2229,276,2.5
2,2010,-54.0
264,9,-26.5
164,213,24.5
238,145,9.5
277,201,3.5
2116,202,-1.25
13,2458,
36,167,-7.0
204,12,-3.0
23,2005,11.0
26,30,13.0
193,2050,-7.5
2199,2117,0.0
195,2006,-11.0
2011,2396,
245,99,6.5
235,248,5.0
2309,2459,7.0
153,152,-9.5
142,8,8.0
189,2084,-11.0
2294,158,-3.0
2005,68,7.25
251,2628,-3.0
265,264,6.25
2572,2348,15.0
2711,2649,-7.25
2641,239,-4.0
202,2132,-22.0
12,9,1.5
61,59,-4.5
120,164,-15.5
2222,2146,
259,258,-19.5
309,2032,6.0
2306,2305,-24.0
58,2116,-12.5
118,426,
97,96,-28.25
2089,2974,
2702,365,
2302,2846,
2822,2657,
84,2509,-21.5
194,130,-3.5
77,356,-16.5
221,183,-26.0
271,2600,
3071,396,
2542,2415,
2453,2882,
2894,2264,
2371,203,
125,2837,
2745,2746,
2858,2291,
2141,2900,
2569,2065,
324,2261,
222,2598,-18.0
160,2329,2.5
236,2692,-16.5
257,2448,-11.5
2747,2127,-1.0
138,2214,
2110,2287,2.0
154,103,-3.0
2567,2426,7.0
333,2,-20.5
66,277,7.25
295,2229,-14.0
30,87,-17.5
2390,150,-16.0
213,127,-11.0
275,135,-14.0
70,6,-6.75
278,23,3.5
145,344,-10.0
41,2655,1.5
2439,2440,-9.5
204,2483,2.5
326,2653,28.5
2638,249,4.0
166,2026,20.0
2754,2535,-13.0
2582,2755,
2393,2226,-16.5
25,26,3.0
276,98,28.0
2636,2429,-11.5
13,301,-12.5
228,2579,-27.0
238,2633,7.0
38,254,-10.5
218,151,-23.0
24,242,-34.0
52,57,-8.5
21,36,-11.5
167,2751,3.0
252,328,-17.0
62,113,-9.0
195,2711,-16.5
264,38,-8.5
2426,218,-2.0
98,2348,-12.0
290,2653,7.0
2628,2306,-4.0
365,426,
201,197,-12.0
2858,2974,
2745,2302,
2453,2822,
125,2222,
2371,396,
2900,271,
6,166,-11.5
55,2754,-5.5
256,160,-14.0
138,2264,
2571,222,-12.0
2433,309,5.25
2534,236,-9.0
277,239,-17.25
2449,301,-25.5
2016,2755,
331,2110,-14.0
57,333,-23.5
70,2247,-4.0
155,257,-3.0
2643,2747,-2.5
2201,2231,
326,2032,25.5
2751,21,7.0
213,275,-3.0
259,228,-11.0
256,2534,-7.5
2449,2571,-14.0
2974,2453,
271,2302,
2754,2747,-5.5
349,2426,-4.5
138,2222,
331,257,-14.5
2371,426,
2449,256,
271,2371,
2755,2428,
2636,167,
21,248,5.0
138,2453,
2649,2026,1.0
2116,2032,-4.0
331,2754,
309,2572,
202,2117,-13.5
98,235,
2751,252,
36,70,
295,2199,-6.0
2426,2348,7.0
2653,195,
2393,62,
344,193,-14.5
103,120,1.0
238,152,
249,349,10.5
154,218,
265,135,
239,68,
77,221,
2390,277,-3.0
254,84,
2306,245,
2579,58,10.5
259,8,-7.0
38,197,
2628,61,
153,24,
2633,158,-9.5
2005,6,-14.0
52,130,
97,99,3.0
96,59,
333,264,-12.5
228,194,
2294,57,
275,2711,-7.5
213,30,7.0
201,2,
333,228,
